Workbook
Name AL: #REF!
Name AL: #REF!
Name AL: #REF!
Name AL: #REF!
Name BE: [1]Gdm!#REF!
Name BE: [1]Gdm!#REF!
Name BE: [1]Gdm!#REF!
Name BE: [1]Gdm!#REF!
Name BE: [1]Gdm!#REF!
Name BEOP: #REF!
Name BEOP: #REF!
Name BEOP: #REF!
Name BEOP: #REF!
Name beta: #REF!
Name beta: #REF!
Name beta: #REF!
Name beta: #REF!
Name beta: #REF!
Name beta: #REF!
Name BOP: #REF!
Name BOP: #REF!
Name BOP: #REF!
Name BOP: #REF!
Name decli1: 'Ej.Lat -32'!$C$5
Name decli1: 'Ej-2a_TraySol_Mad'!$C$5
Name decli1: 'Ej-2b_Munich'!$C$5
Name decli1: 'Ej-2c_CMex'!$C$5
Name decli1: #REF!
Name Hp: #REF!
Name Hp: #REF!
Name Hp: #REF!
Name Hp: #REF!
Name Hp: #REF!
Name Hp: #REF!
Name Hp: #REF!
Name Hvp: #REF!
Name Hvp: #REF!
Name Hvp: #REF!
Name Hvp: #REF!
Name Hvp: #REF!
Name Hvp: #REF!
Name l: #REF!
Name l: #REF!
Name l: #REF!
Name l: #REF!
Name l: #REF!
Name l: #REF!
Name LAT: [1]Ghm!$C$4
Name lm: #REF!
Name lm: #REF!
Name lm: #REF!
Name lm: #REF!
Name lm: #REF!
Name lm: #REF!
Name lm: #REF!

Sheet Ej-1a_PosicSol_Madrid
A1: Lugar: | B1: Madrid | G1: Día | H1: Mes | I1: nº días/mes | J1: Día Juliano
H2: Enero | I2: 31 | J2: =IF(G2<>"",G2,"")
A3: Latitud | C3: Longitud | H3: Febrero | I3: 28 | J3: =IF(G3<>"",I2+G3,"")
A4: (º) | B4: (rad) | C4: (º) | G4: 22 | H4: Marzo | I4: 31 | J4: =IF(G4<>"",G4+I2+I3,"") -> 81
A5: =40+26/60 -> 40.433333 | B5: =RADIANS(A5) -> 0.70569479 | C5: =3+42/60 -> 3.7 | H5: Abril | I5: 30 | J5: =IF(G5<>"",G5+I2+I3+I4,"")
H6: Mayo | I6: 31 | J6: =IF(G6<>"",G6+I2+I3+I4+I5,"")
G7: 21 | H7: Junio | I7: 30 | J7: =IF(G7<>"",G7+I2+I3+I4+I5+I6,"") -> 172
H8: Julio | I8: 31 | J8: =IF(G8<>"",G8+I2+I3+I4+I5+I6+I7,"")
H9: Agosto | I9: 31 | J9: =IF(G9<>"",G9+I2+I3+I4+I5+I6+I7+I8,"")
G10: 21 | H10: Septiembre | I10: 30 | J10: =IF(G10<>"",G10+I2+I3+I4+I5+I6+I7+I8+I9,"") -> 264
G11: 24 | H11: Octubre | I11: 31 | J11: =IF(G11<>"",G11+I2+I3+I4+I5+I6+I7+I8+I9+I10,"") -> 297
H12: Noviembre | I12: 30 | J12: =IF(G12<>"",G12+I2+I3+I4+I5+I6+I7+I8+I9+I10+I11,"")
G13: 21 | H13: Diciembre | I13: 31 | J13: =IF(G13<>"",G13+I2+I3+I4+I5+I6+I7+I8+I9+I10+I11+I12,"") -> 355
A16: Día | B16: Declinación, d (º) | D16: Salida del sol, ws | G16: ET | I16: AO | J16: TO | K16: Máxima gs
A17: juliano | B17: (º) | C17: (rad) | D17: (rad) | E17: (º) | F17: (h) | G17: (min) | H17: (h) | I17: (h) | J17: (h) | K17: (rad) | L17: (º)
A18: 297 | B18: =23.45*SIN(RADIANS((360/365)*(A18+284))) -> -12.785888 | C18: =RADIANS(B18) -> -0.22315585 | D18: =-ACOS(-TAN(C18)*TAN($B$5)) -> -1.3762056 | E18: =DEGREES(D18) -> -78.850775 | F18: =E18/15 -> -5.2567184 | G18: =-7.64*SIN(RADIANS(A18-2))+9.86*SIN(RADIANS(2*(A18-80))) -> 16.402232 | H18: =G18/60 -> 0.27337053 | I18: 1 | J18: =F18+12-H18+I18+($C$5-0)/15 -> 7.7165778 | K18: =ASIN(SIN(C18)*SIN($B$5)+COS(C18)*COS($B$5)) -> 0.64194568 | L18: =DEGREES(K18) -> 36.780778
J19: =TEXT(INT(J18),"#") & " horas" -> 7 horas
J20: =TEXT((J18-INT(J18))*60,"#") & " minutos" -> 43 minutos

Sheet Ej-1b_Munich
A1: Lugar: | B1: Múnich | G1: Día | H1: Mes | I1: nº días/mes | J1: Día Juliano
G2: 24 | H2: Enero | I2: 31 | J2: =IF(G2<>"",G2,"") -> 24
A3: Latitud | C3: Longitud | H3: Febrero | I3: 28 | J3: =IF(G3<>"",I2+G3,"")
A4: (º) | B4: (rad) | C4: (º) | G4: 22 | H4: Marzo | I4: 31 | J4: =IF(G4<>"",G4+I2+I3,"") -> 81
A5: =48+8/60 -> 48.133333 | B5: =RADIANS(A5) -> 0.84008515 | C5: =11.575 -> 11.575 | H5: Abril | I5: 30 | J5: =IF(G5<>"",G5+I2+I3+I4,"")
H6: Mayo | I6: 31 | J6: =IF(G6<>"",G6+I2+I3+I4+I5,"")
G7: 21 | H7: Junio | I7: 30 | J7: =IF(G7<>"",G7+I2+I3+I4+I5+I6,"") -> 172
H8: Julio | I8: 31 | J8: =IF(G8<>"",G8+I2+I3+I4+I5+I6+I7,"")
H9: Agosto | I9: 31 | J9: =IF(G9<>"",G9+I2+I3+I4+I5+I6+I7+I8,"")
G10: 21 | H10: Septiembre | I10: 30 | J10: =IF(G10<>"",G10+I2+I3+I4+I5+I6+I7+I8+I9,"") -> 264
H11: Octubre | I11: 31
H12: Noviembre | I12: 30 | J12: =IF(G12<>"",G12+I2+I3+I4+I5+I6+I7+I8+I9+I10+I11,"")
G13: 21 | H13: Diciembre | I13: 31 | J13: =IF(G13<>"",G13+I2+I3+I4+I5+I6+I7+I8+I9+I10+I11+I12,"") -> 355
A16: Día | B16: Declinación, d (º) | D16: Salida del sol, ws | G16: ET | I16: AO | J16: TO | K16: Máxima gs
A17: juliano | B17: (º) | C17: (rad) | D17: (rad) | E17: (º) | F17: (h) | G17: (min) | H17: (h) | I17: (h) | J17: (h) | K17: (rad) | L17: (º)
A18: ='Ej-1a_PosicSol_Madrid'!A18 -> 297 | B18: =23.45*SIN(RADIANS((360/365)*(A18+284))) -> -12.785888 | C18: =RADIANS(B18) -> -0.22315585 | D18: =-ACOS(-TAN(C18)*TAN($B$5)) -> -1.3147892 | E18: =DEGREES(D18) -> -75.331869 | F18: =E18/15 -> -5.0221246 | G18: =-7.64*SIN(RADIANS(A18-2))+9.86*SIN(RADIANS(2*(A18-80))) -> 16.402232 | H18: =G18/60 -> 0.27337053 | I18: 1 | J18: =F18+12-H18+I18+($C$5-0)/15 -> 8.4761715 | K18: =ASIN(SIN(C18)*SIN($B$5)+COS(C18)*COS($B$5)) -> 0.50755533 | L18: =DEGREES(K18) -> 29.080778
J19: =TEXT(INT(J18),"#") & " horas" -> 8 horas
J20: =TEXT((J18-INT(J18))*60,"#") & " minutos" -> 29 minutos

Sheet Ej-1c_CMexico
A1: Lugar: | B1: Ciudad de México | G1: Día | H1: Mes | I1: nº días/mes | J1: Día Juliano
G2: 24 | H2: Enero | I2: 31 | J2: =IF(G2<>"",G2,"") -> 24
A3: Latitud | C3: Longitud | H3: Febrero | I3: 28 | J3: =IF(G3<>"",I2+G3,"")
A4: (º) | B4: (rad) | C4: (º) | G4: 22 | H4: Marzo | I4: 31 | J4: =IF(G4<>"",G4+I2+I3,"") -> 81
A5: =19+28/60 -> 19.466667 | B5: =RADIANS(A5) -> 0.33975743 | C5: =99+9/60 -> 99.15 | H5: Abril | I5: 30 | J5: =IF(G5<>"",G5+I2+I3+I4,"")
H6: Mayo | I6: 31 | J6: =IF(G6<>"",G6+I2+I3+I4+I5,"")
G7: 21 | H7: Junio | I7: 30 | J7: =IF(G7<>"",G7+I2+I3+I4+I5+I6,"") -> 172
H8: Julio | I8: 31 | J8: =IF(G8<>"",G8+I2+I3+I4+I5+I6+I7,"")
H9: Agosto | I9: 31 | J9: =IF(G9<>"",G9+I2+I3+I4+I5+I6+I7+I8,"")
G10: 21 | H10: Septiembre | I10: 30 | J10: =IF(G10<>"",G10+I2+I3+I4+I5+I6+I7+I8+I9,"") -> 264
H11: Octubre | I11: 31 | J11: =IF(G11<>"",G11+I2+I3+I4+I5+I6+I7+I8+I9+I10,"")
H12: Noviembre | I12: 30 | J12: =IF(G12<>"",G12+I2+I3+I4+I5+I6+I7+I8+I9+I10+I11,"")
G13: 21 | H13: Diciembre | I13: 31 | J13: =IF(G13<>"",G13+I2+I3+I4+I5+I6+I7+I8+I9+I10+I11+I12,"") -> 355
A16: Día | B16: Declinación, d (º) | D16: Salida del sol, ws | G16: ET | I16: AO | J16: TO | K16: Máxima gs
A17: juliano | B17: (º) | C17: (rad) | D17: (rad) | E17: (º) | F17: (h) | G17: (min) | H17: (h) | I17: (h) | J17: (h) | K17: (rad) | L17: (º)
A18: ='Ej-1a_PosicSol_Madrid'!A18 -> 297 | B18: =23.45*SIN(RADIANS((360/365)*(A18+284))) -> -12.785888 | C18: =RADIANS(B18) -> -0.22315585 | D18: =-ACOS(-TAN(C18)*TAN($B$5)) -> -1.4904966 | E18: =DEGREES(D18) -> -85.399162 | F18: =E18/15 -> -5.6932775 | G18: =-7.64*SIN(RADIANS(A18-2))+9.86*SIN(RADIANS(2*(A18-80))) -> 16.402232 | H18: =G18/60 -> 0.27337053 | I18: -6 | J18: =F18+12-H18+I18+($C$5-0)/15 -> 6.643352 | K18: =ASIN(SIN(C18)*SIN($B$5)+COS(C18)*COS($B$5)) -> 1.0078831 | L18: =DEGREES(K18) -> 57.747445
J19: =TEXT(INT(J18),"#") & " horas" -> 6 horas
J20: =TEXT((J18-INT(J18))*60,"#") & " minutos" -> 39 minutos

Sheet Ej-2a_TraySol_Mad
C3: S.Junio | I3: Equinocios | O3: S.Diciembre | R3: Día, dn= | S3: ='Ej-1a_PosicSol_Madrid'!A18 -> 297
C4: (rad) | F4: (º) | G4: (rad) | L4: (º) | M4: (rad) | O4: (º) | P4: (rad) | R4: Declinación (º) | S4: (rad)
A5: Declinación (º): | B5: 23.45 | C5: =RADIANS(B5) -> 0.40927971 | F5: =B5/2 -> 11.725 | G5: =RADIANS(F5) -> 0.20463985 | I5: 0 | J5: =RADIANS(I5) -> 0 | L5: =-F5 -> -11.725 | M5: =RADIANS(L5) -> -0.20463985 | O5: =-B5 -> -23.45 | P5: =RADIANS(O5) -> -0.40927971 | R5: =IF(S3<>"",23.45*SIN(RADIANS(360*(S3+284)/365)),"") -> -12.785888 | S5: =RADIANS(R5) -> -0.22315585 | W5: 1 | X5: 17 | Z5: 7 | AA5: 198
A6: Latitud (º): | B6: 40.45 | C6: =RADIANS(B6) -> 0.70598568 | W6: 2 | X6: 46 | Z6: 8 | AA6: 228
D7: SVER | J7: EQUI | P7: SINV
D8: Elevación | E8: Acimut | W8: =A10 -> -120 | X8: =A25 -> -105 | Y8: =A40 -> -90 | Z8: =A55 -> -75 | AA8: =A70 -> -60 | AB8: =A85 -> -45 | AC8: =A100 -> -30 | AD8: =A115 -> -15 | AE8: =A131 -> 0.001 | AF8: =A146 -> 15 | AG8: =A161 -> 30 | AH8: =A176 -> 45 | AI8: =A191 -> 60 | AJ8: =A206 -> 75 | AK8: =A221 -> 90 | AL8: =A236 -> 105 | AM8: =A251 -> 120
A9: w (º) | B9: w (rad) | C9: JZS (º) | D9: gS (º) | E9: yS (º) | F9: JZS (º) | G9: gS (º) | H9: yS (º) | I9: JZS (º) | J9: gS (º) | K9: yS (º) | L9: JZS (º) | M9: gS (º) | N9: yS (º) | O9: JZS (º) | P9: gS (º) | Q9: yS (º) | R9: JZS (º) | S9: gS (º) | T9: yS (º) | V9: yS | W9: w = -8 | X9: w = -7 | Y9: w = -6 | Z9: w = -5 | AA9: w = -4 | AB9: w = -3 | AC9: w = -2 | AD9: w = -1 | AE9: w = 0 | AF9: w = 1 | AG9: w = 2 | AH9: w = 3 | AI9: w = 4 | AJ9: w = 5 | AK9: w = 6 | AL9: w = 7 | AM9: w = 8
A10: -120 | B10: =RADIANS(A10) -> -2.0943951 | C10: =DEGREES(ACOS(SIN(C$5)*SIN($C$6)+COS(C$5)*COS($C$6)*COS($B10))) -> 95.214131 | D10: =90-C10 -> -5.2141306 | E10: =DEGREES(-ACOS((SIN(RADIANS(D10))*SIN($C$6)-SIN(C$5))/(COS(RADIANS(D10))*COS($C$6)))) -> -127.0795 | F10: =DEGREES(ACOS(SIN(G$5)*SIN($C$6)+COS(G$5)*COS($C$6)*COS($B10))) -> 103.92814 | G10: =90-F10 -> -13.928135 | H10: =DEGREES(-ACOS((SIN(RADIANS(G10))*SIN($C$6)-SIN(G$5))/(COS(RADIANS(G10))*COS($C$6)))) -> -119.11539 | I10: =DEGREES(ACOS(SIN(J$5)*SIN($C$6)+COS(J$5)*COS($C$6)*COS($B10))) -> 112.3638 | J10: =90-I10 -> -22.363803 | K10: =DEGREES(-ACOS((SIN(RADIANS(J10))*SIN($C$6)-SIN(J$5))/(COS(RADIANS(J10))*COS($C$6)))) -> -110.53473 | L10: =DEGREES(ACOS(SIN(M$5)*SIN($C$6)+COS(M$5)*COS($C$6)*COS($B10))) -> 120.29083 | M10: =90-L10 -> -30.290832 | N10: =DEGREES(-ACOS((SIN(RADIANS(M10))*SIN($C$6)-SIN(M$5))/(COS(RADIANS(M10))*COS($C$6)))) -> -100.87995 | O10: =DEGREES(ACOS(SIN(P$5)*SIN($C$6)+COS(P$5)*COS($C$6)*COS($B10))) -> 127.39048 | P10: =90-O10 -> -37.390476 | Q10: =DEGREES(-ACOS((SIN(RADIANS(P10))*SIN($C$6)-SIN(P$5))/(COS(RADIANS(P10))*COS($C$6)))) -> -89.622976 | R10: =DEGREES(ACOS(SIN(S$5)*SIN($C$6)+COS(S$5)*COS($C$6)*COS($B10))) -> 120.97293 | S10: =90-R10 -> -30.972926 | T10: =DEGREES(-ACOS((SIN(RADIANS(S10))*SIN($C$6)-SIN(S$5))/(COS(RADIANS(S10))*COS($C$6)))) -> -99.935621 | V10: =E10 -> -127.0795 | W10: =D10 -> -5.2141306
A11: -119 | B11: =RADIANS(A11) -> -2.0769418 | C11: =DEGREES(ACOS(SIN(C$5)*SIN($C$6)+COS(C$5)*COS($C$6)*COS($B11))) -> 94.604284 | D11: =90-C11 -> -4.6042839 | E11: =DEGREES(-ACOS((SIN(RADIANS(D11))*SIN($C$6)-SIN(C$5))/(COS(RADIANS(D11))*COS($C$6)))) -> -126.39162 | F11: =DEGREES(ACOS(SIN(G$5)*SIN($C$6)+COS(G$5)*COS($C$6)*COS($B11))) -> 103.26095 | G11: =90-F11 -> -13.260951 | H11: =DEGREES(-ACOS((SIN(RADIANS(G11))*SIN($C$6)-SIN(G$5))/(COS(RADIANS(G11))*COS($C$6)))) -> -118.37809 | I11: =DEGREES(ACOS(SIN(J$5)*SIN($C$6)+COS(J$5)*COS($C$6)*COS($B11))) -> 111.64944 | J11: =90-I11 -> -21.649443 | K11: =DEGREES(-ACOS((SIN(RADIANS(J11))*SIN($C$6)-SIN(J$5))/(COS(RADIANS(J11))*COS($C$6)))) -> -109.77995 | L11: =DEGREES(ACOS(SIN(M$5)*SIN($C$6)+COS(M$5)*COS($C$6)*COS($B11))) -> 119.54264 | M11: =90-L11 -> -29.542644 | N11: =DEGREES(-ACOS((SIN(RADIANS(M11))*SIN($C$6)-SIN(M$5))/(COS(RADIANS(M11))*COS($C$6)))) -> -100.15125 | O11: =DEGREES(ACOS(SIN(P$5)*SIN($C$6)+COS(P$5)*COS($C$6)*COS($B11))) -> 126.62956 | P11: =90-O11 -> -36.629564 | Q11: =DEGREES(-ACOS((SIN(RADIANS(P11))*SIN($C$6)-SIN(P$5))/(COS(RADIANS(P11))*COS($C$6)))) -> -88.98117 | R11: =DEGREES(ACOS(SIN(S$5)*SIN($C$6)+COS(S$5)*COS($C$6)*COS($B11))) -> 120.22256 | S11: =90-R11 -> -30.222556 | T11: =DEGREES(-ACOS((SIN(RADIANS(S11))*SIN($C$6)-SIN(S$5))/(COS(RADIANS(S11))*COS($C$6)))) -> -99.211984 | V11: =H10 -> -119.11539 | W11: =G11 -> -13.260951
A12: -118 | B12: =RADIANS(A12) -> -2.0594885 | C12: =DEGREES(ACOS(SIN(C$5)*SIN($C$6)+COS(C$5)*COS($C$6)*COS($B12))) -> 93.989038 | D12: =90-C12 -> -3.989038 | E12: =DEGREES(-ACOS((SIN(RADIANS(D12))*SIN($C$6)-SIN(C$5))/(COS(RADIANS(D12))*COS($C$6)))) -> -125.70918 | F12: =DEGREES(ACOS(SIN(G$5)*SIN($C$6)+COS(G$5)*COS($C$6)*COS($B12))) -> 102.58913 | G12: =90-F12 -> -12.589132 | H12: =DEGREES(-ACOS((SIN(RADIANS(G12))*SIN($C$6)-SIN(G$5))/(COS(RADIANS(G12))*COS($C$6)))) -> -117.64727 | I12: =DEGREES(ACOS(SIN(J$5)*SIN($C$6)+COS(J$5)*COS($C$6)*COS($B12))) -> 110.93171 | J12: =90-I12 -> -20.931706 | K12: =DEGREES(-ACOS((SIN(RADIANS(J12))*SIN($C$6)-SIN(J$5))/(COS(RADIANS(J12))*COS($C$6)))) -> -109.03263 | L12: =DEGREES(ACOS(SIN(M$5)*SIN($C$6)+COS(M$5)*COS($C$6)*COS($B12))) -> 118.79276 | M12: =90-L12 -> -28.792758 | N12: =DEGREES(-ACOS((SIN(RADIANS(M12))*SIN($C$6)-SIN(M$5))/(COS(RADIANS(M12))*COS($C$6)))) -> -99.430226 | O12: =DEGREES(ACOS(SIN(P$5)*SIN($C$6)+COS(P$5)*COS($C$6)*COS($B12))) -> 125.8688 | P12: =90-O12 -> -35.868802 | Q12: =DEGREES(-ACOS((SIN(RADIANS(P12))*SIN($C$6)-SIN(P$5))/(COS(RADIANS(P12))*COS($C$6)))) -> -88.345392 | R12: =DEGREES(ACOS(SIN(S$5)*SIN($C$6)+COS(S$5)*COS($C$6)*COS($B12))) -> 119.47065 | S12: =90-R12 -> -29.470655 | T12: =DEGREES(-ACOS((SIN(RADIANS(S12))*SIN($C$6)-SIN(S$5))/(COS(RADIANS(S12))*COS($C$6)))) -> -98.495984 | V12: =K10 -> -110.53473 | W12: =J10 -> -22.363803
A13: -117 | B13: =RADIANS(A13) -> -2.0420352 | C13: =DEGREES(ACOS(SIN(C$5)*SIN($C$6)+COS(C$5)*COS($C$6)*COS($B13))) -> 93.368523 | D13: =90-C13 -> -3.3685225 | E13: =DEGREES(-ACOS((SIN(RADIANS(D13))*SIN($C$6)-SIN(C$5))/(COS(RADIANS(D13))*COS($C$6)))) -> -125.03206 | F13: =DEGREES(ACOS(SIN(G$5)*SIN($C$6)+COS(G$5)*COS($C$6)*COS($B13))) -> 101.91283 | G13: =90-F13 -> -11.912829 | H13: =DEGREES(-ACOS((SIN(RADIANS(G13))*SIN($C$6)-SIN(G$5))/(COS(RADIANS(G13))*COS($C$6)))) -> -116.92273 | I13: =DEGREES(ACOS(SIN(J$5)*SIN($C$6)+COS(J$5)*COS($C$6)*COS($B13))) -> 110.21075 | J13: =90-I13 -> -20.210749 | K13: =DEGREES(-ACOS((SIN(RADIANS(J13))*SIN($C$6)-SIN(J$5))/(COS(RADIANS(J13))*COS($C$6)))) -> -108.29244 | L13: =DEGREES(ACOS(SIN(M$5)*SIN($C$6)+COS(M$5)*COS($C$6)*COS($B13))) -> 118.04131 | M13: =90-L13 -> -28.041311 | N13: =DEGREES(-ACOS((SIN(RADIANS(M13))*SIN($C$6)-SIN(M$5))/(COS(RADIANS(M13))*COS($C$6)))) -> -98.716499 | O13: =DEGREES(ACOS(SIN(P$5)*SIN($C$6)+COS(P$5)*COS($C$6)*COS($B13))) -> 125.10828 | P13: =90-O13 -> -35.108284 | Q13: =DEGREES(-ACOS((SIN(RADIANS(P13))*SIN($C$6)-SIN(P$5))/(COS(RADIANS(P13))*COS($C$6)))) -> -87.715247 | R13: =DEGREES(ACOS(SIN(S$5)*SIN($C$6)+COS(S$5)*COS($C$6)*COS($B13))) -> 118.71736 | S13: =90-R13 -> -28.717356 | T13: =DEGREES(-ACOS((SIN(RADIANS(S13))*SIN($C$6)-SIN(S$5))/(COS(RADIANS(S13))*COS($C$6)))) -> -97.787221 | V13: =N10 -> -100.87995 | W13: =M10 -> -30.290832
A14: -116 | B14: =RADIANS(A14) -> -2.0245819 | C14: =DEGREES(ACOS(SIN(C$5)*SIN($C$6)+COS(C$5)*COS($C$6)*COS($B14))) -> 92.742864 | D14: =90-C14 -> -2.7428644 | E14: =DEGREES(-ACOS((SIN(RADIANS(D14))*SIN($C$6)-SIN(C$5))/(COS(RADIANS(D14))*COS($C$6)))) -> -124.36014 | F14: =DEGREES(ACOS(SIN(G$5)*SIN($C$6)+COS(G$5)*COS($C$6)*COS($B14))) -> 101.23219 | G14: =90-F14 -> -11.232187 | H14: =DEGREES(-ACOS((SIN(RADIANS(G14))*SIN($C$6)-SIN(G$5))/(COS(RADIANS(G14))*COS($C$6)))) -> -116.20425 | I14: =DEGREES(ACOS(SIN(J$5)*SIN($C$6)+COS(J$5)*COS($C$6)*COS($B14))) -> 109.48672 | J14: =90-I14 -> -19.486719 | K14: =DEGREES(-ACOS((SIN(RADIANS(J14))*SIN($C$6)-SIN(J$5))/(COS(RADIANS(J14))*COS($C$6)))) -> -107.5591 | L14: =DEGREES(ACOS(SIN(M$5)*SIN($C$6)+COS(M$5)*COS($C$6)*COS($B14))) -> 117.28843 | M14: =90-L14 -> -27.288434 | N14: =DEGREES(-ACOS((SIN(RADIANS(M14))*SIN($C$6)-SIN(M$5))/(COS(RADIANS(M14))*COS($C$6)))) -> -98.009683 | O14: =DEGREES(ACOS(SIN(P$5)*SIN($C$6)+COS(P$5)*COS($C$6)*COS($B14))) -> 124.3481 | P14: =90-O14 -> -34.348097 | Q14: =DEGREES(-ACOS((SIN(RADIANS(P14))*SIN($C$6)-SIN(P$5))/(COS(RADIANS(P14))*COS($C$6)))) -> -87.090356 | R14: =DEGREES(ACOS(SIN(S$5)*SIN($C$6)+COS(S$5)*COS($C$6)*COS($B14))) -> 117.96279 | S14: =90-R14 -> -27.962787 | T14: =DEGREES(-ACOS((SIN(RADIANS(S14))*SIN($C$6)-SIN(S$5))/(COS(RADIANS(S14))*COS($C$6)))) -> -97.085308 | V14: =Q10 -> -89.622976 | W14: =P10 -> -37.390476
A15: -115 | B15: =RADIANS(A15) -> -2.0071286 | C15: =DEGREES(ACOS(SIN(C$5)*SIN($C$6)+COS(C$5)*COS($C$6)*COS($B15))) -> 92.112189 | D15: =90-C15 -> -2.1121887 | E15: =DEGREES(-ACOS((SIN(RADIANS(D15))*SIN($C$6)-SIN(C$5))/(COS(RADIANS(D15))*COS($C$6)))) -> -123.6933 | F15: =DEGREES(ACOS(SIN(G$5)*SIN($C$6)+COS(G$5)*COS($C$6)*COS($B15))) -> 100.54735 | G15: =90-F15 -> -10.547348 | H15: =DEGREES(-ACOS((SIN(RADIANS(G15))*SIN($C$6)-SIN(G$5))/(COS(RADIANS(G15))*COS($C$6)))) -> -115.49163 | I15: =DEGREES(ACOS(SIN(J$5)*SIN($C$6)+COS(J$5)*COS($C$6)*COS($B15))) -> 108.75976 | J15: =90-I15 -> -18.759765 | K15: =DEGREES(-ACOS((SIN(RADIANS(J15))*SIN($C$6)-SIN(J$5))/(COS(RADIANS(J15))*COS($C$6)))) -> -106.8323 | L15: =DEGREES(ACOS(SIN(M$5)*SIN($C$6)+COS(M$5)*COS($C$6)*COS($B15))) -> 116.53426 | M15: =90-L15 -> -26.534255 | N15: =DEGREES(-ACOS((SIN(RADIANS(M15))*SIN($C$6)-SIN(M$5))/(COS(RADIANS(M15))*COS($C$6)))) -> -97.309406 | O15: =DEGREES(ACOS(SIN(P$5)*SIN($C$6)+COS(P$5)*COS($C$6)*COS($B15))) -> 123.58833 | P15: =90-O15 -> -33.58833 | Q15: =DEGREES(-ACOS((SIN(RADIANS(P15))*SIN($C$6)-SIN(P$5))/(COS(RADIANS(P15))*COS($C$6)))) -> -86.470356 | R15: =DEGREES(ACOS(SIN(S$5)*SIN($C$6)+COS(S$5)*COS($C$6)*COS($B15))) -> 117.20707 | S15: =90-R15 -> -27.207074 | T15: =DEGREES(-ACOS((SIN(RADIANS(S15))*SIN($C$6)-SIN(S$5))/(COS(RADIANS(S15))*COS($C$6)))) -> -96.38987
A16: -114 | B16: =RADIANS(A16) -> -1.9896753 | C16: =DEGREES(ACOS(SIN(C$5)*SIN($C$6)+COS(C$5)*COS($C$6)*COS($B16))) -> 91.476618 | D16: =90-C16 -> -1.4766179 | E16: =DEGREES(-ACOS((SIN(RADIANS(D16))*SIN($C$6)-SIN(C$5))/(COS(RADIANS(D16))*COS($C$6)))) -> -123.03139 | F16: =DEGREES(ACOS(SIN(G$5)*SIN($C$6)+COS(G$5)*COS($C$6)*COS($B16))) -> 99.858452 | G16: =90-F16 -> -9.8584521 | H16: =DEGREES(-ACOS((SIN(RADIANS(G16))*SIN($C$6)-SIN(G$5))/(COS(RADIANS(G16))*COS($C$6)))) -> -114.78466 | I16: =DEGREES(ACOS(SIN(J$5)*SIN($C$6)+COS(J$5)*COS($C$6)*COS($B16))) -> 108.03003 | J16: =90-I16 -> -18.030027 | K16: =DEGREES(-ACOS((SIN(RADIANS(J16))*SIN($C$6)-SIN(J$5))/(COS(RADIANS(J16))*COS($C$6)))) -> -106.11175 | L16: =DEGREES(ACOS(SIN(M$5)*SIN($C$6)+COS(M$5)*COS($C$6)*COS($B16))) -> 115.7789 | M16: =90-L16 -> -25.778898 | N16: =DEGREES(-ACOS((SIN(RADIANS(M16))*SIN($C$6)-SIN(M$5))/(COS(RADIANS(M16))*COS($C$6)))) -> -96.61531 | O16: =DEGREES(ACOS(SIN(P$5)*SIN($C$6)+COS(P$5)*COS($C$6)*COS($B16))) -> 122.82907 | P16: =90-O16 -> -32.829067 | Q16: =DEGREES(-ACOS((SIN(RADIANS(P16))*SIN($C$6)-SIN(P$5))/(COS(RADIANS(P16))*COS($C$6)))) -> -85.8549 | R16: =DEGREES(ACOS(SIN(S$5)*SIN($C$6)+COS(S$5)*COS($C$6)*COS($B16))) -> 116.45034 | S16: =90-R16 -> -26.450337 | T16: =DEGREES(-ACOS((SIN(RADIANS(S16))*SIN($C$6)-SIN(S$5))/(COS(RADIANS(S16))*COS($C$6)))) -> -95.700543
A17: -113 | B17: =RADIANS(A17) -> -1.9722221 | C17: =DEGREES(ACOS(SIN(C$5)*SIN($C$6)+COS(C$5)*COS($C$6)*COS($B17))) -> 90.836272 | D17: =90-C17 -> -0.83627244 | E17: =DEGREES(-ACOS((SIN(RADIANS(D17))*SIN($C$6)-SIN(C$5))/(COS(RADIANS(D17))*COS($C$6)))) -> -122.3743 | F17: =DEGREES(ACOS(SIN(G$5)*SIN($C$6)+COS(G$5)*COS($C$6)*COS($B17))) -> 99.165635 | G17: =90-F17 -> -9.1656349 | H17: =DEGREES(-ACOS((SIN(RADIANS(G17))*SIN($C$6)-SIN(G$5))/(COS(RADIANS(G17))*COS($C$6)))) -> -114.08312 | I17: =DEGREES(ACOS(SIN(J$5)*SIN($C$6)+COS(J$5)*COS($C$6)*COS($B17))) -> 107.29764 | J17: =90-I17 -> -17.297644 | K17: =DEGREES(-ACOS((SIN(RADIANS(J17))*SIN($C$6)-SIN(J$5))/(COS(RADIANS(J17))*COS($C$6)))) -> -105.39716 | L17: =DEGREES(ACOS(SIN(M$5)*SIN($C$6)+COS(M$5)*COS($C$6)*COS($B17))) -> 115.02248 | M17: =90-L17 -> -25.022483 | N17: =DEGREES(-ACOS((SIN(RADIANS(M17))*SIN($C$6)-SIN(M$5))/(COS(RADIANS(M17))*COS($C$6)))) -> -95.927044 | O17: =DEGREES(ACOS(SIN(P$5)*SIN($C$6)+COS(P$5)*COS($C$6)*COS($B17))) -> 122.07039 | P17: =90-O17 -> -32.070394 | Q17: =DEGREES(-ACOS((SIN(RADIANS(P17))*SIN($C$6)-SIN(P$5))/(COS(RADIANS(P17))*COS($C$6)))) -> -85.243654 | R17: =DEGREES(ACOS(SIN(S$5)*SIN($C$6)+COS(S$5)*COS($C$6)*COS($B17))) -> 115.69269 | S17: =90-R17 -> -25.692695 | T17: =DEGREES(-ACOS((SIN(RADIANS(S17))*SIN($C$6)-SIN(S$5))/(COS(RADIANS(S17))*COS($C$6)))) -> -95.016977
A18: -112 | B18: =RADIANS(A18) -> -1.9547688 | C18: =DEGREES(ACOS(SIN(C$5)*SIN($C$6)+COS(C$5)*COS($C$6)*COS($B18))) -> 90.191271 | D18: =90-C18 -> -0.1912707 | E18: =DEGREES(-ACOS((SIN(RADIANS(D18))*SIN($C$6)-SIN(C$5))/(COS(RADIANS(D18))*COS($C$6)))) -> -121.72188 | F18: =DEGREES(ACOS(SIN(G$5)*SIN($C$6)+COS(G$5)*COS($C$6)*COS($B18))) -> 98.46903 | G18: =90-F18 -> -8.4690298 | H18: =DEGREES(-ACOS((SIN(RADIANS(G18))*SIN($C$6)-SIN(G$5))/(COS(RADIANS(G18))*COS($C$6)))) -> -113.38681 | I18: =DEGREES(ACOS(SIN(J$5)*SIN($C$6)+COS(J$5)*COS($C$6)*COS($B18))) -> 106.56275 | J18: =90-I18 -> -16.562751 | K18: =DEGREES(-ACOS((SIN(RADIANS(J18))*SIN($C$6)-SIN(J$5))/(COS(RADIANS(J18))*COS($C$6)))) -> -104.68825 | L18: =DEGREES(ACOS(SIN(M$5)*SIN($C$6)+COS(M$5)*COS($C$6)*COS($B18))) -> 114.26513 | M18: =90-L18 -> -24.265128 | N18: =DEGREES(-ACOS((SIN(RADIANS(M18))*SIN($C$6)-SIN(M$5))/(COS(RADIANS(M18))*COS($C$6)))) -> -95.24427 | O18: =DEGREES(ACOS(SIN(P$5)*SIN($C$6)+COS(P$5)*COS($C$6)*COS($B18))) -> 121.31239 | P18: =90-O18 -> -31.312391 | Q18: =DEGREES(-ACOS((SIN(RADIANS(P18))*SIN($C$6)-SIN(P$5))/(COS(RADIANS(P18))*COS($C$6)))) -> -84.636299 | R18: =DEGREES(ACOS(SIN(S$5)*SIN($C$6)+COS(S$5)*COS($C$6)*COS($B18))) -> 114.93426 | S18: =90-R18 -> -24.934261 | T18: =DEGREES(-ACOS((SIN(RADIANS(S18))*SIN($C$6)-SIN(S$5))/(COS(RADIANS(S18))*COS($C$6)))) -> -94.338829
A19: -111 | B19: =RADIANS(A19) -> -1.9373155 | C19: =DEGREES(ACOS(SIN(C$5)*SIN($C$6)+COS(C$5)*COS($C$6)*COS($B19))) -> 89.541729 | D19: =90-C19 -> 0.45827124 | E19: =DEGREES(-ACOS((SIN(RADIANS(D19))*SIN($C$6)-SIN(C$5))/(COS(RADIANS(D19))*COS($C$6)))) -> -121.07401 | F19: =DEGREES(ACOS(SIN(G$5)*SIN($C$6)+COS(G$5)*COS($C$6)*COS($B19))) -> 97.768767 | G19: =90-F19 -> -7.7687669 | H19: =DEGREES(-ACOS((SIN(RADIANS(G19))*SIN($C$6)-SIN(G$5))/(COS(RADIANS(G19))*COS($C$6)))) -> -112.69553 | I19: =DEGREES(ACOS(SIN(J$5)*SIN($C$6)+COS(J$5)*COS($C$6)*COS($B19))) -> 105.82548 | J19: =90-I19 -> -15.82548 | K19: =DEGREES(-ACOS((SIN(RADIANS(J19))*SIN($C$6)-SIN(J$5))/(COS(RADIANS(J19))*COS($C$6)))) -> -103.98473 | L19: =DEGREES(ACOS(SIN(M$5)*SIN($C$6)+COS(M$5)*COS($C$6)*COS($B19))) -> 113.50695 | M19: =90-L19 -> -23.506947 | N19: =DEGREES(-ACOS((SIN(RADIANS(M19))*SIN($C$6)-SIN(M$5))/(COS(RADIANS(M19))*COS($C$6)))) -> -94.566659 | O19: =DEGREES(ACOS(SIN(P$5)*SIN($C$6)+COS(P$5)*COS($C$6)*COS($B19))) -> 120.55514 | P19: =90-O19 -> -30.555139 | Q19: =DEGREES(-ACOS((SIN(RADIANS(P19))*SIN($C$6)-SIN(P$5))/(COS(RADIANS(P19))*COS($C$6)))) -> -84.032527 | R19: =DEGREES(ACOS(SIN(S$5)*SIN($C$6)+COS(S$5)*COS($C$6)*COS($B19))) -> 114.17515 | S19: =90-R19 -> -24.175148 | T19: =DEGREES(-ACOS((SIN(RADIANS(S19))*SIN($C$6)-SIN(S$5))/(COS(RADIANS(S19))*COS($C$6)))) -> -93.665769
A20: -110 | B20: =RADIANS(A20) -> -1.9198622 | C20: =DEGREES(ACOS(SIN(C$5)*SIN($C$6)+COS(C$5)*COS($C$6)*COS($B20))) -> 88.887761 | D20: =90-C20 -> 1.1122393 | E20: =DEGREES(-ACOS((SIN(RADIANS(D20))*SIN($C$6)-SIN(C$5))/(COS(RADIANS(D20))*COS($C$6)))) -> -120.43055 | F20: =DEGREES(ACOS(SIN(G$5)*SIN($C$6)+COS(G$5)*COS($C$6)*COS($B20))) -> 97.064974 | G20: =90-F20 -> -7.0649739 | H20: =DEGREES(-ACOS((SIN(RADIANS(G20))*SIN($C$6)-SIN(G$5))/(COS(RADIANS(G20))*COS($C$6)))) -> -112.00906 | I20: =DEGREES(ACOS(SIN(J$5)*SIN($C$6)+COS(J$5)*COS($C$6)*COS($B20))) -> 105.08596 | J20: =90-I20 -> -15.085959 | K20: =DEGREES(-ACOS((SIN(RADIANS(J20))*SIN($C$6)-SIN(J$5))/(COS(RADIANS(J20))*COS($C$6)))) -> -103.28633 | L20: =DEGREES(ACOS(SIN(M$5)*SIN($C$6)+COS(M$5)*COS($C$6)*COS($B20))) -> 112.74805 | M20: =90-L20 -> -22.748051 | N20: =DEGREES(-ACOS((SIN(RADIANS(M20))*SIN($C$6)-SIN(M$5))/(COS(RADIANS(M20))*COS($C$6)))) -> -93.893891 | O20: =DEGREES(ACOS(SIN(P$5)*SIN($C$6)+COS(P$5)*COS($C$6)*COS($B20))) -> 119.79872 | P20: =90-O20 -> -29.798719 | Q20: =DEGREES(-ACOS((SIN(RADIANS(P20))*SIN($C$6)-SIN(P$5))/(COS(RADIANS(P20))*COS($C$6)))) -> -83.432042 | R20: =DEGREES(ACOS(SIN(S$5)*SIN($C$6)+COS(S$5)*COS($C$6)*COS($B20))) -> 113.41547 | S20: =90-R20 -> -23.415466 | T20: =DEGREES(-ACOS((SIN(RADIANS(S20))*SIN($C$6)-SIN(S$5))/(COS(RADIANS(S20))*COS($C$6)))) -> -92.997474
A21: -109 | B21: =RADIANS(A21) -> -1.9024089 | C21: =DEGREES(ACOS(SIN(C$5)*SIN($C$6)+COS(C$5)*COS($C$6)*COS($B21))) -> 88.229478 | D21: =90-C21 -> 1.7705216 | E21: =DEGREES(-ACOS((SIN(RADIANS(D21))*SIN($C$6)-SIN(C$5))/(COS(RADIANS(D21))*COS($C$6)))) -> -119.79137 | F21: =DEGREES(ACOS(SIN(G$5)*SIN($C$6)+COS(G$5)*COS($C$6)*COS($B21))) -> 96.357776 | G21: =90-F21 -> -6.3577756 | H21: =DEGREES(-ACOS((SIN(RADIANS(G21))*SIN($C$6)-SIN(G$5))/(COS(RADIANS(G21))*COS($C$6)))) -> -111.32721 | I21: =DEGREES(ACOS(SIN(J$5)*SIN($C$6)+COS(J$5)*COS($C$6)*COS($B21))) -> 104.34431 | J21: =90-I21 -> -14.344313 | K21: =DEGREES(-ACOS((SIN(RADIANS(J21))*SIN($C$6)-SIN(J$5))/(COS(RADIANS(J21))*COS($C$6)))) -> -102.59279 | L21: =DEGREES(ACOS(SIN(M$5)*SIN($C$6)+COS(M$5)*COS($C$6)*COS($B21))) -> 111.98855 | M21: =90-L21 -> -21.988551 | N21: =DEGREES(-ACOS((SIN(RADIANS(M21))*SIN($C$6)-SIN(M$5))/(COS(RADIANS(M21))*COS($C$6)))) -> -93.225653 | O21: =DEGREES(ACOS(SIN(P$5)*SIN($C$6)+COS(P$5)*COS($C$6)*COS($B21))) -> 119.04321 | P21: =90-O21 -> -29.043209 | Q21: =DEGREES(-ACOS((SIN(RADIANS(P21))*SIN($C$6)-SIN(P$5))/(COS(RADIANS(P21))*COS($C$6)))) -> -82.834558 | R21: =DEGREES(ACOS(SIN(S$5)*SIN($C$6)+COS(S$5)*COS($C$6)*COS($B21))) -> 112.65532 | S21: =90-R21 -> -22.655321 | T21: =DEGREES(-ACOS((SIN(RADIANS(S21))*SIN($C$6)-SIN(S$5))/(COS(RADIANS(S21))*COS($C$6)))) -> -92.333633
A22: -108 | B22: =RADIANS(A22) -> -1.8849556 | C22: =DEGREES(ACOS(SIN(C$5)*SIN($C$6)+COS(C$5)*COS($C$6)*COS($B22))) -> 87.566992 | D22: =90-C22 -> 2.4330082 | E22: =DEGREES(-ACOS((SIN(RADIANS(D22))*SIN($C$6)-SIN(C$5))/(COS(RADIANS(D22))*COS($C$6)))) -> -119.15631 | F22: =DEGREES(ACOS(SIN(G$5)*SIN($C$6)+COS(G$5)*COS($C$6)*COS($B22))) -> 95.647294 | G22: =90-F22 -> -5.6472942 | H22: =DEGREES(-ACOS((SIN(RADIANS(G22))*SIN($C$6)-SIN(G$5))/(COS(RADIANS(G22))*COS($C$6)))) -> -110.64975 | I22: =DEGREES(ACOS(SIN(J$5)*SIN($C$6)+COS(J$5)*COS($C$6)*COS($B22))) -> 103.60067 | J22: =90-I22 -> -13.600666 | K22: =DEGREES(-ACOS((SIN(RADIANS(J22))*SIN($C$6)-SIN(J$5))/(COS(RADIANS(J22))*COS($C$6)))) -> -101.90382 | L22: =DEGREES(ACOS(SIN(M$5)*SIN($C$6)+COS(M$5)*COS($C$6)*COS($B22))) -> 111.22855 | M22: =90-L22 -> -21.228553 | N22: =DEGREES(-ACOS((SIN(RADIANS(M22))*SIN($C$6)-SIN(M$5))/(COS(RADIANS(M22))*COS($C$6)))) -> -92.561642 | O22: =DEGREES(ACOS(SIN(P$5)*SIN($C$6)+COS(P$5)*COS($C$6)*COS($B22))) -> 118.28869 | P22: =90-O22 -> -28.288687 | Q22: =DEGREES(-ACOS((SIN(RADIANS(P22))*SIN($C$6)-SIN(P$5))/(COS(RADIANS(P22))*COS($C$6)))) -> -82.239801 | R22: =DEGREES(ACOS(SIN(S$5)*SIN($C$6)+COS(S$5)*COS($C$6)*COS($B22))) -> 111.89482 | S22: =90-R22 -> -21.894818 | T22: =DEGREES(-ACOS((SIN(RADIANS(S22))*SIN($C$6)-SIN(S$5))/(COS(RADIANS(S22))*COS($C$6)))) -> -91.67394
A23: -107 | B23: =RADIANS(A23) -> -1.8675023 | C23: =DEGREES(ACOS(SIN(C$5)*SIN($C$6)+COS(C$5)*COS($C$6)*COS($B23))) -> 86.900409 | D23: =90-C23 -> 3.099591 | E23: =DEGREES(-ACOS((SIN(RADIANS(D23))*SIN($C$6)-SIN(C$5))/(COS(RADIANS(D23))*COS($C$6)))) -> -118.52526 | F23: =DEGREES(ACOS(SIN(G$5)*SIN($C$6)+COS(G$5)*COS($C$6)*COS($B23))) -> 94.93365 | G23: =90-F23 -> -4.9336497 | H23: =DEGREES(-ACOS((SIN(RADIANS(G23))*SIN($C$6)-SIN(G$5))/(COS(RADIANS(G23))*COS($C$6)))) -> -109.9765 | I23: =DEGREES(ACOS(SIN(J$5)*SIN($C$6)+COS(J$5)*COS($C$6)*COS($B23))) -> 102.85514 | J23: =90-I23 -> -12.855137 | K23: =DEGREES(-ACOS((SIN(RADIANS(J23))*SIN($C$6)-SIN(J$5))/(COS(RADIANS(J23))*COS($C$6)))) -> -101.21918 | L23: =DEGREES(ACOS(SIN(M$5)*SIN($C$6)+COS(M$5)*COS($C$6)*COS($B23))) -> 110.46816 | M23: =90-L23 -> -20.468162 | N23: =DEGREES(-ACOS((SIN(RADIANS(M23))*SIN($C$6)-SIN(M$5))/(COS(RADIANS(M23))*COS($C$6)))) -> -91.901564 | O23: =DEGREES(ACOS(SIN(P$5)*SIN($C$6)+COS(P$5)*COS($C$6)*COS($B23))) -> 117.53523 | P23: =90-O23 -> -27.535228 | Q23: =DEGREES(-ACOS((SIN(RADIANS(P23))*SIN($C$6)-SIN(P$5))/(COS(RADIANS(P23))*COS($C$6)))) -> -81.647503 | R23: =DEGREES(ACOS(SIN(S$5)*SIN($C$6)+COS(S$5)*COS($C$6)*COS($B23))) -> 111.13406 | S23: =90-R23 -> -21.13406 | T23: =DEGREES(-ACOS((SIN(RADIANS(S23))*SIN($C$6)-SIN(S$5))/(COS(RADIANS(S23))*COS($C$6)))) -> -91.018099
A24: -106 | B24: =RADIANS(A24) -> -1.850049 | C24: =DEGREES(ACOS(SIN(C$5)*SIN($C$6)+COS(C$5)*COS($C$6)*COS($B24))) -> 86.229836 | D24: =90-C24 -> 3.7701641 | E24: =DEGREES(-ACOS((SIN(RADIANS(D24))*SIN($C$6)-SIN(C$5))/(COS(RADIANS(D24))*COS($C$6)))) -> -117.89805 | F24: =DEGREES(ACOS(SIN(G$5)*SIN($C$6)+COS(G$5)*COS($C$6)*COS($B24))) -> 94.216959 | G24: =90-F24 -> -4.2169592 | H24: =DEGREES(-ACOS((SIN(RADIANS(G24))*SIN($C$6)-SIN(G$5))/(COS(RADIANS(G24))*COS($C$6)))) -> -109.30723 | I24: =DEGREES(ACOS(SIN(J$5)*SIN($C$6)+COS(J$5)*COS($C$6)*COS($B24))) -> 102.10784 | J24: =90-I24 -> -12.107844 | K24: =DEGREES(-ACOS((SIN(RADIANS(J24))*SIN($C$6)-SIN(J$5))/(COS(RADIANS(J24))*COS($C$6)))) -> -100.5386 | L24: =DEGREES(ACOS(SIN(M$5)*SIN($C$6)+COS(M$5)*COS($C$6)*COS($B24))) -> 109.70748 | M24: =90-L24 -> -19.70748 | N24: =DEGREES(-ACOS((SIN(RADIANS(M24))*SIN($C$6)-SIN(M$5))/(COS(RADIANS(M24))*COS($C$6)))) -> -91.245129 | O24: =DEGREES(ACOS(SIN(P$5)*SIN($C$6)+COS(P$5)*COS($C$6)*COS($B24))) -> 116.78291 | P24: =90-O24 -> -26.78291 | Q24: =DEGREES(-ACOS((SIN(RADIANS(P24))*SIN($C$6)-SIN(P$5))/(COS(RADIANS(P24))*COS($C$6)))) -> -81.057409 | R24: =DEGREES(ACOS(SIN(S$5)*SIN($C$6)+COS(S$5)*COS($C$6)*COS($B24))) -> 110.37315 | S24: =90-R24 -> -20.373147 | T24: =DEGREES(-ACOS((SIN(RADIANS(S24))*SIN($C$6)-SIN(S$5))/(COS(RADIANS(S24))*COS($C$6)))) -> -90.365823
A25: -105 | B25: =RADIANS(A25) -> -1.8325957 | C25: =DEGREES(ACOS(SIN(C$5)*SIN($C$6)+COS(C$5)*COS($C$6)*COS($B25))) -> 85.555377 | D25: =90-C25 -> 4.4446233 | E25: =DEGREES(-ACOS((SIN(RADIANS(D25))*SIN($C$6)-SIN(C$5))/(COS(RADIANS(D25))*COS($C$6)))) -> -117.27457 | F25: =DEGREES(ACOS(SIN(G$5)*SIN($C$6)+COS(G$5)*COS($C$6)*COS($B25))) -> 93.497338 | G25: =90-F25 -> -3.4973382 | H25: =DEGREES(-ACOS((SIN(RADIANS(G25))*SIN($C$6)-SIN(G$5))/(COS(RADIANS(G25))*COS($C$6)))) -> -108.64176 | I25: =DEGREES(ACOS(SIN(J$5)*SIN($C$6)+COS(J$5)*COS($C$6)*COS($B25))) -> 101.3589 | J25: =90-I25 -> -11.358903 | K25: =DEGREES(-ACOS((SIN(RADIANS(J25))*SIN($C$6)-SIN(J$5))/(COS(RADIANS(J25))*COS($C$6)))) -> -99.861812 | L25: =DEGREES(ACOS(SIN(M$5)*SIN($C$6)+COS(M$5)*COS($C$6)*COS($B25))) -> 108.94661 | M25: =90-L25 -> -18.94661 | N25: =DEGREES(-ACOS((SIN(RADIANS(M25))*SIN($C$6)-SIN(M$5))/(COS(RADIANS(M25))*COS($C$6)))) -> -90.592057 | O25: =DEGREES(ACOS(SIN(P$5)*SIN($C$6)+COS(P$5)*COS($C$6)*COS($B25))) -> 116.03181 | P25: =90-O25 -> -26.031808 | Q25: =DEGREES(-ACOS((SIN(RADIANS(P25))*SIN($C$6)-SIN(P$5))/(COS(RADIANS(P25))*COS($C$6)))) -> -80.469269 | R25: =DEGREES(ACOS(SIN(S$5)*SIN($C$6)+COS(S$5)*COS($C$6)*COS($B25))) -> 109.61218 | S25: =90-R25 -> -19.612179 | T25: =DEGREES(-ACOS((SIN(RADIANS(S25))*SIN($C$6)-SIN(S$5))/(COS(RADIANS(S25))*COS($C$6)))) -> -89.71683 | V25: =E25 -> -117.27457 | X25: =D25 -> 4.4446233
A26: -104 | B26: =RADIANS(A26) -> -1.8151424 | C26: =DEGREES(ACOS(SIN(C$5)*SIN($C$6)+COS(C$5)*COS($C$6)*COS($B26))) -> 84.877134 | D26: =90-C26 -> 5.1228664 | E26: =DEGREES(-ACOS((SIN(RADIANS(D26))*SIN($C$6)-SIN(C$5))/(COS(RADIANS(D26))*COS($C$6)))) -> -116.65465 | F26: =DEGREES(ACOS(SIN(G$5)*SIN($C$6)+COS(G$5)*COS($C$6)*COS($B26))) -> 92.774899 | G26: =90-F26 -> -2.7748995 | H26: =DEGREES(-ACOS((SIN(RADIANS(G26))*SIN($C$6)-SIN(G$5))/(COS(RADIANS(G26))*COS($C$6)))) -> -107.97986 | I26: =DEGREES(ACOS(SIN(J$5)*SIN($C$6)+COS(J$5)*COS($C$6)*COS($B26))) -> 100.60843 | J26: =90-I26 -> -10.608425 | K26: =DEGREES(-ACOS((SIN(RADIANS(J26))*SIN($C$6)-SIN(J$5))/(COS(RADIANS(J26))*COS($C$6)))) -> -99.188577 | L26: =DEGREES(ACOS(SIN(M$5)*SIN($C$6)+COS(M$5)*COS($C$6)*COS($B26))) -> 108.18565 | M26: =90-L26 -> -18.18565 | N26: =DEGREES(-ACOS((SIN(RADIANS(M26))*SIN($C$6)-SIN(M$5))/(COS(RADIANS(M26))*COS($C$6)))) -> -89.942071 | O26: =DEGREES(ACOS(SIN(P$5)*SIN($C$6)+COS(P$5)*COS($C$6)*COS($B26))) -> 115.282 | P26: =90-O26 -> -25.281998 | Q26: =DEGREES(-ACOS((SIN(RADIANS(P26))*SIN($C$6)-SIN(P$5))/(COS(RADIANS(P26))*COS($C$6)))) -> -79.882842 | R26: =DEGREES(ACOS(SIN(S$5)*SIN($C$6)+COS(S$5)*COS($C$6)*COS($B26))) -> 108.85125 | S26: =90-R26 -> -18.851253 | T26: =DEGREES(-ACOS((SIN(RADIANS(S26))*SIN($C$6)-SIN(S$5))/(COS(RADIANS(S26))*COS($C$6)))) -> -89.070844 | V26: =H25 -> -108.64176 | X26: =G25 -> -3.4973382
A27: -103 | B27: =RADIANS(A27) -> -1.7976891 | C27: =DEGREES(ACOS(SIN(C$5)*SIN($C$6)+COS(C$5)*COS($C$6)*COS($B27))) -> 84.195207 | D27: =90-C27 -> 5.804793 | E27: =DEGREES(-ACOS((SIN(RADIANS(D27))*SIN($C$6)-SIN(C$5))/(COS(RADIANS(D27))*COS($C$6)))) -> -116.03816 | F27: =DEGREES(ACOS(SIN(G$5)*SIN($C$6)+COS(G$5)*COS($C$6)*COS($B27))) -> 92.049754 | G27: =90-F27 -> -2.0497541 | H27: =DEGREES(-ACOS((SIN(RADIANS(G27))*SIN($C$6)-SIN(G$5))/(COS(RADIANS(G27))*COS($C$6)))) -> -107.32135 | I27: =DEGREES(ACOS(SIN(J$5)*SIN($C$6)+COS(J$5)*COS($C$6)*COS($B27))) -> 99.856524 | J27: =90-I27 -> -9.8565239 | K27: =DEGREES(-ACOS((SIN(RADIANS(J27))*SIN($C$6)-SIN(J$5))/(COS(RADIANS(J27))*COS($C$6)))) -> -98.518641 | L27: =DEGREES(ACOS(SIN(M$5)*SIN($C$6)+COS(M$5)*COS($C$6)*COS($B27))) -> 107.4247 | M27: =90-L27 -> -17.424698 | N27: =DEGREES(-ACOS((SIN(RADIANS(M27))*SIN($C$6)-SIN(M$5))/(COS(RADIANS(M27))*COS($C$6)))) -> -89.294905 | O27: =DEGREES(ACOS(SIN(P$5)*SIN($C$6)+COS(P$5)*COS($C$6)*COS($B27))) -> 114.53355 | P27: =90-O27 -> -24.533554 | Q27: =DEGREES(-ACOS((SIN(RADIANS(P27))*SIN($C$6)-SIN(P$5))/(COS(RADIANS(P27))*COS($C$6)))) -> -79.297895 | R27: =DEGREES(ACOS(SIN(S$5)*SIN($C$6)+COS(S$5)*COS($C$6)*COS($B27))) -> 108.09047 | S27: =90-R27 -> -18.090466 | T27: =DEGREES(-ACOS((SIN(RADIANS(S27))*SIN($C$6)-SIN(S$5))/(COS(RADIANS(S27))*COS($C$6)))) -> -88.427599 | V27: =K25 -> -99.861812 | X27: =J25 -> -11.358903
A28: -102 | B28: =RADIANS(A28) -> -1.7802358 | C28: =DEGREES(ACOS(SIN(C$5)*SIN($C$6)+COS(C$5)*COS($C$6)*COS($B28))) -> 83.509696 | D28: =90-C28 -> 6.4903041 | E28: =DEGREES(-ACOS((SIN(RADIANS(D28))*SIN($C$6)-SIN(C$5))/(COS(RADIANS(D28))*COS($C$6)))) -> -115.42495 | F28: =DEGREES(ACOS(SIN(G$5)*SIN($C$6)+COS(G$5)*COS($C$6)*COS($B28))) -> 91.322011 | G28: =90-F28 -> -1.322011 | H28: =DEGREES(-ACOS((SIN(RADIANS(G28))*SIN($C$6)-SIN(G$5))/(COS(RADIANS(G28))*COS($C$6)))) -> -106.66601 | I28: =DEGREES(ACOS(SIN(J$5)*SIN($C$6)+COS(J$5)*COS($C$6)*COS($B28))) -> 99.103307 | J28: =90-I28 -> -9.1033073 | K28: =DEGREES(-ACOS((SIN(RADIANS(J28))*SIN($C$6)-SIN(J$5))/(COS(RADIANS(J28))*COS($C$6)))) -> -97.851756 | L28: =DEGREES(ACOS(SIN(M$5)*SIN($C$6)+COS(M$5)*COS($C$6)*COS($B28))) -> 106.66385 | M28: =90-L28 -> -16.663852 | N28: =DEGREES(-ACOS((SIN(RADIANS(M28))*SIN($C$6)-SIN(M$5))/(COS(RADIANS(M28))*COS($C$6)))) -> -88.650294 | O28: =DEGREES(ACOS(SIN(P$5)*SIN($C$6)+COS(P$5)*COS($C$6)*COS($B28))) -> 113.78655 | P28: =90-O28 -> -23.786551 | Q28: =DEGREES(-ACOS((SIN(RADIANS(P28))*SIN($C$6)-SIN(P$5))/(COS(RADIANS(P28))*COS($C$6)))) -> -78.714201 | R28: =DEGREES(ACOS(SIN(S$5)*SIN($C$6)+COS(S$5)*COS($C$6)*COS($B28))) -> 107.32991 | S28: =90-R28 -> -17.329913 | T28: =DEGREES(-ACOS((SIN(RADIANS(S28))*SIN($C$6)-SIN(S$5))/(COS(RADIANS(S28))*COS($C$6)))) -> -87.786832 | V28: =N25 -> -90.592057 | X28: =M25 -> -18.94661
A29: -101 | B29: =RADIANS(A29) -> -1.7627825 | C29: =DEGREES(ACOS(SIN(C$5)*SIN($C$6)+COS(C$5)*COS($C$6)*COS($B29))) -> 82.820697 | D29: =90-C29 -> 7.179303 | E29: =DEGREES(-ACOS((SIN(RADIANS(D29))*SIN($C$6)-SIN(C$5))/(COS(RADIANS(D29))*COS($C$6)))) -> -114.81488 | F29: =DEGREES(ACOS(SIN(G$5)*SIN($C$6)+COS(G$5)*COS($C$6)*COS($B29))) -> 90.591777 | G29: =90-F29 -> -0.59177727 | H29: =DEGREES(-ACOS((SIN(RADIANS(G29))*SIN($C$6)-SIN(G$5))/(COS(RADIANS(G29))*COS($C$6)))) -> -106.01364 | I29: =DEGREES(ACOS(SIN(J$5)*SIN($C$6)+COS(J$5)*COS($C$6)*COS($B29))) -> 98.348883 | J29: =90-I29 -> -8.3488832 | K29: =DEGREES(-ACOS((SIN(RADIANS(J29))*SIN($C$6)-SIN(J$5))/(COS(RADIANS(J29))*COS($C$6)))) -> -97.187677 | L29: =DEGREES(ACOS(SIN(M$5)*SIN($C$6)+COS(M$5)*COS($C$6)*COS($B29))) -> 105.90321 | M29: =90-L29 -> -15.903207 | N29: =DEGREES(-ACOS((SIN(RADIANS(M29))*SIN($C$6)-SIN(M$5))/(COS(RADIANS(M29))*COS($C$6)))) -> -88.007982 | O29: =DEGREES(ACOS(SIN(P$5)*SIN($C$6)+COS(P$5)*COS($C$6)*COS($B29))) -> 113.04106 | P29: =90-O29 -> -23.041063 | Q29: =DEGREES(-ACOS((SIN(RADIANS(P29))*SIN($C$6)-SIN(P$5))/(COS(RADIANS(P29))*COS($C$6)))) -> -78.131538 | R29: =DEGREES(ACOS(SIN(S$5)*SIN($C$6)+COS(S$5)*COS($C$6)*COS($B29))) -> 106.56969 | S29: =90-R29 -> -16.569687 | T29: =DEGREES(-ACOS((SIN(RADIANS(S29))*SIN($C$6)-SIN(S$5))/(COS(RADIANS(S29))*COS($C$6)))) -> -87.148286 | V29: =Q25 -> -80.469269 | X29: =P25 -> -26.031808
A30: -100 | B30: =RADIANS(A30) -> -1.7453293 | C30: =DEGREES(ACOS(SIN(C$5)*SIN($C$6)+COS(C$5)*COS($C$6)*COS($B30))) -> 82.128306 | D30: =90-C30 -> 7.8716941 | E30: =DEGREES(-ACOS((SIN(RADIANS(D30))*SIN($C$6)-SIN(C$5))/(COS(RADIANS(D30))*COS($C$6)))) -> -114.20779 | F30: =DEGREES(ACOS(SIN(G$5)*SIN($C$6)+COS(G$5)*COS($C$6)*COS($B30))) -> 89.859158 | G30: =90-F30 -> 0.14084158 | H30: =DEGREES(-ACOS((SIN(RADIANS(G30))*SIN($C$6)-SIN(G$5))/(COS(RADIANS(G30))*COS($C$6)))) -> -105.36404 | I30: =DEGREES(ACOS(SIN(J$5)*SIN($C$6)+COS(J$5)*COS($C$6)*COS($B30))) -> 97.593358 | J30: =90-I30 -> -7.5933575 | K30: =DEGREES(-ACOS((SIN(RADIANS(J30))*SIN($C$6)-SIN(J$5))/(COS(RADIANS(J30))*COS($C$6)))) -> -96.526161 | L30: =DEGREES(ACOS(SIN(M$5)*SIN($C$6)+COS(M$5)*COS($C$6)*COS($B30))) -> 105.14286 | M30: =90-L30 -> -15.142859 | N30: =DEGREES(-ACOS((SIN(RADIANS(M30))*SIN($C$6)-SIN(M$5))/(COS(RADIANS(M30))*COS($C$6)))) -> -87.367716 | O30: =DEGREES(ACOS(SIN(P$5)*SIN($C$6)+COS(P$5)*COS($C$6)*COS($B30))) -> 112.29717 | P30: =90-O30 -> -22.297166 | Q30: =DEGREES(-ACOS((SIN(RADIANS(P30))*SIN($C$6)-SIN(P$5))/(COS(RADIANS(P30))*COS($C$6)))) -> -77.549692 | R30: =DEGREES(ACOS(SIN(S$5)*SIN($C$6)+COS(S$5)*COS($C$6)*COS($B30))) -> 105.80988 | S30: =90-R30 -> -15.809883 | T30: =DEGREES(-ACOS((SIN(RADIANS(S30))*SIN($C$6)-SIN(S$5))/(COS(RADIANS(S30))*COS($C$6)))) -> -86.511709
A31: -99 | B31: =RADIANS(A31) -> -1.727876 | C31: =DEGREES(ACOS(SIN(C$5)*SIN($C$6)+COS(C$5)*COS($C$6)*COS($B31))) -> 81.432616 | D31: =90-C31 -> 8.5673837 | E31: =DEGREES(-ACOS((SIN(RADIANS(D31))*SIN($C$6)-SIN(C$5))/(COS(RADIANS(D31))*COS($C$6)))) -> -113.60354 | F31: =DEGREES(ACOS(SIN(G$5)*SIN($C$6)+COS(G$5)*COS($C$6)*COS($B31))) -> 89.124258 | G31: =90-F31 -> 0.87574184 | H31: =DEGREES(-ACOS((SIN(RADIANS(G31))*SIN($C$6)-SIN(G$5))/(COS(RADIANS(G31))*COS($C$6)))) -> -104.71699 | I31: =DEGREES(ACOS(SIN(J$5)*SIN($C$6)+COS(J$5)*COS($C$6)*COS($B31))) -> 96.836835 | J31: =90-I31 -> -6.8368351 | K31: =DEGREES(-ACOS((SIN(RADIANS(J31))*SIN($C$6)-SIN(J$5))/(COS(RADIANS(J31))*COS($C$6)))) -> -95.866969 | L31: =DEGREES(ACOS(SIN(M$5)*SIN($C$6)+COS(M$5)*COS($C$6)*COS($B31))) -> 104.3829 | M31: =90-L31 -> -14.3829 | N31: =DEGREES(-ACOS((SIN(RADIANS(M31))*SIN($C$6)-SIN(M$5))/(COS(RADIANS(M31))*COS($C$6)))) -> -86.729248 | O31: =DEGREES(ACOS(SIN(P$5)*SIN($C$6)+COS(P$5)*COS($C$6)*COS($B31))) -> 111.55493 | P31: =90-O31 -> -21.554934 | Q31: =DEGREES(-ACOS((SIN(RADIANS(P31))*SIN($C$6)-SIN(P$5))/(COS(RADIANS(P31))*COS($C$6)))) -> -76.968454 | R31: =DEGREES(ACOS(SIN(S$5)*SIN($C$6)+COS(S$5)*COS($C$6)*COS($B31))) -> 105.05059 | S31: =90-R31 -> -15.050593 | T31: =DEGREES(-ACOS((SIN(RADIANS(S31))*SIN($C$6)-SIN(S$5))/(COS(RADIANS(S31))*COS($C$6)))) -> -85.876857
A32: -98 | B32: =RADIANS(A32) -> -1.7104227 | C32: =DEGREES(ACOS(SIN(C$5)*SIN($C$6)+COS(C$5)*COS($C$6)*COS($B32))) -> 80.733721 | D32: =90-C32 -> 9.2662795 | E32: =DEGREES(-ACOS((SIN(RADIANS(D32))*SIN($C$6)-SIN(C$5))/(COS(RADIANS(D32))*COS($C$6)))) -> -113.00198 | F32: =DEGREES(ACOS(SIN(G$5)*SIN($C$6)+COS(G$5)*COS($C$6)*COS($B32))) -> 88.387179 | G32: =90-F32 -> 1.6128213 | H32: =DEGREES(-ACOS((SIN(RADIANS(G32))*SIN($C$6)-SIN(G$5))/(COS(RADIANS(G32))*COS($C$6)))) -> -104.07231 | I32: =DEGREES(ACOS(SIN(J$5)*SIN($C$6)+COS(J$5)*COS($C$6)*COS($B32))) -> 96.079419 | J32: =90-I32 -> -6.079419 | K32: =DEGREES(-ACOS((SIN(RADIANS(J32))*SIN($C$6)-SIN(J$5))/(COS(RADIANS(J32))*COS($C$6)))) -> -95.209862 | L32: =DEGREES(ACOS(SIN(M$5)*SIN($C$6)+COS(M$5)*COS($C$6)*COS($B32))) -> 103.62342 | M32: =90-L32 -> -13.623424 | N32: =DEGREES(-ACOS((SIN(RADIANS(M32))*SIN($C$6)-SIN(M$5))/(COS(RADIANS(M32))*COS($C$6)))) -> -86.092334 | O32: =DEGREES(ACOS(SIN(P$5)*SIN($C$6)+COS(P$5)*COS($C$6)*COS($B32))) -> 110.81444 | P32: =90-O32 -> -20.814442 | Q32: =DEGREES(-ACOS((SIN(RADIANS(P32))*SIN($C$6)-SIN(P$5))/(COS(RADIANS(P32))*COS($C$6)))) -> -76.387618 | R32: =DEGREES(ACOS(SIN(S$5)*SIN($C$6)+COS(S$5)*COS($C$6)*COS($B32))) -> 104.29191 | S32: =90-R32 -> -14.291908 | T32: =DEGREES(-ACOS((SIN(RADIANS(S32))*SIN($C$6)-SIN(S$5))/(COS(RADIANS(S32))*COS($C$6)))) -> -85.243486
A33: -97 | B33: =RADIANS(A33) -> -1.6929694 | C33: =DEGREES(ACOS(SIN(C$5)*SIN($C$6)+COS(C$5)*COS($C$6)*COS($B33))) -> 80.031709 | D33: =90-C33 -> 9.9682907 | E33: =DEGREES(-ACOS((SIN(RADIANS(D33))*SIN($C$6)-SIN(C$5))/(COS(RADIANS(D33))*COS($C$6)))) -> -112.40295 | F33: =DEGREES(ACOS(SIN(G$5)*SIN($C$6)+COS(G$5)*COS($C$6)*COS($B33))) -> 87.648021 | G33: =90-F33 -> 2.3519792 | H33: =DEGREES(-ACOS((SIN(RADIANS(G33))*SIN($C$6)-SIN(G$5))/(COS(RADIANS(G33))*COS($C$6)))) -> -103.42978 | I33: =DEGREES(ACOS(SIN(J$5)*SIN($C$6)+COS(J$5)*COS($C$6)*COS($B33))) -> 95.321212 | J33: =90-I33 -> -5.3212116 | K33: =DEGREES(-ACOS((SIN(RADIANS(J33))*SIN($C$6)-SIN(J$5))/(COS(RADIANS(J33))*COS($C$6)))) -> -94.554603 | L33: =DEGREES(ACOS(SIN(M$5)*SIN($C$6)+COS(M$5)*COS($C$6)*COS($B33))) -> 102.86452 | M33: =90-L33 -> -12.864524 | N33: =DEGREES(-ACOS((SIN(RADIANS(M33))*SIN($C$6)-SIN(M$5))/(COS(RADIANS(M33))*COS($C$6)))) -> -85.456737 | O33: =DEGREES(ACOS(SIN(P$5)*SIN($C$6)+COS(P$5)*COS($C$6)*COS($B33))) -> 110.07577 | P33: =90-O33 -> -20.075766 | Q33: =DEGREES(-ACOS((SIN(RADIANS(P33))*SIN($C$6)-SIN(P$5))/(COS(RADIANS(P33))*COS($C$6)))) -> -75.806987 | R33: =DEGREES(ACOS(SIN(S$5)*SIN($C$6)+COS(S$5)*COS($C$6)*COS($B33))) -> 103.53392 | S33: =90-R33 -> -13.53392 | T33: =DEGREES(-ACOS((SIN(RADIANS(S33))*SIN($C$6)-SIN(S$5))/(COS(RADIANS(S33))*COS($C$6)))) -> -84.611359
A34: -96 | B34: =RADIANS(A34) -> -1.6755161 | C34: =DEGREES(ACOS(SIN(C$5)*SIN($C$6)+COS(C$5)*COS($C$6)*COS($B34))) -> 79.326672 | D34: =90-C34 -> 10.673328 | E34: =DEGREES(-ACOS((SIN(RADIANS(D34))*SIN($C$6)-SIN(C$5))/(COS(RADIANS(D34))*COS($C$6)))) -> -111.8063 | F34: =DEGREES(ACOS(SIN(G$5)*SIN($C$6)+COS(G$5)*COS($C$6)*COS($B34))) -> 86.906884 | G34: =90-F34 -> 3.0931161 | H34: =DEGREES(-ACOS((SIN(RADIANS(G34))*SIN($C$6)-SIN(G$5))/(COS(RADIANS(G34))*COS($C$6)))) -> -102.78919 | I34: =DEGREES(ACOS(SIN(J$5)*SIN($C$6)+COS(J$5)*COS($C$6)*COS($B34))) -> 94.562314 | J34: =90-I34 -> -4.5623139 | K34: =DEGREES(-ACOS((SIN(RADIANS(J34))*SIN($C$6)-SIN(J$5))/(COS(RADIANS(J34))*COS($C$6)))) -> -93.900959 | L34: =DEGREES(ACOS(SIN(M$5)*SIN($C$6)+COS(M$5)*COS($C$6)*COS($B34))) -> 102.10629 | M34: =90-L34 -> -12.106292 | N34: =DEGREES(-ACOS((SIN(RADIANS(M34))*SIN($C$6)-SIN(M$5))/(COS(RADIANS(M34))*COS($C$6)))) -> -84.822221 | O34: =DEGREES(ACOS(SIN(P$5)*SIN($C$6)+COS(P$5)*COS($C$6)*COS($B34))) -> 109.33898 | P34: =90-O34 -> -19.33898 | Q34: =DEGREES(-ACOS((SIN(RADIANS(P34))*SIN($C$6)-SIN(P$5))/(COS(RADIANS(P34))*COS($C$6)))) -> -75.226366 | R34: =DEGREES(ACOS(SIN(S$5)*SIN($C$6)+COS(S$5)*COS($C$6)*COS($B34))) -> 102.77672 | S34: =90-R34 -> -12.77672 | T34: =DEGREES(-ACOS((SIN(RADIANS(S34))*SIN($C$6)-SIN(S$5))/(COS(RADIANS(S34))*COS($C$6)))) -> -83.980244
A35: -95 | B35: =RADIANS(A35) -> -1.6580628 | C35: =DEGREES(ACOS(SIN(C$5)*SIN($C$6)+COS(C$5)*COS($C$6)*COS($B35))) -> 78.618696 | D35: =90-C35 -> 11.381304 | E35: =DEGREES(-ACOS((SIN(RADIANS(D35))*SIN($C$6)-SIN(C$5))/(COS(RADIANS(D35))*COS($C$6)))) -> -111.21188 | F35: =DEGREES(ACOS(SIN(G$5)*SIN($C$6)+COS(G$5)*COS($C$6)*COS($B35))) -> 86.163866 | G35: =90-F35 -> 3.8361338 | H35: =DEGREES(-ACOS((SIN(RADIANS(G35))*SIN($C$6)-SIN(G$5))/(COS(RADIANS(G35))*COS($C$6)))) -> -102.15035 | I35: =DEGREES(ACOS(SIN(J$5)*SIN($C$6)+COS(J$5)*COS($C$6)*COS($B35))) -> 93.802826 | J35: =90-I35 -> -3.8028261 | K35: =DEGREES(-ACOS((SIN(RADIANS(J35))*SIN($C$6)-SIN(J$5))/(COS(RADIANS(J35))*COS($C$6)))) -> -93.248695 | L35: =DEGREES(ACOS(SIN(M$5)*SIN($C$6)+COS(M$5)*COS($C$6)*COS($B35))) -> 101.34882 | M35: =90-L35 -> -11.34882 | N35: =DEGREES(-ACOS((SIN(RADIANS(M35))*SIN($C$6)-SIN(M$5))/(COS(RADIANS(M35))*COS($C$6)))) -> -84.188553 | O35: =DEGREES(ACOS(SIN(P$5)*SIN($C$6)+COS(P$5)*COS($C$6)*COS($B35))) -> 108.60416 | P35: =90-O35 -> -18.604161 | Q35: =DEGREES(-ACOS((SIN(RADIANS(P35))*SIN($C$6)-SIN(P$5))/(COS(RADIANS(P35))*COS($C$6)))) -> -74.645562 | R35: =DEGREES(ACOS(SIN(S$5)*SIN($C$6)+COS(S$5)*COS($C$6)*COS($B35))) -> 102.0204 | S35: =90-R35 -> -12.020398 | T35: =DEGREES(-ACOS((SIN(RADIANS(S35))*SIN($C$6)-SIN(S$5))/(COS(RADIANS(S35))*COS($C$6)))) -> -83.349909
A36: -94 | B36: =RADIANS(A36) -> -1.6406095 | C36: =DEGREES(ACOS(SIN(C$5)*SIN($C$6)+COS(C$5)*COS($C$6)*COS($B36))) -> 77.907869 | D36: =90-C36 -> 12.092131 | E36: =DEGREES(-ACOS((SIN(RADIANS(D36))*SIN($C$6)-SIN(C$5))/(COS(RADIANS(D36))*COS($C$6)))) -> -110.61953 | F36: =DEGREES(ACOS(SIN(G$5)*SIN($C$6)+COS(G$5)*COS($C$6)*COS($B36))) -> 85.419065 | G36: =90-F36 -> 4.5809352 | H36: =DEGREES(-ACOS((SIN(RADIANS(G36))*SIN($C$6)-SIN(G$5))/(COS(RADIANS(G36))*COS($C$6)))) -> -101.51303 | I36: =DEGREES(ACOS(SIN(J$5)*SIN($C$6)+COS(J$5)*COS($C$6)*COS($B36))) -> 93.042848 | J36: =90-I36 -> -3.0428479 | K36: =DEGREES(-ACOS((SIN(RADIANS(J36))*SIN($C$6)-SIN(J$5))/(COS(RADIANS(J36))*COS($C$6)))) -> -92.59758 | L36: =DEGREES(ACOS(SIN(M$5)*SIN($C$6)+COS(M$5)*COS($C$6)*COS($B36))) -> 100.5922 | M36: =90-L36 -> -10.5922 | N36: =DEGREES(-ACOS((SIN(RADIANS(M36))*SIN($C$6)-SIN(M$5))/(COS(RADIANS(M36))*COS($C$6)))) -> -83.555506 | O36: =DEGREES(ACOS(SIN(P$5)*SIN($C$6)+COS(P$5)*COS($C$6)*COS($B36))) -> 107.87138 | P36: =90-O36 -> -17.871384 | Q36: =DEGREES(-ACOS((SIN(RADIANS(P36))*SIN($C$6)-SIN(P$5))/(COS(RADIANS(P36))*COS($C$6)))) -> -74.064391 | R36: =DEGREES(ACOS(SIN(S$5)*SIN($C$6)+COS(S$5)*COS($C$6)*COS($B36))) -> 101.26504 | S36: =90-R36 -> -11.265045 | T36: =DEGREES(-ACOS((SIN(RADIANS(S36))*SIN($C$6)-SIN(S$5))/(COS(RADIANS(S36))*COS($C$6)))) -> -82.720129
A37: -93 | B37: =RADIANS(A37) -> -1.6231562 | C37: =DEGREES(ACOS(SIN(C$5)*SIN($C$6)+COS(C$5)*COS($C$6)*COS($B37))) -> 77.194276 | D37: =90-C37 -> 12.805724 | E37: =DEGREES(-ACOS((SIN(RADIANS(D37))*SIN($C$6)-SIN(C$5))/(COS(RADIANS(D37))*COS($C$6)))) -> -110.02909 | F37: =DEGREES(ACOS(SIN(G$5)*SIN($C$6)+COS(G$5)*COS($C$6)*COS($B37))) -> 84.672576 | G37: =90-F37 -> 5.3274242 | H37: =DEGREES(-ACOS((SIN(RADIANS(G37))*SIN($C$6)-SIN(G$5))/(COS(RADIANS(G37))*COS($C$6)))) -> -100.87705 | I37: =DEGREES(ACOS(SIN(J$5)*SIN($C$6)+COS(J$5)*COS($C$6)*COS($B37))) -> 92.282478 | J37: =90-I37 -> -2.282478 | K37: =DEGREES(-ACOS((SIN(RADIANS(J37))*SIN($C$6)-SIN(J$5))/(COS(RADIANS(J37))*COS($C$6)))) -> -91.947383 | L37: =DEGREES(ACOS(SIN(M$5)*SIN($C$6)+COS(M$5)*COS($C$6)*COS($B37))) -> 99.836523 | M37: =90-L37 -> -9.8365227 | N37: =DEGREES(-ACOS((SIN(RADIANS(M37))*SIN($C$6)-SIN(M$5))/(COS(RADIANS(M37))*COS($C$6)))) -> -82.922855 | O37: =DEGREES(ACOS(SIN(P$5)*SIN($C$6)+COS(P$5)*COS($C$6)*COS($B37))) -> 107.14073 | P37: =90-O37 -> -17.140729 | Q37: =DEGREES(-ACOS((SIN(RADIANS(P37))*SIN($C$6)-SIN(P$5))/(COS(RADIANS(P37))*COS($C$6)))) -> -73.482668 | R37: =DEGREES(ACOS(SIN(S$5)*SIN($C$6)+COS(S$5)*COS($C$6)*COS($B37))) -> 100.51075 | S37: =90-R37 -> -10.510751 | T37: =DEGREES(-ACOS((SIN(RADIANS(S37))*SIN($C$6)-SIN(S$5))/(COS(RADIANS(S37))*COS($C$6)))) -> -82.090681
A38: -92 | B38: =RADIANS(A38) -> -1.6057029 | C38: =DEGREES(ACOS(SIN(C$5)*SIN($C$6)+COS(C$5)*COS($C$6)*COS($B38))) -> 76.478001 | D38: =90-C38 -> 13.521999 | E38: =DEGREES(-ACOS((SIN(RADIANS(D38))*SIN($C$6)-SIN(C$5))/(COS(RADIANS(D38))*COS($C$6)))) -> -109.44039 | F38: =DEGREES(ACOS(SIN(G$5)*SIN($C$6)+COS(G$5)*COS($C$6)*COS($B38))) -> 83.924494 | G38: =90-F38 -> 6.0755058 | H38: =DEGREES(-ACOS((SIN(RADIANS(G38))*SIN($C$6)-SIN(G$5))/(COS(RADIANS(G38))*COS($C$6)))) -> -100.24218 | I38: =DEGREES(ACOS(SIN(J$5)*SIN($C$6)+COS(J$5)*COS($C$6)*COS($B38))) -> 91.521815 | J38: =90-I38 -> -1.5218147 | K38: =DEGREES(-ACOS((SIN(RADIANS(J38))*SIN($C$6)-SIN(J$5))/(COS(RADIANS(J38))*COS($C$6)))) -> -91.297874 | L38: =DEGREES(ACOS(SIN(M$5)*SIN($C$6)+COS(M$5)*COS($C$6)*COS($B38))) -> 99.081881 | M38: =90-L38 -> -9.0818808 | N38: =DEGREES(-ACOS((SIN(RADIANS(M38))*SIN($C$6)-SIN(M$5))/(COS(RADIANS(M38))*COS($C$6)))) -> -82.290376 | O38: =DEGREES(ACOS(SIN(P$5)*SIN($C$6)+COS(P$5)*COS($C$6)*COS($B38))) -> 106.41227 | P38: =90-O38 -> -16.412271 | Q38: =DEGREES(-ACOS((SIN(RADIANS(P38))*SIN($C$6)-SIN(P$5))/(COS(RADIANS(P38))*COS($C$6)))) -> -72.900215 | R38: =DEGREES(ACOS(SIN(S$5)*SIN($C$6)+COS(S$5)*COS($C$6)*COS($B38))) -> 99.757608 | S38: =90-R38 -> -9.7576083 | T38: =DEGREES(-ACOS((SIN(RADIANS(S38))*SIN($C$6)-SIN(S$5))/(COS(RADIANS(S38))*COS($C$6)))) -> -81.461343
A39: -91 | B39: =RADIANS(A39) -> -1.5882496 | C39: =DEGREES(ACOS(SIN(C$5)*SIN($C$6)+COS(C$5)*COS($C$6)*COS($B39))) -> 75.759128 | D39: =90-C39 -> 14.240872 | E39: =DEGREES(-ACOS((SIN(RADIANS(D39))*SIN($C$6)-SIN(C$5))/(COS(RADIANS(D39))*COS($C$6)))) -> -108.85328 | F39: =DEGREES(ACOS(SIN(G$5)*SIN($C$6)+COS(G$5)*COS($C$6)*COS($B39))) -> 83.174914 | G39: =90-F39 -> 6.8250856 | H39: =DEGREES(-ACOS((SIN(RADIANS(G39))*SIN($C$6)-SIN(G$5))/(COS(RADIANS(G39))*COS($C$6)))) -> -99.608211 | I39: =DEGREES(ACOS(SIN(J$5)*SIN($C$6)+COS(J$5)*COS($C$6)*COS($B39))) -> 90.760956 | J39: =90-I39 -> -0.76095616 | K39: =DEGREES(-ACOS((SIN(RADIANS(J39))*SIN($C$6)-SIN(J$5))/(COS(RADIANS(J39))*COS($C$6)))) -> -90.648822 | L39: =DEGREES(ACOS(SIN(M$5)*SIN($C$6)+COS(M$5)*COS($C$6)*COS($B39))) -> 98.328366 | M39: =90-L39 -> -8.3283658 | N39: =DEGREES(-ACOS((SIN(RADIANS(M39))*SIN($C$6)-SIN(M$5))/(COS(RADIANS(M39))*COS($C$6)))) -> -81.65785 | O39: =DEGREES(ACOS(SIN(P$5)*SIN($C$6)+COS(P$5)*COS($C$6)*COS($B39))) -> 105.68609 | P39: =90-O39 -> -15.686089 | Q39: =DEGREES(-ACOS((SIN(RADIANS(P39))*SIN($C$6)-SIN(P$5))/(COS(RADIANS(P39))*COS($C$6)))) -> -72.316854 | R39: =DEGREES(ACOS(SIN(S$5)*SIN($C$6)+COS(S$5)*COS($C$6)*COS($B39))) -> 99.005706 | S39: =90-R39 -> -9.0057063 | T39: =DEGREES(-ACOS((SIN(RADIANS(S39))*SIN($C$6)-SIN(S$5))/(COS(RADIANS(S39))*COS($C$6)))) -> -80.8319
A40: -90 | B40: =RADIANS(A40) -> -1.5707963 | C40: =DEGREES(ACOS(SIN(C$5)*SIN($C$6)+COS(C$5)*COS($C$6)*COS($B40))) -> 75.037737 | D40: =90-C40 -> 14.962263 | E40: =DEGREES(-ACOS((SIN(RADIANS(D40))*SIN($C$6)-SIN(C$5))/(COS(RADIANS(D40))*COS($C$6)))) -> -108.26759 | F40: =DEGREES(ACOS(SIN(G$5)*SIN($C$6)+COS(G$5)*COS($C$6)*COS($B40))) -> 82.42393 | G40: =90-F40 -> 7.5760699 | H40: =DEGREES(-ACOS((SIN(RADIANS(G40))*SIN($C$6)-SIN(G$5))/(COS(RADIANS(G40))*COS($C$6)))) -> -98.97494 | I40: =DEGREES(ACOS(SIN(J$5)*SIN($C$6)+COS(J$5)*COS($C$6)*COS($B40))) -> 90 | J40: =90-I40 -> 0 | K40: =DEGREES(-ACOS((SIN(RADIANS(J40))*SIN($C$6)-SIN(J$5))/(COS(RADIANS(J40))*COS($C$6)))) -> -90 | L40: =DEGREES(ACOS(SIN(M$5)*SIN($C$6)+COS(M$5)*COS($C$6)*COS($B40))) -> 97.57607 | M40: =90-L40 -> -7.5760699 | N40: =DEGREES(-ACOS((SIN(RADIANS(M40))*SIN($C$6)-SIN(M$5))/(COS(RADIANS(M40))*COS($C$6)))) -> -81.02506 | O40: =DEGREES(ACOS(SIN(P$5)*SIN($C$6)+COS(P$5)*COS($C$6)*COS($B40))) -> 104.96226 | P40: =90-O40 -> -14.962263 | Q40: =DEGREES(-ACOS((SIN(RADIANS(P40))*SIN($C$6)-SIN(P$5))/(COS(RADIANS(P40))*COS($C$6)))) -> -71.732413 | R40: =DEGREES(ACOS(SIN(S$5)*SIN($C$6)+COS(S$5)*COS($C$6)*COS($B40))) -> 98.255137 | S40: =90-R40 -> -8.2551365 | T40: =DEGREES(-ACOS((SIN(RADIANS(S40))*SIN($C$6)-SIN(S$5))/(COS(RADIANS(S40))*COS($C$6)))) -> -80.202136 | V40: =E40 -> -108.26759 | Y40: =D40 -> 14.962263
A41: -89 | B41: =RADIANS(A41) -> -1.553343 | C41: =DEGREES(ACOS(SIN(C$5)*SIN($C$6)+COS(C$5)*COS($C$6)*COS($B41))) -> 74.313911 | D41: =90-C41 -> 15.686089 | E41: =DEGREES(-ACOS((SIN(RADIANS(D41))*SIN($C$6)-SIN(C$5))/(COS(RADIANS(D41))*COS($C$6)))) -> -107.68315 | F41: =DEGREES(ACOS(SIN(G$5)*SIN($C$6)+COS(G$5)*COS($C$6)*COS($B41))) -> 81.671634 | G41: =90-F41 -> 8.3283658 | H41: =DEGREES(-ACOS((SIN(RADIANS(G41))*SIN($C$6)-SIN(G$5))/(COS(RADIANS(G41))*COS($C$6)))) -> -98.34215 | I41: =DEGREES(ACOS(SIN(J$5)*SIN($C$6)+COS(J$5)*COS($C$6)*COS($B41))) -> 89.239044 | J41: =90-I41 -> 0.76095616 | K41: =DEGREES(-ACOS((SIN(RADIANS(J41))*SIN($C$6)-SIN(J$5))/(COS(RADIANS(J41))*COS($C$6)))) -> -89.351178 | L41: =DEGREES(ACOS(SIN(M$5)*SIN($C$6)+COS(M$5)*COS($C$6)*COS($B41))) -> 96.825086 | M41: =90-L41 -> -6.8250856 | N41: =DEGREES(-ACOS((SIN(RADIANS(M41))*SIN($C$6)-SIN(M$5))/(COS(RADIANS(M41))*COS($C$6)))) -> -80.391789 | O41: =DEGREES(ACOS(SIN(P$5)*SIN($C$6)+COS(P$5)*COS($C$6)*COS($B41))) -> 104.24087 | P41: =90-O41 -> -14.240872 | Q41: =DEGREES(-ACOS((SIN(RADIANS(P41))*SIN($C$6)-SIN(P$5))/(COS(RADIANS(P41))*COS($C$6)))) -> -71.146721 | R41: =DEGREES(ACOS(SIN(S$5)*SIN($C$6)+COS(S$5)*COS($C$6)*COS($B41))) -> 97.505991 | S41: =90-R41 -> -7.5059908 | T41: =DEGREES(-ACOS((SIN(RADIANS(S41))*SIN($C$6)-SIN(S$5))/(COS(RADIANS(S41))*COS($C$6)))) -> -79.571837 | V41: =H40 -> -98.97494 | Y41: =G40 -> 7.5760699
A42: -88 | B42: =RADIANS(A42) -> -1.5358897 | C42: =DEGREES(ACOS(SIN(C$5)*SIN($C$6)+COS(C$5)*COS($C$6)*COS($B42))) -> 73.587729 | D42: =90-C42 -> 16.412271 | E42: =DEGREES(-ACOS((SIN(RADIANS(D42))*SIN($C$6)-SIN(C$5))/(COS(RADIANS(D42))*COS($C$6)))) -> -107.09979 | F42: =DEGREES(ACOS(SIN(G$5)*SIN($C$6)+COS(G$5)*COS($C$6)*COS($B42))) -> 80.918119 | G42: =90-F42 -> 9.0818808 | H42: =DEGREES(-ACOS((SIN(RADIANS(G42))*SIN($C$6)-SIN(G$5))/(COS(RADIANS(G42))*COS($C$6)))) -> -97.709624 | I42: =DEGREES(ACOS(SIN(J$5)*SIN($C$6)+COS(J$5)*COS($C$6)*COS($B42))) -> 88.478185 | J42: =90-I42 -> 1.5218147 | K42: =DEGREES(-ACOS((SIN(RADIANS(J42))*SIN($C$6)-SIN(J$5))/(COS(RADIANS(J42))*COS($C$6)))) -> -88.702126 | L42: =DEGREES(ACOS(SIN(M$5)*SIN($C$6)+COS(M$5)*COS($C$6)*COS($B42))) -> 96.075506 | M42: =90-L42 -> -6.0755058 | N42: =DEGREES(-ACOS((SIN(RADIANS(M42))*SIN($C$6)-SIN(M$5))/(COS(RADIANS(M42))*COS($C$6)))) -> -79.757824 | O42: =DEGREES(ACOS(SIN(P$5)*SIN($C$6)+COS(P$5)*COS($C$6)*COS($B42))) -> 103.522 | P42: =90-O42 -> -13.521999 | Q42: =DEGREES(-ACOS((SIN(RADIANS(P42))*SIN($C$6)-SIN(P$5))/(COS(RADIANS(P42))*COS($C$6)))) -> -70.55961 | R42: =DEGREES(ACOS(SIN(S$5)*SIN($C$6)+COS(S$5)*COS($C$6)*COS($B42))) -> 96.758361 | S42: =90-R42 -> -6.7583611 | T42: =DEGREES(-ACOS((SIN(RADIANS(S42))*SIN($C$6)-SIN(S$5))/(COS(RADIANS(S42))*COS($C$6)))) -> -78.940794 | V42: =K40 -> -90 | Y42: =J40 -> 0
A43: -87 | B43: =RADIANS(A43) -> -1.5184364 | C43: =DEGREES(ACOS(SIN(C$5)*SIN($C$6)+COS(C$5)*COS($C$6)*COS($B43))) -> 72.859271 | D43: =90-C43 -> 17.140729 | E43: =DEGREES(-ACOS((SIN(RADIANS(D43))*SIN($C$6)-SIN(C$5))/(COS(RADIANS(D43))*COS($C$6)))) -> -106.51733 | F43: =DEGREES(ACOS(SIN(G$5)*SIN($C$6)+COS(G$5)*COS($C$6)*COS($B43))) -> 80.163477 | G43: =90-F43 -> 9.8365227 | H43: =DEGREES(-ACOS((SIN(RADIANS(G43))*SIN($C$6)-SIN(G$5))/(COS(RADIANS(G43))*COS($C$6)))) -> -97.077145 | I43: =DEGREES(ACOS(SIN(J$5)*SIN($C$6)+COS(J$5)*COS($C$6)*COS($B43))) -> 87.717522 | J43: =90-I43 -> 2.282478 | K43: =DEGREES(-ACOS((SIN(RADIANS(J43))*SIN($C$6)-SIN(J$5))/(COS(RADIANS(J43))*COS($C$6)))) -> -88.052617 | L43: =DEGREES(ACOS(SIN(M$5)*SIN($C$6)+COS(M$5)*COS($C$6)*COS($B43))) -> 95.327424 | M43: =90-L43 -> -5.3274242 | N43: =DEGREES(-ACOS((SIN(RADIANS(M43))*SIN($C$6)-SIN(M$5))/(COS(RADIANS(M43))*COS($C$6)))) -> -79.122954 | O43: =DEGREES(ACOS(SIN(P$5)*SIN($C$6)+COS(P$5)*COS($C$6)*COS($B43))) -> 102.80572 | P43: =90-O43 -> -12.805724 | Q43: =DEGREES(-ACOS((SIN(RADIANS(P43))*SIN($C$6)-SIN(P$5))/(COS(RADIANS(P43))*COS($C$6)))) -> -69.970914 | R43: =DEGREES(ACOS(SIN(S$5)*SIN($C$6)+COS(S$5)*COS($C$6)*COS($B43))) -> 96.01234 | S43: =90-R43 -> -6.0123402 | T43: =DEGREES(-ACOS((SIN(RADIANS(S43))*SIN($C$6)-SIN(S$5))/(COS(RADIANS(S43))*COS($C$6)))) -> -78.308796 | V43: =N40 -> -81.02506 | Y43: =M40 -> -7.5760699
A44: -86 | B44: =RADIANS(A44) -> -1.5009832 | C44: =DEGREES(ACOS(SIN(C$5)*SIN($C$6)+COS(C$5)*COS($C$6)*COS($B44))) -> 72.128616 | D44: =90-C44 -> 17.871384 | E44: =DEGREES(-ACOS((SIN(RADIANS(D44))*SIN($C$6)-SIN(C$5))/(COS(RADIANS(D44))*COS($C$6)))) -> -105.93561 | F44: =DEGREES(ACOS(SIN(G$5)*SIN($C$6)+COS(G$5)*COS($C$6)*COS($B44))) -> 79.4078 | G44: =90-F44 -> 10.5922 | H44: =DEGREES(-ACOS((SIN(RADIANS(G44))*SIN($C$6)-SIN(G$5))/(COS(RADIANS(G44))*COS($C$6)))) -> -96.444494 | I44: =DEGREES(ACOS(SIN(J$5)*SIN($C$6)+COS(J$5)*COS($C$6)*COS($B44))) -> 86.957152 | J44: =90-I44 -> 3.0428479 | K44: =DEGREES(-ACOS((SIN(RADIANS(J44))*SIN($C$6)-SIN(J$5))/(COS(RADIANS(J44))*COS($C$6)))) -> -87.40242 | L44: =DEGREES(ACOS(SIN(M$5)*SIN($C$6)+COS(M$5)*COS($C$6)*COS($B44))) -> 94.580935 | M44: =90-L44 -> -4.5809352 | N44: =DEGREES(-ACOS((SIN(RADIANS(M44))*SIN($C$6)-SIN(M$5))/(COS(RADIANS(M44))*COS($C$6)))) -> -78.486967 | O44: =DEGREES(ACOS(SIN(P$5)*SIN($C$6)+COS(P$5)*COS($C$6)*COS($B44))) -> 102.09213 | P44: =90-O44 -> -12.092131 | Q44: =DEGREES(-ACOS((SIN(RADIANS(P44))*SIN($C$6)-SIN(P$5))/(COS(RADIANS(P44))*COS($C$6)))) -> -69.38047 | R44: =DEGREES(ACOS(SIN(S$5)*SIN($C$6)+COS(S$5)*COS($C$6)*COS($B44))) -> 95.268022 | S44: =90-R44 -> -5.2680219 | T44: =DEGREES(-ACOS((SIN(RADIANS(S44))*SIN($C$6)-SIN(S$5))/(COS(RADIANS(S44))*COS($C$6)))) -> -77.675638 | V44: =Q40 -> -71.732413 | Y44: =P40 -> -14.962263
A45: -85 | B45: =RADIANS(A45) -> -1.4835299 | C45: =DEGREES(ACOS(SIN(C$5)*SIN($C$6)+COS(C$5)*COS($C$6)*COS($B45))) -> 71.395839 | D45: =90-C45 -> 18.604161 | E45: =DEGREES(-ACOS((SIN(RADIANS(D45))*SIN($C$6)-SIN(C$5))/(COS(RADIANS(D45))*COS($C$6)))) -> -105.35444 | F45: =DEGREES(ACOS(SIN(G$5)*SIN($C$6)+COS(G$5)*COS($C$6)*COS($B45))) -> 78.65118 | G45: =90-F45 -> 11.34882 | H45: =DEGREES(-ACOS((SIN(RADIANS(G45))*SIN($C$6)-SIN(G$5))/(COS(RADIANS(G45))*COS($C$6)))) -> -95.811447 | I45: =DEGREES(ACOS(SIN(J$5)*SIN($C$6)+COS(J$5)*COS($C$6)*COS($B45))) -> 86.197174 | J45: =90-I45 -> 3.8028261 | K45: =DEGREES(-ACOS((SIN(RADIANS(J45))*SIN($C$6)-SIN(J$5))/(COS(RADIANS(J45))*COS($C$6)))) -> -86.751305 | L45: =DEGREES(ACOS(SIN(M$5)*SIN($C$6)+COS(M$5)*COS($C$6)*COS($B45))) -> 93.836134 | M45: =90-L45 -> -3.8361338 | N45: =DEGREES(-ACOS((SIN(RADIANS(M45))*SIN($C$6)-SIN(M$5))/(COS(RADIANS(M45))*COS($C$6)))) -> -77.849655 | O45: =DEGREES(ACOS(SIN(P$5)*SIN($C$6)+COS(P$5)*COS($C$6)*COS($B45))) -> 101.3813 | P45: =90-O45 -> -11.381304 | Q45: =DEGREES(-ACOS((SIN(RADIANS(P45))*SIN($C$6)-SIN(P$5))/(COS(RADIANS(P45))*COS($C$6)))) -> -68.788117 | R45: =DEGREES(ACOS(SIN(S$5)*SIN($C$6)+COS(S$5)*COS($C$6)*COS($B45))) -> 94.5255 | S45: =90-R45 -> -4.5255004 | T45: =DEGREES(-ACOS((SIN(RADIANS(S45))*SIN($C$6)-SIN(S$5))/(COS(RADIANS(S45))*COS($C$6)))) -> -77.041112
A46: -84 | B46: =RADIANS(A46) -> -1.4660766 | C46: =DEGREES(ACOS(SIN(C$5)*SIN($C$6)+COS(C$5)*COS($C$6)*COS($B46))) -> 70.66102 | D46: =90-C46 -> 19.33898 | E46: =DEGREES(-ACOS((SIN(RADIANS(D46))*SIN($C$6)-SIN(C$5))/(COS(RADIANS(D46))*COS($C$6)))) -> -104.77363 | F46: =DEGREES(ACOS(SIN(G$5)*SIN($C$6)+COS(G$5)*COS($C$6)*COS($B46))) -> 77.893708 | G46: =90-F46 -> 12.106292 | H46: =DEGREES(-ACOS((SIN(RADIANS(G46))*SIN($C$6)-SIN(G$5))/(COS(RADIANS(G46))*COS($C$6)))) -> -95.177779 | I46: =DEGREES(ACOS(SIN(J$5)*SIN($C$6)+COS(J$5)*COS($C$6)*COS($B46))) -> 85.437686 | J46: =90-I46 -> 4.5623139 | K46: =DEGREES(-ACOS((SIN(RADIANS(J46))*SIN($C$6)-SIN(J$5))/(COS(RADIANS(J46))*COS($C$6)))) -> -86.099041 | L46: =DEGREES(ACOS(SIN(M$5)*SIN($C$6)+COS(M$5)*COS($C$6)*COS($B46))) -> 93.093116 | M46: =90-L46 -> -3.0931161 | N46: =DEGREES(-ACOS((SIN(RADIANS(M46))*SIN($C$6)-SIN(M$5))/(COS(RADIANS(M46))*COS($C$6)))) -> -77.210809 | O46: =DEGREES(ACOS(SIN(P$5)*SIN($C$6)+COS(P$5)*COS($C$6)*COS($B46))) -> 100.67333 | P46: =90-O46 -> -10.673328 | Q46: =DEGREES(-ACOS((SIN(RADIANS(P46))*SIN($C$6)-SIN(P$5))/(COS(RADIANS(P46))*COS($C$6)))) -> -68.193696 | R46: =DEGREES(ACOS(SIN(S$5)*SIN($C$6)+COS(S$5)*COS($C$6)*COS($B46))) -> 93.784871 | S46: =90-R46 -> -3.7848711 | T46: =DEGREES(-ACOS((SIN(RADIANS(S46))*SIN($C$6)-SIN(S$5))/(COS(RADIANS(S46))*COS($C$6)))) -> -76.405015
A47: -83 | B47: =RADIANS(A47) -> -1.4486233 | C47: =DEGREES(ACOS(SIN(C$5)*SIN($C$6)+COS(C$5)*COS($C$6)*COS($B47))) -> 69.924234 | D47: =90-C47 -> 20.075766 | E47: =DEGREES(-ACOS((SIN(RADIANS(D47))*SIN($C$6)-SIN(C$5))/(COS(RADIANS(D47))*COS($C$6)))) -> -104.19301 | F47: =DEGREES(ACOS(SIN(G$5)*SIN($C$6)+COS(G$5)*COS($C$6)*COS($B47))) -> 77.135476 | G47: =90-F47 -> 12.864524 | H47: =DEGREES(-ACOS((SIN(RADIANS(G47))*SIN($C$6)-SIN(G$5))/(COS(RADIANS(G47))*COS($C$6)))) -> -94.543263 | I47: =DEGREES(ACOS(SIN(J$5)*SIN($C$6)+COS(J$5)*COS($C$6)*COS($B47))) -> 84.678788 | J47: =90-I47 -> 5.3212116 | K47: =DEGREES(-ACOS((SIN(RADIANS(J47))*SIN($C$6)-SIN(J$5))/(COS(RADIANS(J47))*COS($C$6)))) -> -85.445397 | L47: =DEGREES(ACOS(SIN(M$5)*SIN($C$6)+COS(M$5)*COS($C$6)*COS($B47))) -> 92.351979 | M47: =90-L47 -> -2.3519792 | N47: =DEGREES(-ACOS((SIN(RADIANS(M47))*SIN($C$6)-SIN(M$5))/(COS(RADIANS(M47))*COS($C$6)))) -> -76.570223 | O47: =DEGREES(ACOS(SIN(P$5)*SIN($C$6)+COS(P$5)*COS($C$6)*COS($B47))) -> 99.968291 | P47: =90-O47 -> -9.9682907 | Q47: =DEGREES(-ACOS((SIN(RADIANS(P47))*SIN($C$6)-SIN(P$5))/(COS(RADIANS(P47))*COS($C$6)))) -> -67.597049 | R47: =DEGREES(ACOS(SIN(S$5)*SIN($C$6)+COS(S$5)*COS($C$6)*COS($B47))) -> 93.04623 | S47: =90-R47 -> -3.0462303 | T47: =DEGREES(-ACOS((SIN(RADIANS(S47))*SIN($C$6)-SIN(S$5))/(COS(RADIANS(S47))*COS($C$6)))) -> -75.767143
A48: -82 | B48: =RADIANS(A48) -> -1.43117 | C48: =DEGREES(ACOS(SIN(C$5)*SIN($C$6)+COS(C$5)*COS($C$6)*COS($B48))) -> 69.185558 | D48: =90-C48 -> 20.814442 | E48: =DEGREES(-ACOS((SIN(RADIANS(D48))*SIN($C$6)-SIN(C$5))/(COS(RADIANS(D48))*COS($C$6)))) -> -103.61238 | F48: =DEGREES(ACOS(SIN(G$5)*SIN($C$6)+COS(G$5)*COS($C$6)*COS($B48))) -> 76.376576 | G48: =90-F48 -> 13.623424 | H48: =DEGREES(-ACOS((SIN(RADIANS(G48))*SIN($C$6)-SIN(G$5))/(COS(RADIANS(G48))*COS($C$6)))) -> -93.907666 | I48: =DEGREES(ACOS(SIN(J$5)*SIN($C$6)+COS(J$5)*COS($C$6)*COS($B48))) -> 83.920581 | J48: =90-I48 -> 6.079419 | K48: =DEGREES(-ACOS((SIN(RADIANS(J48))*SIN($C$6)-SIN(J$5))/(COS(RADIANS(J48))*COS($C$6)))) -> -84.790138 | L48: =DEGREES(ACOS(SIN(M$5)*SIN($C$6)+COS(M$5)*COS($C$6)*COS($B48))) -> 91.612821 | M48: =90-L48 -> -1.6128213 | N48: =DEGREES(-ACOS((SIN(RADIANS(M48))*SIN($C$6)-SIN(M$5))/(COS(RADIANS(M48))*COS($C$6)))) -> -75.92769 | O48: =DEGREES(ACOS(SIN(P$5)*SIN($C$6)+COS(P$5)*COS($C$6)*COS($B48))) -> 99.266279 | P48: =90-O48 -> -9.2662795 | Q48: =DEGREES(-ACOS((SIN(RADIANS(P48))*SIN($C$6)-SIN(P$5))/(COS(RADIANS(P48))*COS($C$6)))) -> -66.998021 | R48: =DEGREES(ACOS(SIN(S$5)*SIN($C$6)+COS(S$5)*COS($C$6)*COS($B48))) -> 92.309676 | S48: =90-R48 -> -2.3096758 | T48: =DEGREES(-ACOS((SIN(RADIANS(S48))*SIN($C$6)-SIN(S$5))/(COS(RADIANS(S48))*COS($C$6)))) -> -75.127293
A49: -81 | B49: =RADIANS(A49) -> -1.4137167 | C49: =DEGREES(ACOS(SIN(C$5)*SIN($C$6)+COS(C$5)*COS($C$6)*COS($B49))) -> 68.445066 | D49: =90-C49 -> 21.554934 | E49: =DEGREES(-ACOS((SIN(RADIANS(D49))*SIN($C$6)-SIN(C$5))/(COS(RADIANS(D49))*COS($C$6)))) -> -103.03155 | F49: =DEGREES(ACOS(SIN(G$5)*SIN($C$6)+COS(G$5)*COS($C$6)*COS($B49))) -> 75.6171 | G49: =90-F49 -> 14.3829 | H49: =DEGREES(-ACOS((SIN(RADIANS(G49))*SIN($C$6)-SIN(G$5))/(COS(RADIANS(G49))*COS($C$6)))) -> -93.270752 | I49: =DEGREES(ACOS(SIN(J$5)*SIN($C$6)+COS(J$5)*COS($C$6)*COS($B49))) -> 83.163165 | J49: =90-I49 -> 6.8368351 | K49: =DEGREES(-ACOS((SIN(RADIANS(J49))*SIN($C$6)-SIN(J$5))/(COS(RADIANS(J49))*COS($C$6)))) -> -84.133031 | L49: =DEGREES(ACOS(SIN(M$5)*SIN($C$6)+COS(M$5)*COS($C$6)*COS($B49))) -> 90.875742 | M49: =90-L49 -> -0.87574184 | N49: =DEGREES(-ACOS((SIN(RADIANS(M49))*SIN($C$6)-SIN(M$5))/(COS(RADIANS(M49))*COS($C$6)))) -> -75.283005 | O49: =DEGREES(ACOS(SIN(P$5)*SIN($C$6)+COS(P$5)*COS($C$6)*COS($B49))) -> 98.567384 | P49: =90-O49 -> -8.5673837 | Q49: =DEGREES(-ACOS((SIN(RADIANS(P49))*SIN($C$6)-SIN(P$5))/(COS(RADIANS(P49))*COS($C$6)))) -> -66.396459 | R49: =DEGREES(ACOS(SIN(S$5)*SIN($C$6)+COS(S$5)*COS($C$6)*COS($B49))) -> 91.575306 | S49: =90-R49 -> -1.5753061 | T49: =DEGREES(-ACOS((SIN(RADIANS(S49))*SIN($C$6)-SIN(S$5))/(COS(RADIANS(S49))*COS($C$6)))) -> -74.485263
A50: -80 | B50: =RADIANS(A50) -> -1.3962634 | C50: =DEGREES(ACOS(SIN(C$5)*SIN($C$6)+COS(C$5)*COS($C$6)*COS($B50))) -> 67.702834 | D50: =90-C50 -> 22.297166 | E50: =DEGREES(-ACOS((SIN(RADIANS(D50))*SIN($C$6)-SIN(C$5))/(COS(RADIANS(D50))*COS($C$6)))) -> -102.45031 | F50: =DEGREES(ACOS(SIN(G$5)*SIN($C$6)+COS(G$5)*COS($C$6)*COS($B50))) -> 74.857141 | G50: =90-F50 -> 15.142859 | H50: =DEGREES(-ACOS((SIN(RADIANS(G50))*SIN($C$6)-SIN(G$5))/(COS(RADIANS(G50))*COS($C$6)))) -> -92.632284 | I50: =DEGREES(ACOS(SIN(J$5)*SIN($C$6)+COS(J$5)*COS($C$6)*COS($B50))) -> 82.406642 | J50: =90-I50 -> 7.5933575 | K50: =DEGREES(-ACOS((SIN(RADIANS(J50))*SIN($C$6)-SIN(J$5))/(COS(RADIANS(J50))*COS($C$6)))) -> -83.473839 | L50: =DEGREES(ACOS(SIN(M$5)*SIN($C$6)+COS(M$5)*COS($C$6)*COS($B50))) -> 90.140842 | M50: =90-L50 -> -0.14084158 | N50: =DEGREES(-ACOS((SIN(RADIANS(M50))*SIN($C$6)-SIN(M$5))/(COS(RADIANS(M50))*COS($C$6)))) -> -74.635963 | O50: =DEGREES(ACOS(SIN(P$5)*SIN($C$6)+COS(P$5)*COS($C$6)*COS($B50))) -> 97.871694 | P50: =90-O50 -> -7.8716941 | Q50: =DEGREES(-ACOS((SIN(RADIANS(P50))*SIN($C$6)-SIN(P$5))/(COS(RADIANS(P50))*COS($C$6)))) -> -65.79221 | R50: =DEGREES(ACOS(SIN(S$5)*SIN($C$6)+COS(S$5)*COS($C$6)*COS($B50))) -> 90.843222 | S50: =90-R50 -> -0.84322164 | T50: =DEGREES(-ACOS((SIN(RADIANS(S50))*SIN($C$6)-SIN(S$5))/(COS(RADIANS(S50))*COS($C$6)))) -> -73.840853
A51: -79 | B51: =RADIANS(A51) -> -1.3788101 | C51: =DEGREES(ACOS(SIN(C$5)*SIN($C$6)+COS(C$5)*COS($C$6)*COS($B51))) -> 66.958937 | D51: =90-C51 -> 23.041063 | E51: =DEGREES(-ACOS((SIN(RADIANS(D51))*SIN($C$6)-SIN(C$5))/(COS(RADIANS(D51))*COS($C$6)))) -> -101.86846 | F51: =DEGREES(ACOS(SIN(G$5)*SIN($C$6)+COS(G$5)*COS($C$6)*COS($B51))) -> 74.096793 | G51: =90-F51 -> 15.903207 | H51: =DEGREES(-ACOS((SIN(RADIANS(G51))*SIN($C$6)-SIN(G$5))/(COS(RADIANS(G51))*COS($C$6)))) -> -91.992018 | I51: =DEGREES(ACOS(SIN(J$5)*SIN($C$6)+COS(J$5)*COS($C$6)*COS($B51))) -> 81.651117 | J51: =90-I51 -> 8.3488832 | K51: =DEGREES(-ACOS((SIN(RADIANS(J51))*SIN($C$6)-SIN(J$5))/(COS(RADIANS(J51))*COS($C$6)))) -> -82.812323 | L51: =DEGREES(ACOS(SIN(M$5)*SIN($C$6)+COS(M$5)*COS($C$6)*COS($B51))) -> 89.408223 | M51: =90-L51 -> 0.59177727 | N51: =DEGREES(-ACOS((SIN(RADIANS(M51))*SIN($C$6)-SIN(M$5))/(COS(RADIANS(M51))*COS($C$6)))) -> -73.98636 | O51: =DEGREES(ACOS(SIN(P$5)*SIN($C$6)+COS(P$5)*COS($C$6)*COS($B51))) -> 97.179303 | P51: =90-O51 -> -7.179303 | Q51: =DEGREES(-ACOS((SIN(RADIANS(P51))*SIN($C$6)-SIN(P$5))/(COS(RADIANS(P51))*COS($C$6)))) -> -65.185123 | R51: =DEGREES(ACOS(SIN(S$5)*SIN($C$6)+COS(S$5)*COS($C$6)*COS($B51))) -> 90.113524 | S51: =90-R51 -> -0.11352385 | T51: =DEGREES(-ACOS((SIN(RADIANS(S51))*SIN($C$6)-SIN(S$5))/(COS(RADIANS(S51))*COS($C$6)))) -> -73.193862
A52: -78 | B52: =RADIANS(A52) -> -1.3613568 | C52: =DEGREES(ACOS(SIN(C$5)*SIN($C$6)+COS(C$5)*COS($C$6)*COS($B52))) -> 66.213449 | D52: =90-C52 -> 23.786551 | E52: =DEGREES(-ACOS((SIN(RADIANS(D52))*SIN($C$6)-SIN(C$5))/(COS(RADIANS(D52))*COS($C$6)))) -> -101.2858 | F52: =DEGREES(ACOS(SIN(G$5)*SIN($C$6)+COS(G$5)*COS($C$6)*COS($B52))) -> 73.336148 | G52: =90-F52 -> 16.663852 | H52: =DEGREES(-ACOS((SIN(RADIANS(G52))*SIN($C$6)-SIN(G$5))/(COS(RADIANS(G52))*COS($C$6)))) -> -91.349706 | I52: =DEGREES(ACOS(SIN(J$5)*SIN($C$6)+COS(J$5)*COS($C$6)*COS($B52))) -> 80.896693 | J52: =90-I52 -> 9.1033073 | K52: =DEGREES(-ACOS((SIN(RADIANS(J52))*SIN($C$6)-SIN(J$5))/(COS(RADIANS(J52))*COS($C$6)))) -> -82.148244 | L52: =DEGREES(ACOS(SIN(M$5)*SIN($C$6)+COS(M$5)*COS($C$6)*COS($B52))) -> 88.677989 | M52: =90-L52 -> 1.322011 | N52: =DEGREES(-ACOS((SIN(RADIANS(M52))*SIN($C$6)-SIN(M$5))/(COS(RADIANS(M52))*COS($C$6)))) -> -73.33399 | O52: =DEGREES(ACOS(SIN(P$5)*SIN($C$6)+COS(P$5)*COS($C$6)*COS($B52))) -> 96.490304 | P52: =90-O52 -> -6.4903041 | Q52: =DEGREES(-ACOS((SIN(RADIANS(P52))*SIN($C$6)-SIN(P$5))/(COS(RADIANS(P52))*COS($C$6)))) -> -64.57505 | R52: =DEGREES(ACOS(SIN(S$5)*SIN($C$6)+COS(S$5)*COS($C$6)*COS($B52))) -> 89.386316 | S52: =90-R52 -> 0.61368406 | T52: =DEGREES(-ACOS((SIN(RADIANS(S52))*SIN($C$6)-SIN(S$5))/(COS(RADIANS(S52))*COS($C$6)))) -> -72.54409
A53: -77 | B53: =RADIANS(A53) -> -1.3439035 | C53: =DEGREES(ACOS(SIN(C$5)*SIN($C$6)+COS(C$5)*COS($C$6)*COS($B53))) -> 65.466446 | D53: =90-C53 -> 24.533554 | E53: =DEGREES(-ACOS((SIN(RADIANS(D53))*SIN($C$6)-SIN(C$5))/(COS(RADIANS(D53))*COS($C$6)))) -> -100.7021 | F53: =DEGREES(ACOS(SIN(G$5)*SIN($C$6)+COS(G$5)*COS($C$6)*COS($B53))) -> 72.575302 | G53: =90-F53 -> 17.424698 | H53: =DEGREES(-ACOS((SIN(RADIANS(G53))*SIN($C$6)-SIN(G$5))/(COS(RADIANS(G53))*COS($C$6)))) -> -90.705095 | I53: =DEGREES(ACOS(SIN(J$5)*SIN($C$6)+COS(J$5)*COS($C$6)*COS($B53))) -> 80.143476 | J53: =90-I53 -> 9.8565239 | K53: =DEGREES(-ACOS((SIN(RADIANS(J53))*SIN($C$6)-SIN(J$5))/(COS(RADIANS(J53))*COS($C$6)))) -> -81.481359 | L53: =DEGREES(ACOS(SIN(M$5)*SIN($C$6)+COS(M$5)*COS($C$6)*COS($B53))) -> 87.950246 | M53: =90-L53 -> 2.0497541 | N53: =DEGREES(-ACOS((SIN(RADIANS(M53))*SIN($C$6)-SIN(M$5))/(COS(RADIANS(M53))*COS($C$6)))) -> -72.678651 | O53: =DEGREES(ACOS(SIN(P$5)*SIN($C$6)+COS(P$5)*COS($C$6)*COS($B53))) -> 95.804793 | P53: =90-O53 -> -5.804793 | Q53: =DEGREES(-ACOS((SIN(RADIANS(P53))*SIN($C$6)-SIN(P$5))/(COS(RADIANS(P53))*COS($C$6)))) -> -63.961841 | R53: =DEGREES(ACOS(SIN(S$5)*SIN($C$6)+COS(S$5)*COS($C$6)*COS($B53))) -> 88.661703 | S53: =90-R53 -> 1.3382973 | T53: =DEGREES(-ACOS((SIN(RADIANS(S53))*SIN($C$6)-SIN(S$5))/(COS(RADIANS(S53))*COS($C$6)))) -> -71.891337
A54: -76 | B54: =RADIANS(A54) -> -1.3264502 | C54: =DEGREES(ACOS(SIN(C$5)*SIN($C$6)+COS(C$5)*COS($C$6)*COS($B54))) -> 64.718002 | D54: =90-C54 -> 25.281998 | E54: =DEGREES(-ACOS((SIN(RADIANS(D54))*SIN($C$6)-SIN(C$5))/(COS(RADIANS(D54))*COS($C$6)))) -> -100.11716 | F54: =DEGREES(ACOS(SIN(G$5)*SIN($C$6)+COS(G$5)*COS($C$6)*COS($B54))) -> 71.81435 | G54: =90-F54 -> 18.18565 | H54: =DEGREES(-ACOS((SIN(RADIANS(G54))*SIN($C$6)-SIN(G$5))/(COS(RADIANS(G54))*COS($C$6)))) -> -90.057929 | I54: =DEGREES(ACOS(SIN(J$5)*SIN($C$6)+COS(J$5)*COS($C$6)*COS($B54))) -> 79.391575 | J54: =90-I54 -> 10.608425 | K54: =DEGREES(-ACOS((SIN(RADIANS(J54))*SIN($C$6)-SIN(J$5))/(COS(RADIANS(J54))*COS($C$6)))) -> -80.811423 | L54: =DEGREES(ACOS(SIN(M$5)*SIN($C$6)+COS(M$5)*COS($C$6)*COS($B54))) -> 87.225101 | M54: =90-L54 -> 2.7748995 | N54: =DEGREES(-ACOS((SIN(RADIANS(M54))*SIN($C$6)-SIN(M$5))/(COS(RADIANS(M54))*COS($C$6)))) -> -72.020136 | O54: =DEGREES(ACOS(SIN(P$5)*SIN($C$6)+COS(P$5)*COS($C$6)*COS($B54))) -> 95.122866 | P54: =90-O54 -> -5.1228664 | Q54: =DEGREES(-ACOS((SIN(RADIANS(P54))*SIN($C$6)-SIN(P$5))/(COS(RADIANS(P54))*COS($C$6)))) -> -63.345351 | R54: =DEGREES(ACOS(SIN(S$5)*SIN($C$6)+COS(S$5)*COS($C$6)*COS($B54))) -> 87.939791 | S54: =90-R54 -> 2.0602093 | T54: =DEGREES(-ACOS((SIN(RADIANS(S54))*SIN($C$6)-SIN(S$5))/(COS(RADIANS(S54))*COS($C$6)))) -> -71.235403
A55: -75 | B55: =RADIANS(A55) -> -1.3089969 | C55: =DEGREES(ACOS(SIN(C$5)*SIN($C$6)+COS(C$5)*COS($C$6)*COS($B55))) -> 63.968192 | D55: =90-C55 -> 26.031808 | E55: =DEGREES(-ACOS((SIN(RADIANS(D55))*SIN($C$6)-SIN(C$5))/(COS(RADIANS(D55))*COS($C$6)))) -> -99.530731 | F55: =DEGREES(ACOS(SIN(G$5)*SIN($C$6)+COS(G$5)*COS($C$6)*COS($B55))) -> 71.05339 | G55: =90-F55 -> 18.94661 | H55: =DEGREES(-ACOS((SIN(RADIANS(G55))*SIN($C$6)-SIN(G$5))/(COS(RADIANS(G55))*COS($C$6)))) -> -89.407943 | I55: =DEGREES(ACOS(SIN(J$5)*SIN($C$6)+COS(J$5)*COS($C$6)*COS($B55))) -> 78.641097 | J55: =90-I55 -> 11.358903 | K55: =DEGREES(-ACOS((SIN(RADIANS(J55))*SIN($C$6)-SIN(J$5))/(COS(RADIANS(J55))*COS($C$6)))) -> -80.138188 | L55: =DEGREES(ACOS(SIN(M$5)*SIN($C$6)+COS(M$5)*COS($C$6)*COS($B55))) -> 86.502662 | M55: =90-L55 -> 3.4973382 | N55: =DEGREES(-ACOS((SIN(RADIANS(M55))*SIN($C$6)-SIN(M$5))/(COS(RADIANS(M55))*COS($C$6)))) -> -71.358243 | O55: =DEGREES(ACOS(SIN(P$5)*SIN($C$6)+COS(P$5)*COS($C$6)*COS($B55))) -> 94.444623 | P55: =90-O55 -> -4.4446233 | Q55: =DEGREES(-ACOS((SIN(RADIANS(P55))*SIN($C$6)-SIN(P$5))/(COS(RADIANS(P55))*COS($C$6)))) -> -62.725434 | R55: =DEGREES(ACOS(SIN(S$5)*SIN($C$6)+COS(S$5)*COS($C$6)*COS($B55))) -> 87.220688 | S55: =90-R55 -> 2.7793116 | T55: =DEGREES(-ACOS((SIN(RADIANS(S55))*SIN($C$6)-SIN(S$5))/(COS(RADIANS(S55))*COS($C$6)))) -> -70.57609 | V55: =E55 -> -99.530731 | Z55: =D55 -> 26.031808
A56: -74 | B56: =RADIANS(A56) -> -1.2915436 | C56: =DEGREES(ACOS(SIN(C$5)*SIN($C$6)+COS(C$5)*COS($C$6)*COS($B56))) -> 63.21709 | D56: =90-C56 -> 26.78291 | E56: =DEGREES(-ACOS((SIN(RADIANS(D56))*SIN($C$6)-SIN(C$5))/(COS(RADIANS(D56))*COS($C$6)))) -> -98.942591 | F56: =DEGREES(ACOS(SIN(G$5)*SIN($C$6)+COS(G$5)*COS($C$6)*COS($B56))) -> 70.29252 | G56: =90-F56 -> 19.70748 | H56: =DEGREES(-ACOS((SIN(RADIANS(G56))*SIN($C$6)-SIN(G$5))/(COS(RADIANS(G56))*COS($C$6)))) -> -88.754871 | I56: =DEGREES(ACOS(SIN(J$5)*SIN($C$6)+COS(J$5)*COS($C$6)*COS($B56))) -> 77.892156 | J56: =90-I56 -> 12.107844 | K56: =DEGREES(-ACOS((SIN(RADIANS(J56))*SIN($C$6)-SIN(J$5))/(COS(RADIANS(J56))*COS($C$6)))) -> -79.461405 | L56: =DEGREES(ACOS(SIN(M$5)*SIN($C$6)+COS(M$5)*COS($C$6)*COS($B56))) -> 85.783041 | M56: =90-L56 -> 4.2169592 | N56: =DEGREES(-ACOS((SIN(RADIANS(M56))*SIN($C$6)-SIN(M$5))/(COS(RADIANS(M56))*COS($C$6)))) -> -70.692767 | O56: =DEGREES(ACOS(SIN(P$5)*SIN($C$6)+COS(P$5)*COS($C$6)*COS($B56))) -> 93.770164 | P56: =90-O56 -> -3.7701641 | Q56: =DEGREES(-ACOS((SIN(RADIANS(P56))*SIN($C$6)-SIN(P$5))/(COS(RADIANS(P56))*COS($C$6)))) -> -62.101946 | R56: =DEGREES(ACOS(SIN(S$5)*SIN($C$6)+COS(S$5)*COS($C$6)*COS($B56))) -> 86.504506 | S56: =90-R56 -> 3.4954939 | T56: =DEGREES(-ACOS((SIN(RADIANS(S56))*SIN($C$6)-SIN(S$5))/(COS(RADIANS(S56))*COS($C$6)))) -> -69.913198 | V56: =H55 -> -89.407943 | Z56: =G55 -> 18.94661
A57: -73 | B57: =RADIANS(A57) -> -1.2740904 | C57: =DEGREES(ACOS(SIN(C$5)*SIN($C$6)+COS(C$5)*COS($C$6)*COS($B57))) -> 62.464772 | D57: =90-C57 -> 27.535228 | E57: =DEGREES(-ACOS((SIN(RADIANS(D57))*SIN($C$6)-SIN(C$5))/(COS(RADIANS(D57))*COS($C$6)))) -> -98.352497 | F57: =DEGREES(ACOS(SIN(G$5)*SIN($C$6)+COS(G$5)*COS($C$6)*COS($B57))) -> 69.531838 | G57: =90-F57 -> 20.468162 | H57: =DEGREES(-ACOS((SIN(RADIANS(G57))*SIN($C$6)-SIN(G$5))/(COS(RADIANS(G57))*COS($C$6)))) -> -88.098436 | I57: =DEGREES(ACOS(SIN(J$5)*SIN($C$6)+COS(J$5)*COS($C$6)*COS($B57))) -> 77.144863 | J57: =90-I57 -> 12.855137 | K57: =DEGREES(-ACOS((SIN(RADIANS(J57))*SIN($C$6)-SIN(J$5))/(COS(RADIANS(J57))*COS($C$6)))) -> -78.78082 | L57: =DEGREES(ACOS(SIN(M$5)*SIN($C$6)+COS(M$5)*COS($C$6)*COS($B57))) -> 85.06635 | M57: =90-L57 -> 4.9336497 | N57: =DEGREES(-ACOS((SIN(RADIANS(M57))*SIN($C$6)-SIN(M$5))/(COS(RADIANS(M57))*COS($C$6)))) -> -70.023504 | O57: =DEGREES(ACOS(SIN(P$5)*SIN($C$6)+COS(P$5)*COS($C$6)*COS($B57))) -> 93.099591 | P57: =90-O57 -> -3.099591 | Q57: =DEGREES(-ACOS((SIN(RADIANS(P57))*SIN($C$6)-SIN(P$5))/(COS(RADIANS(P57))*COS($C$6)))) -> -61.474744 | R57: =DEGREES(ACOS(SIN(S$5)*SIN($C$6)+COS(S$5)*COS($C$6)*COS($B57))) -> 85.791356 | S57: =90-R57 -> 4.2086439 | T57: =DEGREES(-ACOS((SIN(RADIANS(S57))*SIN($C$6)-SIN(S$5))/(COS(RADIANS(S57))*COS($C$6)))) -> -69.246527 | V57: =K55 -> -80.138188 | Z57: =J55 -> 11.358903
A58: -72 | B58: =RADIANS(A58) -> -1.2566371 | C58: =DEGREES(ACOS(SIN(C$5)*SIN($C$6)+COS(C$5)*COS($C$6)*COS($B58))) -> 61.711313 | D58: =90-C58 -> 28.288687 | E58: =DEGREES(-ACOS((SIN(RADIANS(D58))*SIN($C$6)-SIN(C$5))/(COS(RADIANS(D58))*COS($C$6)))) -> -97.760199 | F58: =DEGREES(ACOS(SIN(G$5)*SIN($C$6)+COS(G$5)*COS($C$6)*COS($B58))) -> 68.771447 | G58: =90-F58 -> 21.228553 | H58: =DEGREES(-ACOS((SIN(RADIANS(G58))*SIN($C$6)-SIN(G$5))/(COS(RADIANS(G58))*COS($C$6)))) -> -87.438358 | I58: =DEGREES(ACOS(SIN(J$5)*SIN($C$6)+COS(J$5)*COS($C$6)*COS($B58))) -> 76.399334 | J58: =90-I58 -> 13.600666 | K58: =DEGREES(-ACOS((SIN(RADIANS(J58))*SIN($C$6)-SIN(J$5))/(COS(RADIANS(J58))*COS($C$6)))) -> -78.096175 | L58: =DEGREES(ACOS(SIN(M$5)*SIN($C$6)+COS(M$5)*COS($C$6)*COS($B58))) -> 84.352706 | M58: =90-L58 -> 5.6472942 | N58: =DEGREES(-ACOS((SIN(RADIANS(M58))*SIN($C$6)-SIN(M$5))/(COS(RADIANS(M58))*COS($C$6)))) -> -69.350248 | O58: =DEGREES(ACOS(SIN(P$5)*SIN($C$6)+COS(P$5)*COS($C$6)*COS($B58))) -> 92.433008 | P58: =90-O58 -> -2.4330082 | Q58: =DEGREES(-ACOS((SIN(RADIANS(P58))*SIN($C$6)-SIN(P$5))/(COS(RADIANS(P58))*COS($C$6)))) -> -60.843687 | R58: =DEGREES(ACOS(SIN(S$5)*SIN($C$6)+COS(S$5)*COS($C$6)*COS($B58))) -> 85.081353 | S58: =90-R58 -> 4.9186469 | T58: =DEGREES(-ACOS((SIN(RADIANS(S58))*SIN($C$6)-SIN(S$5))/(COS(RADIANS(S58))*COS($C$6)))) -> -68.575878 | V58: =N55 -> -71.358243 | Z58: =M55 -> 3.4973382
A59: -71 | B59: =RADIANS(A59) -> -1.2391838 | C59: =DEGREES(ACOS(SIN(C$5)*SIN($C$6)+COS(C$5)*COS($C$6)*COS($B59))) -> 60.956791 | D59: =90-C59 -> 29.043209 | E59: =DEGREES(-ACOS((SIN(RADIANS(D59))*SIN($C$6)-SIN(C$5))/(COS(RADIANS(D59))*COS($C$6)))) -> -97.165442 | F59: =DEGREES(ACOS(SIN(G$5)*SIN($C$6)+COS(G$5)*COS($C$6)*COS($B59))) -> 68.011449 | G59: =90-F59 -> 21.988551 | H59: =DEGREES(-ACOS((SIN(RADIANS(G59))*SIN($C$6)-SIN(G$5))/(COS(RADIANS(G59))*COS($C$6)))) -> -86.774347 | I59: =DEGREES(ACOS(SIN(J$5)*SIN($C$6)+COS(J$5)*COS($C$6)*COS($B59))) -> 75.655687 | J59: =90-I59 -> 14.344313 | K59: =DEGREES(-ACOS((SIN(RADIANS(J59))*SIN($C$6)-SIN(J$5))/(COS(RADIANS(J59))*COS($C$6)))) -> -77.407212 | L59: =DEGREES(ACOS(SIN(M$5)*SIN($C$6)+COS(M$5)*COS($C$6)*COS($B59))) -> 83.642224 | M59: =90-L59 -> 6.3577756 | N59: =DEGREES(-ACOS((SIN(RADIANS(M59))*SIN($C$6)-SIN(M$5))/(COS(RADIANS(M59))*COS($C$6)))) -> -68.672794 | O59: =DEGREES(ACOS(SIN(P$5)*SIN($C$6)+COS(P$5)*COS($C$6)*COS($B59))) -> 91.770522 | P59: =90-O59 -> -1.7705216 | Q59: =DEGREES(-ACOS((SIN(RADIANS(P59))*SIN($C$6)-SIN(P$5))/(COS(RADIANS(P59))*COS($C$6)))) -> -60.208635 | R59: =DEGREES(ACOS(SIN(S$5)*SIN($C$6)+COS(S$5)*COS($C$6)*COS($B59))) -> 84.374614 | S59: =90-R59 -> 5.6253862 | T59: =DEGREES(-ACOS((SIN(RADIANS(S59))*SIN($C$6)-SIN(S$5))/(COS(RADIANS(S59))*COS($C$6)))) -> -67.90105 | V59: =Q55 -> -62.725434 | Z59: =P55 -> -4.4446233
A60: -70 | B60: =RADIANS(A60) -> -1.2217305 | C60: =DEGREES(ACOS(SIN(C$5)*SIN($C$6)+COS(C$5)*COS($C$6)*COS($B60))) -> 60.201281 | D60: =90-C60 -> 29.798719 | E60: =DEGREES(-ACOS((SIN(RADIANS(D60))*SIN($C$6)-SIN(C$5))/(COS(RADIANS(D60))*COS($C$6)))) -> -96.567958 | F60: =DEGREES(ACOS(SIN(G$5)*SIN($C$6)+COS(G$5)*COS($C$6)*COS($B60))) -> 67.251949 | G60: =90-F60 -> 22.748051 | H60: =DEGREES(-ACOS((SIN(RADIANS(G60))*SIN($C$6)-SIN(G$5))/(COS(RADIANS(G60))*COS($C$6)))) -> -86.106109 | I60: =DEGREES(ACOS(SIN(J$5)*SIN($C$6)+COS(J$5)*COS($C$6)*COS($B60))) -> 74.914041 | J60: =90-I60 -> 15.085959 | K60: =DEGREES(-ACOS((SIN(RADIANS(J60))*SIN($C$6)-SIN(J$5))/(COS(RADIANS(J60))*COS($C$6)))) -> -76.713666 | L60: =DEGREES(ACOS(SIN(M$5)*SIN($C$6)+COS(M$5)*COS($C$6)*COS($B60))) -> 82.935026 | M60: =90-L60 -> 7.0649739 | N60: =DEGREES(-ACOS((SIN(RADIANS(M60))*SIN($C$6)-SIN(M$5))/(COS(RADIANS(M60))*COS($C$6)))) -> -67.990936 | O60: =DEGREES(ACOS(SIN(P$5)*SIN($C$6)+COS(P$5)*COS($C$6)*COS($B60))) -> 91.112239 | P60: =90-O60 -> -1.1122393 | Q60: =DEGREES(-ACOS((SIN(RADIANS(P60))*SIN($C$6)-SIN(P$5))/(COS(RADIANS(P60))*COS($C$6)))) -> -59.569447 | R60: =DEGREES(ACOS(SIN(S$5)*SIN($C$6)+COS(S$5)*COS($C$6)*COS($B60))) -> 83.671257 | S60: =90-R60 -> 6.3287428 | T60: =DEGREES(-ACOS((SIN(RADIANS(S60))*SIN($C$6)-SIN(S$5))/(COS(RADIANS(S60))*COS($C$6)))) -> -67.221846
A61: -69 | B61: =RADIANS(A61) -> -1.2042772 | C61: =DEGREES(ACOS(SIN(C$5)*SIN($C$6)+COS(C$5)*COS($C$6)*COS($B61))) -> 59.444861 | D61: =90-C61 -> 30.555139 | E61: =DEGREES(-ACOS((SIN(RADIANS(D61))*SIN($C$6)-SIN(C$5))/(COS(RADIANS(D61))*COS($C$6)))) -> -95.967473 | F61: =DEGREES(ACOS(SIN(G$5)*SIN($C$6)+COS(G$5)*COS($C$6)*COS($B61))) -> 66.493053 | G61: =90-F61 -> 23.506947 | H61: =DEGREES(-ACOS((SIN(RADIANS(G61))*SIN($C$6)-SIN(G$5))/(COS(RADIANS(G61))*COS($C$6)))) -> -85.433341 | I61: =DEGREES(ACOS(SIN(J$5)*SIN($C$6)+COS(J$5)*COS($C$6)*COS($B61))) -> 74.17452 | J61: =90-I61 -> 15.82548 | K61: =DEGREES(-ACOS((SIN(RADIANS(J61))*SIN($C$6)-SIN(J$5))/(COS(RADIANS(J61))*COS($C$6)))) -> -76.015271 | L61: =DEGREES(ACOS(SIN(M$5)*SIN($C$6)+COS(M$5)*COS($C$6)*COS($B61))) -> 82.231233 | M61: =90-L61 -> 7.7687669 | N61: =DEGREES(-ACOS((SIN(RADIANS(M61))*SIN($C$6)-SIN(M$5))/(COS(RADIANS(M61))*COS($C$6)))) -> -67.304469 | O61: =DEGREES(ACOS(SIN(P$5)*SIN($C$6)+COS(P$5)*COS($C$6)*COS($B61))) -> 90.458271 | P61: =90-O61 -> -0.45827124 | Q61: =DEGREES(-ACOS((SIN(RADIANS(P61))*SIN($C$6)-SIN(P$5))/(COS(RADIANS(P61))*COS($C$6)))) -> -58.925986 | R61: =DEGREES(ACOS(SIN(S$5)*SIN($C$6)+COS(S$5)*COS($C$6)*COS($B61))) -> 82.971405 | S61: =90-R61 -> 7.028595 | T61: =DEGREES(-ACOS((SIN(RADIANS(S61))*SIN($C$6)-SIN(S$5))/(COS(RADIANS(S61))*COS($C$6)))) -> -66.538063
A62: -68 | B62: =RADIANS(A62) -> -1.1868239 | C62: =DEGREES(ACOS(SIN(C$5)*SIN($C$6)+COS(C$5)*COS($C$6)*COS($B62))) -> 58.687609 | D62: =90-C62 -> 31.312391 | E62: =DEGREES(-ACOS((SIN(RADIANS(D62))*SIN($C$6)-SIN(C$5))/(COS(RADIANS(D62))*COS($C$6)))) -> -95.363701 | F62: =DEGREES(ACOS(SIN(G$5)*SIN($C$6)+COS(G$5)*COS($C$6)*COS($B62))) -> 65.734872 | G62: =90-F62 -> 24.265128 | H62: =DEGREES(-ACOS((SIN(RADIANS(G62))*SIN($C$6)-SIN(G$5))/(COS(RADIANS(G62))*COS($C$6)))) -> -84.75573 | I62: =DEGREES(ACOS(SIN(J$5)*SIN($C$6)+COS(J$5)*COS($C$6)*COS($B62))) -> 73.437249 | J62: =90-I62 -> 16.562751 | K62: =DEGREES(-ACOS((SIN(RADIANS(J62))*SIN($C$6)-SIN(J$5))/(COS(RADIANS(J62))*COS($C$6)))) -> -75.311754 | L62: =DEGREES(ACOS(SIN(M$5)*SIN($C$6)+COS(M$5)*COS($C$6)*COS($B62))) -> 81.53097 | M62: =90-L62 -> 8.4690298 | N62: =DEGREES(-ACOS((SIN(RADIANS(M62))*SIN($C$6)-SIN(M$5))/(COS(RADIANS(M62))*COS($C$6)))) -> -66.613186 | O62: =DEGREES(ACOS(SIN(P$5)*SIN($C$6)+COS(P$5)*COS($C$6)*COS($B62))) -> 89.808729 | P62: =90-O62 -> 0.1912707 | Q62: =DEGREES(-ACOS((SIN(RADIANS(P62))*SIN($C$6)-SIN(P$5))/(COS(RADIANS(P62))*COS($C$6)))) -> -58.278116 | R62: =DEGREES(ACOS(SIN(S$5)*SIN($C$6)+COS(S$5)*COS($C$6)*COS($B62))) -> 82.275181 | S62: =90-R62 -> 7.7248187 | T62: =DEGREES(-ACOS((SIN(RADIANS(S62))*SIN($C$6)-SIN(S$5))/(COS(RADIANS(S62))*COS($C$6)))) -> -65.849502
A63: -67 | B63: =RADIANS(A63) -> -1.1693706 | C63: =DEGREES(ACOS(SIN(C$5)*SIN($C$6)+COS(C$5)*COS($C$6)*COS($B63))) -> 57.929606 | D63: =90-C63 -> 32.070394 | E63: =DEGREES(-ACOS((SIN(RADIANS(D63))*SIN($C$6)-SIN(C$5))/(COS(RADIANS(D63))*COS($C$6)))) -> -94.756346 | F63: =DEGREES(ACOS(SIN(G$5)*SIN($C$6)+COS(G$5)*COS($C$6)*COS($B63))) -> 64.977517 | G63: =90-F63 -> 25.022483 | H63: =DEGREES(-ACOS((SIN(RADIANS(G63))*SIN($C$6)-SIN(G$5))/(COS(RADIANS(G63))*COS($C$6)))) -> -84.072956 | I63: =DEGREES(ACOS(SIN(J$5)*SIN($C$6)+COS(J$5)*COS($C$6)*COS($B63))) -> 72.702356 | J63: =90-I63 -> 17.297644 | K63: =DEGREES(-ACOS((SIN(RADIANS(J63))*SIN($C$6)-SIN(J$5))/(COS(RADIANS(J63))*COS($C$6)))) -> -74.60284 | L63: =DEGREES(ACOS(SIN(M$5)*SIN($C$6)+COS(M$5)*COS($C$6)*COS($B63))) -> 80.834365 | M63: =90-L63 -> 9.1656349 | N63: =DEGREES(-ACOS((SIN(RADIANS(M63))*SIN($C$6)-SIN(M$5))/(COS(RADIANS(M63))*COS($C$6)))) -> -65.91688 | O63: =DEGREES(ACOS(SIN(P$5)*SIN($C$6)+COS(P$5)*COS($C$6)*COS($B63))) -> 89.163728 | P63: =90-O63 -> 0.83627244 | Q63: =DEGREES(-ACOS((SIN(RADIANS(P63))*SIN($C$6)-SIN(P$5))/(COS(RADIANS(P63))*COS($C$6)))) -> -57.625701 | R63: =DEGREES(ACOS(SIN(S$5)*SIN($C$6)+COS(S$5)*COS($C$6)*COS($B63))) -> 81.582713 | S63: =90-R63 -> 8.4172873 | T63: =DEGREES(-ACOS((SIN(RADIANS(S63))*SIN($C$6)-SIN(S$5))/(COS(RADIANS(S63))*COS($C$6)))) -> -65.155963
A64: -66 | B64: =RADIANS(A64) -> -1.1519173 | C64: =DEGREES(ACOS(SIN(C$5)*SIN($C$6)+COS(C$5)*COS($C$6)*COS($B64))) -> 57.170933 | D64: =90-C64 -> 32.829067 | E64: =DEGREES(-ACOS((SIN(RADIANS(D64))*SIN($C$6)-SIN(C$5))/(COS(RADIANS(D64))*COS($C$6)))) -> -94.1451 | F64: =DEGREES(ACOS(SIN(G$5)*SIN($C$6)+COS(G$5)*COS($C$6)*COS($B64))) -> 64.221102 | G64: =90-F64 -> 25.778898 | H64: =DEGREES(-ACOS((SIN(RADIANS(G64))*SIN($C$6)-SIN(G$5))/(COS(RADIANS(G64))*COS($C$6)))) -> -83.38469 | I64: =DEGREES(ACOS(SIN(J$5)*SIN($C$6)+COS(J$5)*COS($C$6)*COS($B64))) -> 71.969973 | J64: =90-I64 -> 18.030027 | K64: =DEGREES(-ACOS((SIN(RADIANS(J64))*SIN($C$6)-SIN(J$5))/(COS(RADIANS(J64))*COS($C$6)))) -> -73.88825 | L64: =DEGREES(ACOS(SIN(M$5)*SIN($C$6)+COS(M$5)*COS($C$6)*COS($B64))) -> 80.141548 | M64: =90-L64 -> 9.8584521 | N64: =DEGREES(-ACOS((SIN(RADIANS(M64))*SIN($C$6)-SIN(M$5))/(COS(RADIANS(M64))*COS($C$6)))) -> -65.215343 | O64: =DEGREES(ACOS(SIN(P$5)*SIN($C$6)+COS(P$5)*COS($C$6)*COS($B64))) -> 88.523382 | P64: =90-O64 -> 1.4766179 | Q64: =DEGREES(-ACOS((SIN(RADIANS(P64))*SIN($C$6)-SIN(P$5))/(COS(RADIANS(P64))*COS($C$6)))) -> -56.968608 | R64: =DEGREES(ACOS(SIN(S$5)*SIN($C$6)+COS(S$5)*COS($C$6)*COS($B64))) -> 80.894129 | S64: =90-R64 -> 9.1058713 | T64: =DEGREES(-ACOS((SIN(RADIANS(S64))*SIN($C$6)-SIN(S$5))/(COS(RADIANS(S64))*COS($C$6)))) -> -64.457245
A65: -65 | B65: =RADIANS(A65) -> -1.134464 | C65: =DEGREES(ACOS(SIN(C$5)*SIN($C$6)+COS(C$5)*COS($C$6)*COS($B65))) -> 56.41167 | D65: =90-C65 -> 33.58833 | E65: =DEGREES(-ACOS((SIN(RADIANS(D65))*SIN($C$6)-SIN(C$5))/(COS(RADIANS(D65))*COS($C$6)))) -> -93.529644 | F65: =DEGREES(ACOS(SIN(G$5)*SIN($C$6)+COS(G$5)*COS($C$6)*COS($B65))) -> 63.465745 | G65: =90-F65 -> 26.534255 | H65: =DEGREES(-ACOS((SIN(RADIANS(G65))*SIN($C$6)-SIN(G$5))/(COS(RADIANS(G65))*COS($C$6)))) -> -82.690594 | I65: =DEGREES(ACOS(SIN(J$5)*SIN($C$6)+COS(J$5)*COS($C$6)*COS($B65))) -> 71.240235 | J65: =90-I65 -> 18.759765 | K65: =DEGREES(-ACOS((SIN(RADIANS(J65))*SIN($C$6)-SIN(J$5))/(COS(RADIANS(J65))*COS($C$6)))) -> -73.167699 | L65: =DEGREES(ACOS(SIN(M$5)*SIN($C$6)+COS(M$5)*COS($C$6)*COS($B65))) -> 79.452652 | M65: =90-L65 -> 10.547348 | N65: =DEGREES(-ACOS((SIN(RADIANS(M65))*SIN($C$6)-SIN(M$5))/(COS(RADIANS(M65))*COS($C$6)))) -> -64.508367 | O65: =DEGREES(ACOS(SIN(P$5)*SIN($C$6)+COS(P$5)*COS($C$6)*COS($B65))) -> 87.887811 | P65: =90-O65 -> 2.1121887 | Q65: =DEGREES(-ACOS((SIN(RADIANS(P65))*SIN($C$6)-SIN(P$5))/(COS(RADIANS(P65))*COS($C$6)))) -> -56.306704 | R65: =DEGREES(ACOS(SIN(S$5)*SIN($C$6)+COS(S$5)*COS($C$6)*COS($B65))) -> 80.209562 | S65: =90-R65 -> 9.7904384 | T65: =DEGREES(-ACOS((SIN(RADIANS(S65))*SIN($C$6)-SIN(S$5))/(COS(RADIANS(S65))*COS($C$6)))) -> -63.753147
A66: -64 | B66: =RADIANS(A66) -> -1.1170107 | C66: =DEGREES(ACOS(SIN(C$5)*SIN($C$6)+COS(C$5)*COS($C$6)*COS($B66))) -> 55.651903 | D66: =90-C66 -> 34.348097 | E66: =DEGREES(-ACOS((SIN(RADIANS(D66))*SIN($C$6)-SIN(C$5))/(COS(RADIANS(D66))*COS($C$6)))) -> -92.909644 | F66: =DEGREES(ACOS(SIN(G$5)*SIN($C$6)+COS(G$5)*COS($C$6)*COS($B66))) -> 62.711566 | G66: =90-F66 -> 27.288434 | H66: =DEGREES(-ACOS((SIN(RADIANS(G66))*SIN($C$6)-SIN(G$5))/(COS(RADIANS(G66))*COS($C$6)))) -> -81.990317 | I66: =DEGREES(ACOS(SIN(J$5)*SIN($C$6)+COS(J$5)*COS($C$6)*COS($B66))) -> 70.513281 | J66: =90-I66 -> 19.486719 | K66: =DEGREES(-ACOS((SIN(RADIANS(J66))*SIN($C$6)-SIN(J$5))/(COS(RADIANS(J66))*COS($C$6)))) -> -72.440899 | L66: =DEGREES(ACOS(SIN(M$5)*SIN($C$6)+COS(M$5)*COS($C$6)*COS($B66))) -> 78.767813 | M66: =90-L66 -> 11.232187 | N66: =DEGREES(-ACOS((SIN(RADIANS(M66))*SIN($C$6)-SIN(M$5))/(COS(RADIANS(M66))*COS($C$6)))) -> -63.795745 | O66: =DEGREES(ACOS(SIN(P$5)*SIN($C$6)+COS(P$5)*COS($C$6)*COS($B66))) -> 87.257136 | P66: =90-O66 -> 2.7428644 | Q66: =DEGREES(-ACOS((SIN(RADIANS(P66))*SIN($C$6)-SIN(P$5))/(COS(RADIANS(P66))*COS($C$6)))) -> -55.639858 | R66: =DEGREES(ACOS(SIN(S$5)*SIN($C$6)+COS(S$5)*COS($C$6)*COS($B66))) -> 79.529146 | S66: =90-R66 -> 10.470854 | T66: =DEGREES(-ACOS((SIN(RADIANS(S66))*SIN($C$6)-SIN(S$5))/(COS(RADIANS(S66))*COS($C$6)))) -> -63.043467
A67: -63 | B67: =RADIANS(A67) -> -1.0995574 | C67: =DEGREES(ACOS(SIN(C$5)*SIN($C$6)+COS(C$5)*COS($C$6)*COS($B67))) -> 54.891716 | D67: =90-C67 -> 35.108284 | E67: =DEGREES(-ACOS((SIN(RADIANS(D67))*SIN($C$6)-SIN(C$5))/(COS(RADIANS(D67))*COS($C$6)))) -> -92.284753 | F67: =DEGREES(ACOS(SIN(G$5)*SIN($C$6)+COS(G$5)*COS($C$6)*COS($B67))) -> 61.958689 | G67: =90-F67 -> 28.041311 | H67: =DEGREES(-ACOS((SIN(RADIANS(G67))*SIN($C$6)-SIN(G$5))/(COS(RADIANS(G67))*COS($C$6)))) -> -81.283501 | I67: =DEGREES(ACOS(SIN(J$5)*SIN($C$6)+COS(J$5)*COS($C$6)*COS($B67))) -> 69.789251 | J67: =90-I67 -> 20.210749 | K67: =DEGREES(-ACOS((SIN(RADIANS(J67))*SIN($C$6)-SIN(J$5))/(COS(RADIANS(J67))*COS($C$6)))) -> -71.707557 | L67: =DEGREES(ACOS(SIN(M$5)*SIN($C$6)+COS(M$5)*COS($C$6)*COS($B67))) -> 78.087171 | M67: =90-L67 -> 11.912829 | N67: =DEGREES(-ACOS((SIN(RADIANS(M67))*SIN($C$6)-SIN(M$5))/(COS(RADIANS(M67))*COS($C$6)))) -> -63.077268 | O67: =DEGREES(ACOS(SIN(P$5)*SIN($C$6)+COS(P$5)*COS($C$6)*COS($B67))) -> 86.631477 | P67: =90-O67 -> 3.3685225 | Q67: =DEGREES(-ACOS((SIN(RADIANS(P67))*SIN($C$6)-SIN(P$5))/(COS(RADIANS(P67))*COS($C$6)))) -> -54.96794 | R67: =DEGREES(ACOS(SIN(S$5)*SIN($C$6)+COS(S$5)*COS($C$6)*COS($B67))) -> 78.853022 | S67: =90-R67 -> 11.146978 | T67: =DEGREES(-ACOS((SIN(RADIANS(S67))*SIN($C$6)-SIN(S$5))/(COS(RADIANS(S67))*COS($C$6)))) -> -62.328005
A68: -62 | B68: =RADIANS(A68) -> -1.0821041 | C68: =DEGREES(ACOS(SIN(C$5)*SIN($C$6)+COS(C$5)*COS($C$6)*COS($B68))) -> 54.131198 | D68: =90-C68 -> 35.868802 | E68: =DEGREES(-ACOS((SIN(RADIANS(D68))*SIN($C$6)-SIN(C$5))/(COS(RADIANS(D68))*COS($C$6)))) -> -91.654608 | F68: =DEGREES(ACOS(SIN(G$5)*SIN($C$6)+COS(G$5)*COS($C$6)*COS($B68))) -> 61.207242 | G68: =90-F68 -> 28.792758 | H68: =DEGREES(-ACOS((SIN(RADIANS(G68))*SIN($C$6)-SIN(G$5))/(COS(RADIANS(G68))*COS($C$6)))) -> -80.569774 | I68: =DEGREES(ACOS(SIN(J$5)*SIN($C$6)+COS(J$5)*COS($C$6)*COS($B68))) -> 69.068294 | J68: =90-I68 -> 20.931706 | K68: =DEGREES(-ACOS((SIN(RADIANS(J68))*SIN($C$6)-SIN(J$5))/(COS(RADIANS(J68))*COS($C$6)))) -> -70.967374 | L68: =DEGREES(ACOS(SIN(M$5)*SIN($C$6)+COS(M$5)*COS($C$6)*COS($B68))) -> 77.410868 | M68: =90-L68 -> 12.589132 | N68: =DEGREES(-ACOS((SIN(RADIANS(M68))*SIN($C$6)-SIN(M$5))/(COS(RADIANS(M68))*COS($C$6)))) -> -62.352726 | O68: =DEGREES(ACOS(SIN(P$5)*SIN($C$6)+COS(P$5)*COS($C$6)*COS($B68))) -> 86.010962 | P68: =90-O68 -> 3.989038 | Q68: =DEGREES(-ACOS((SIN(RADIANS(P68))*SIN($C$6)-SIN(P$5))/(COS(RADIANS(P68))*COS($C$6)))) -> -54.290824 | R68: =DEGREES(ACOS(SIN(S$5)*SIN($C$6)+COS(S$5)*COS($C$6)*COS($B68))) -> 78.181328 | S68: =90-R68 -> 11.818672 | T68: =DEGREES(-ACOS((SIN(RADIANS(S68))*SIN($C$6)-SIN(S$5))/(COS(RADIANS(S68))*COS($C$6)))) -> -61.60656
A69: -61 | B69: =RADIANS(A69) -> -1.0646508 | C69: =DEGREES(ACOS(SIN(C$5)*SIN($C$6)+COS(C$5)*COS($C$6)*COS($B69))) -> 53.370436 | D69: =90-C69 -> 36.629564 | E69: =DEGREES(-ACOS((SIN(RADIANS(D69))*SIN($C$6)-SIN(C$5))/(COS(RADIANS(D69))*COS($C$6)))) -> -91.01883 | F69: =DEGREES(ACOS(SIN(G$5)*SIN($C$6)+COS(G$5)*COS($C$6)*COS($B69))) -> 60.457356 | G69: =90-F69 -> 29.542644 | H69: =DEGREES(-ACOS((SIN(RADIANS(G69))*SIN($C$6)-SIN(G$5))/(COS(RADIANS(G69))*COS($C$6)))) -> -79.848754 | I69: =DEGREES(ACOS(SIN(J$5)*SIN($C$6)+COS(J$5)*COS($C$6)*COS($B69))) -> 68.350557 | J69: =90-I69 -> 21.649443 | K69: =DEGREES(-ACOS((SIN(RADIANS(J69))*SIN($C$6)-SIN(J$5))/(COS(RADIANS(J69))*COS($C$6)))) -> -70.220047 | L69: =DEGREES(ACOS(SIN(M$5)*SIN($C$6)+COS(M$5)*COS($C$6)*COS($B69))) -> 76.739049 | M69: =90-L69 -> 13.260951 | N69: =DEGREES(-ACOS((SIN(RADIANS(M69))*SIN($C$6)-SIN(M$5))/(COS(RADIANS(M69))*COS($C$6)))) -> -61.621911 | O69: =DEGREES(ACOS(SIN(P$5)*SIN($C$6)+COS(P$5)*COS($C$6)*COS($B69))) -> 85.395716 | P69: =90-O69 -> 4.6042839 | Q69: =DEGREES(-ACOS((SIN(RADIANS(P69))*SIN($C$6)-SIN(P$5))/(COS(RADIANS(P69))*COS($C$6)))) -> -53.608384 | R69: =DEGREES(ACOS(SIN(S$5)*SIN($C$6)+COS(S$5)*COS($C$6)*COS($B69))) -> 77.514211 | S69: =90-R69 -> 12.485789 | T69: =DEGREES(-ACOS((SIN(RADIANS(S69))*SIN($C$6)-SIN(S$5))/(COS(RADIANS(S69))*COS($C$6)))) -> -60.87893
A70: -60 | B70: =RADIANS(A70) -> -1.0471976 | C70: =DEGREES(ACOS(SIN(C$5)*SIN($C$6)+COS(C$5)*COS($C$6)*COS($B70))) -> 52.609524 | D70: =90-C70 -> 37.390476 | E70: =DEGREES(-ACOS((SIN(RADIANS(D70))*SIN($C$6)-SIN(C$5))/(COS(RADIANS(D70))*COS($C$6)))) -> -90.377024 | F70: =DEGREES(ACOS(SIN(G$5)*SIN($C$6)+COS(G$5)*COS($C$6)*COS($B70))) -> 59.709168 | G70: =90-F70 -> 30.290832 | H70: =DEGREES(-ACOS((SIN(RADIANS(G70))*SIN($C$6)-SIN(G$5))/(COS(RADIANS(G70))*COS($C$6)))) -> -79.120046 | I70: =DEGREES(ACOS(SIN(J$5)*SIN($C$6)+COS(J$5)*COS($C$6)*COS($B70))) -> 67.636197 | J70: =90-I70 -> 22.363803 | K70: =DEGREES(-ACOS((SIN(RADIANS(J70))*SIN($C$6)-SIN(J$5))/(COS(RADIANS(J70))*COS($C$6)))) -> -69.465269 | L70: =DEGREES(ACOS(SIN(M$5)*SIN($C$6)+COS(M$5)*COS($C$6)*COS($B70))) -> 76.071865 | M70: =90-L70 -> 13.928135 | N70: =DEGREES(-ACOS((SIN(RADIANS(M70))*SIN($C$6)-SIN(M$5))/(COS(RADIANS(M70))*COS($C$6)))) -> -60.884613 | O70: =DEGREES(ACOS(SIN(P$5)*SIN($C$6)+COS(P$5)*COS($C$6)*COS($B70))) -> 84.785869 | P70: =90-O70 -> 5.2141306 | Q70: =DEGREES(-ACOS((SIN(RADIANS(P70))*SIN($C$6)-SIN(P$5))/(COS(RADIANS(P70))*COS($C$6)))) -> -52.920496 | R70: =DEGREES(ACOS(SIN(S$5)*SIN($C$6)+COS(S$5)*COS($C$6)*COS($B70))) -> 76.851817 | S70: =90-R70 -> 13.148183 | T70: =DEGREES(-ACOS((SIN(RADIANS(S70))*SIN($C$6)-SIN(S$5))/(COS(RADIANS(S70))*COS($C$6)))) -> -60.144916 | V70: =E70 -> -90.377024 | AA70: =D70 -> 37.390476
A71: -59 | B71: =RADIANS(A71) -> -1.0297443 | C71: =DEGREES(ACOS(SIN(C$5)*SIN($C$6)+COS(C$5)*COS($C$6)*COS($B71))) -> 51.848556 | D71: =90-C71 -> 38.151444 | E71: =DEGREES(-ACOS((SIN(RADIANS(D71))*SIN($C$6)-SIN(C$5))/(COS(RADIANS(D71))*COS($C$6)))) -> -89.728774 | F71: =DEGREES(ACOS(SIN(G$5)*SIN($C$6)+COS(G$5)*COS($C$6)*COS($B71))) -> 58.962816 | G71: =90-F71 -> 31.037184 | H71: =DEGREES(-ACOS((SIN(RADIANS(G71))*SIN($C$6)-SIN(G$5))/(COS(RADIANS(G71))*COS($C$6)))) -> -78.383243 | I71: =DEGREES(ACOS(SIN(J$5)*SIN($C$6)+COS(J$5)*COS($C$6)*COS($B71))) -> 66.925371 | J71: =90-I71 -> 23.074629 | K71: =DEGREES(-ACOS((SIN(RADIANS(J71))*SIN($C$6)-SIN(J$5))/(COS(RADIANS(J71))*COS($C$6)))) -> -68.702726 | L71: =DEGREES(ACOS(SIN(M$5)*SIN($C$6)+COS(M$5)*COS($C$6)*COS($B71))) -> 75.409466 | M71: =90-L71 -> 14.590534 | N71: =DEGREES(-ACOS((SIN(RADIANS(M71))*SIN($C$6)-SIN(M$5))/(COS(RADIANS(M71))*COS($C$6)))) -> -60.140623 | O71: =DEGREES(ACOS(SIN(P$5)*SIN($C$6)+COS(P$5)*COS($C$6)*COS($B71))) -> 84.181553 | P71: =90-O71 -> 5.8184467 | Q71: =DEGREES(-ACOS((SIN(RADIANS(P71))*SIN($C$6)-SIN(P$5))/(COS(RADIANS(P71))*COS($C$6)))) -> -52.227038 | R71: =DEGREES(ACOS(SIN(S$5)*SIN($C$6)+COS(S$5)*COS($C$6)*COS($B71))) -> 76.194298 | S71: =90-R71 -> 13.805702 | T71: =DEGREES(-ACOS((SIN(RADIANS(S71))*SIN($C$6)-SIN(S$5))/(COS(RADIANS(S71))*COS($C$6)))) -> -59.404316 | V71: =H70 -> -79.120046 | AA71: =G70 -> 30.290832
A72: -58 | B72: =RADIANS(A72) -> -1.012291 | C72: =DEGREES(ACOS(SIN(C$5)*SIN($C$6)+COS(C$5)*COS($C$6)*COS($B72))) -> 51.08763 | D72: =90-C72 -> 38.91237 | E72: =DEGREES(-ACOS((SIN(RADIANS(D72))*SIN($C$6)-SIN(C$5))/(COS(RADIANS(D72))*COS($C$6)))) -> -89.073647 | F72: =DEGREES(ACOS(SIN(G$5)*SIN($C$6)+COS(G$5)*COS($C$6)*COS($B72))) -> 58.218447 | G72: =90-F72 -> 31.781553 | H72: =DEGREES(-ACOS((SIN(RADIANS(G72))*SIN($C$6)-SIN(G$5))/(COS(RADIANS(G72))*COS($C$6)))) -> -77.637921 | I72: =DEGREES(ACOS(SIN(J$5)*SIN($C$6)+COS(J$5)*COS($C$6)*COS($B72))) -> 66.218243 | J72: =90-I72 -> 23.781757 | K72: =DEGREES(-ACOS((SIN(RADIANS(J72))*SIN($C$6)-SIN(J$5))/(COS(RADIANS(J72))*COS($C$6)))) -> -67.932102 | L72: =DEGREES(ACOS(SIN(M$5)*SIN($C$6)+COS(M$5)*COS($C$6)*COS($B72))) -> 74.752011 | M72: =90-L72 -> 15.247989 | N72: =DEGREES(-ACOS((SIN(RADIANS(M72))*SIN($C$6)-SIN(M$5))/(COS(RADIANS(M72))*COS($C$6)))) -> -59.389733 | O72: =DEGREES(ACOS(SIN(P$5)*SIN($C$6)+COS(P$5)*COS($C$6)*COS($B72))) -> 83.582902 | P72: =90-O72 -> 6.417098 | Q72: =DEGREES(-ACOS((SIN(RADIANS(P72))*SIN($C$6)-SIN(P$5))/(COS(RADIANS(P72))*COS($C$6)))) -> -51.527891 | R72: =DEGREES(ACOS(SIN(S$5)*SIN($C$6)+COS(S$5)*COS($C$6)*COS($B72))) -> 75.541809 | S72: =90-R72 -> 14.458191 | T72: =DEGREES(-ACOS((SIN(RADIANS(S72))*SIN($C$6)-SIN(S$5))/(COS(RADIANS(S72))*COS($C$6)))) -> -58.656931 | V72: =K70 -> -69.465269 | AA72: =J70 -> 22.363803
A73: -57 | B73: =RADIANS(A73) -> -0.99483767 | C73: =DEGREES(ACOS(SIN(C$5)*SIN($C$6)+COS(C$5)*COS($C$6)*COS($B73))) -> 50.326844 | D73: =90-C73 -> 39.673156 | E73: =DEGREES(-ACOS((SIN(RADIANS(D73))*SIN($C$6)-SIN(C$5))/(COS(RADIANS(D73))*COS($C$6)))) -> -88.411187 | F73: =DEGREES(ACOS(SIN(G$5)*SIN($C$6)+COS(G$5)*COS($C$6)*COS($B73))) -> 57.47621 | G73: =90-F73 -> 32.52379 | H73: =DEGREES(-ACOS((SIN(RADIANS(G73))*SIN($C$6)-SIN(G$5))/(COS(RADIANS(G73))*COS($C$6)))) -> -76.883648 | I73: =DEGREES(ACOS(SIN(J$5)*SIN($C$6)+COS(J$5)*COS($C$6)*COS($B73))) -> 65.514982 | J73: =90-I73 -> 24.485018 | K73: =DEGREES(-ACOS((SIN(RADIANS(J73))*SIN($C$6)-SIN(J$5))/(COS(RADIANS(J73))*COS($C$6)))) -> -67.153072 | L73: =DEGREES(ACOS(SIN(M$5)*SIN($C$6)+COS(M$5)*COS($C$6)*COS($B73))) -> 74.099657 | M73: =90-L73 -> 15.900343 | N73: =DEGREES(-ACOS((SIN(RADIANS(M73))*SIN($C$6)-SIN(M$5))/(COS(RADIANS(M73))*COS($C$6)))) -> -58.631734 | O73: =DEGREES(ACOS(SIN(P$5)*SIN($C$6)+COS(P$5)*COS($C$6)*COS($B73))) -> 82.990052 | P73: =90-O73 -> 7.0099484 | Q73: =DEGREES(-ACOS((SIN(RADIANS(P73))*SIN($C$6)-SIN(P$5))/(COS(RADIANS(P73))*COS($C$6)))) -> -50.822938 | R73: =DEGREES(ACOS(SIN(S$5)*SIN($C$6)+COS(S$5)*COS($C$6)*COS($B73))) -> 74.894507 | S73: =90-R73 -> 15.105493 | T73: =DEGREES(-ACOS((SIN(RADIANS(S73))*SIN($C$6)-SIN(S$5))/(COS(RADIANS(S73))*COS($C$6)))) -> -57.902561 | V73: =N70 -> -60.884613 | AA73: =M70 -> 13.928135
A74: -56 | B74: =RADIANS(A74) -> -0.97738438 | C74: =DEGREES(ACOS(SIN(C$5)*SIN($C$6)+COS(C$5)*COS($C$6)*COS($B74))) -> 49.566305 | D74: =90-C74 -> 40.433695 | E74: =DEGREES(-ACOS((SIN(RADIANS(D74))*SIN($C$6)-SIN(C$5))/(COS(RADIANS(D74))*COS($C$6)))) -> -87.740915 | F74: =DEGREES(ACOS(SIN(G$5)*SIN($C$6)+COS(G$5)*COS($C$6)*COS($B74))) -> 56.736261 | G74: =90-F74 -> 33.263739 | H74: =DEGREES(-ACOS((SIN(RADIANS(G74))*SIN($C$6)-SIN(G$5))/(COS(RADIANS(G74))*COS($C$6)))) -> -76.119971 | I74: =DEGREES(ACOS(SIN(J$5)*SIN($C$6)+COS(J$5)*COS($C$6)*COS($B74))) -> 64.815761 | J74: =90-I74 -> 25.184239 | K74: =DEGREES(-ACOS((SIN(RADIANS(J74))*SIN($C$6)-SIN(J$5))/(COS(RADIANS(J74))*COS($C$6)))) -> -66.365309 | L74: =DEGREES(ACOS(SIN(M$5)*SIN($C$6)+COS(M$5)*COS($C$6)*COS($B74))) -> 73.45257 | M74: =90-L74 -> 16.54743 | N74: =DEGREES(-ACOS((SIN(RADIANS(M74))*SIN($C$6)-SIN(M$5))/(COS(RADIANS(M74))*COS($C$6)))) -> -57.866418 | O74: =DEGREES(ACOS(SIN(P$5)*SIN($C$6)+COS(P$5)*COS($C$6)*COS($B74))) -> 82.403141 | P74: =90-O74 -> 7.5968592 | Q74: =DEGREES(-ACOS((SIN(RADIANS(P74))*SIN($C$6)-SIN(P$5))/(COS(RADIANS(P74))*COS($C$6)))) -> -50.112065 | R74: =DEGREES(ACOS(SIN(S$5)*SIN($C$6)+COS(S$5)*COS($C$6)*COS($B74))) -> 74.252554 | S74: =90-R74 -> 15.747446 | T74: =DEGREES(-ACOS((SIN(RADIANS(S74))*SIN($C$6)-SIN(S$5))/(COS(RADIANS(S74))*COS($C$6)))) -> -57.141009 | V74: =Q70 -> -52.920496 | AA74: =P70 -> 5.2141306
A75: -55 | B75: =RADIANS(A75) -> -0.95993109 | C75: =DEGREES(ACOS(SIN(C$5)*SIN($C$6)+COS(C$5)*COS($C$6)*COS($B75))) -> 48.806119 | D75: =90-C75 -> 41.193881 | E75: =DEGREES(-ACOS((SIN(RADIANS(D75))*SIN($C$6)-SIN(C$5))/(COS(RADIANS(D75))*COS($C$6)))) -> -87.062328 | F75: =DEGREES(ACOS(SIN(G$5)*SIN($C$6)+COS(G$5)*COS($C$6)*COS($B75))) -> 55.99876 | G75: =90-F75 -> 34.00124 | H75: =DEGREES(-ACOS((SIN(RADIANS(G75))*SIN($C$6)-SIN(G$5))/(COS(RADIANS(G75))*COS($C$6)))) -> -75.346427 | I75: =DEGREES(ACOS(SIN(J$5)*SIN($C$6)+COS(J$5)*COS($C$6)*COS($B75))) -> 64.120758 | J75: =90-I75 -> 25.879242 | K75: =DEGREES(-ACOS((SIN(RADIANS(J75))*SIN($C$6)-SIN(J$5))/(COS(RADIANS(J75))*COS($C$6)))) -> -65.56848 | L75: =DEGREES(ACOS(SIN(M$5)*SIN($C$6)+COS(M$5)*COS($C$6)*COS($B75))) -> 72.810915 | M75: =90-L75 -> 17.189085 | N75: =DEGREES(-ACOS((SIN(RADIANS(M75))*SIN($C$6)-SIN(M$5))/(COS(RADIANS(M75))*COS($C$6)))) -> -57.093578 | O75: =DEGREES(ACOS(SIN(P$5)*SIN($C$6)+COS(P$5)*COS($C$6)*COS($B75))) -> 81.82231 | P75: =90-O75 -> 8.1776896 | Q75: =DEGREES(-ACOS((SIN(RADIANS(P75))*SIN($C$6)-SIN(P$5))/(COS(RADIANS(P75))*COS($C$6)))) -> -49.39516 | R75: =DEGREES(ACOS(SIN(S$5)*SIN($C$6)+COS(S$5)*COS($C$6)*COS($B75))) -> 73.616116 | S75: =90-R75 -> 16.383884 | T75: =DEGREES(-ACOS((SIN(RADIANS(S75))*SIN($C$6)-SIN(S$5))/(COS(RADIANS(S75))*COS($C$6)))) -> -56.372077
A76: -54 | B76: =RADIANS(A76) -> -0.9424778 | C76: =DEGREES(ACOS(SIN(C$5)*SIN($C$6)+COS(C$5)*COS($C$6)*COS($B76))) -> 48.046398 | D76: =90-C76 -> 41.953602 | E76: =DEGREES(-ACOS((SIN(RADIANS(D76))*SIN($C$6)-SIN(C$5))/(COS(RADIANS(D76))*COS($C$6)))) -> -86.374898 | F76: =DEGREES(ACOS(SIN(G$5)*SIN($C$6)+COS(G$5)*COS($C$6)*COS($B76))) -> 55.263877 | G76: =90-F76 -> 34.736123 | H76: =DEGREES(-ACOS((SIN(RADIANS(G76))*SIN($C$6)-SIN(G$5))/(COS(RADIANS(G76))*COS($C$6)))) -> -74.562533 | I76: =DEGREES(ACOS(SIN(J$5)*SIN($C$6)+COS(J$5)*COS($C$6)*COS($B76))) -> 63.430159 | J76: =90-I76 -> 26.569841 | K76: =DEGREES(-ACOS((SIN(RADIANS(J76))*SIN($C$6)-SIN(J$5))/(COS(RADIANS(J76))*COS($C$6)))) -> -64.762248 | L76: =DEGREES(ACOS(SIN(M$5)*SIN($C$6)+COS(M$5)*COS($C$6)*COS($B76))) -> 72.174865 | M76: =90-L76 -> 17.825135 | N76: =DEGREES(-ACOS((SIN(RADIANS(M76))*SIN($C$6)-SIN(M$5))/(COS(RADIANS(M76))*COS($C$6)))) -> -56.313009 | O76: =DEGREES(ACOS(SIN(P$5)*SIN($C$6)+COS(P$5)*COS($C$6)*COS($B76))) -> 81.247704 | P76: =90-O76 -> 8.7522965 | Q76: =DEGREES(-ACOS((SIN(RADIANS(P76))*SIN($C$6)-SIN(P$5))/(COS(RADIANS(P76))*COS($C$6)))) -> -48.672116 | R76: =DEGREES(ACOS(SIN(S$5)*SIN($C$6)+COS(S$5)*COS($C$6)*COS($B76))) -> 72.985362 | S76: =90-R76 -> 17.014638 | T76: =DEGREES(-ACOS((SIN(RADIANS(S76))*SIN($C$6)-SIN(S$5))/(COS(RADIANS(S76))*COS($C$6)))) -> -55.595569
A77: -53 | B77: =RADIANS(A77) -> -0.9250245 | C77: =DEGREES(ACOS(SIN(C$5)*SIN($C$6)+COS(C$5)*COS($C$6)*COS($B77))) -> 47.287259 | D77: =90-C77 -> 42.712741 | E77: =DEGREES(-ACOS((SIN(RADIANS(D77))*SIN($C$6)-SIN(C$5))/(COS(RADIANS(D77))*COS($C$6)))) -> -85.678065 | F77: =DEGREES(ACOS(SIN(G$5)*SIN($C$6)+COS(G$5)*COS($C$6)*COS($B77))) -> 54.531784 | G77: =90-F77 -> 35.468216 | H77: =DEGREES(-ACOS((SIN(RADIANS(G77))*SIN($C$6)-SIN(G$5))/(COS(RADIANS(G77))*COS($C$6)))) -> -73.767793 | I77: =DEGREES(ACOS(SIN(J$5)*SIN($C$6)+COS(J$5)*COS($C$6)*COS($B77))) -> 62.744153 | J77: =90-I77 -> 27.255847 | K77: =DEGREES(-ACOS((SIN(RADIANS(J77))*SIN($C$6)-SIN(J$5))/(COS(RADIANS(J77))*COS($C$6)))) -> -63.946269 | L77: =DEGREES(ACOS(SIN(M$5)*SIN($C$6)+COS(M$5)*COS($C$6)*COS($B77))) -> 71.544594 | M77: =90-L77 -> 18.455406 | N77: =DEGREES(-ACOS((SIN(RADIANS(M77))*SIN($C$6)-SIN(M$5))/(COS(RADIANS(M77))*COS($C$6)))) -> -55.524505 | O77: =DEGREES(ACOS(SIN(P$5)*SIN($C$6)+COS(P$5)*COS($C$6)*COS($B77))) -> 80.679466 | P77: =90-O77 -> 9.3205344 | Q77: =DEGREES(-ACOS((SIN(RADIANS(P77))*SIN($C$6)-SIN(P$5))/(COS(RADIANS(P77))*COS($C$6)))) -> -47.942825 | R77: =DEGREES(ACOS(SIN(S$5)*SIN($C$6)+COS(S$5)*COS($C$6)*COS($B77))) -> 72.360464 | S77: =90-R77 -> 17.639536 | T77: =DEGREES(-ACOS((SIN(RADIANS(S77))*SIN($C$6)-SIN(S$5))/(COS(RADIANS(S77))*COS($C$6)))) -> -54.811292
A78: -52 | B78: =RADIANS(A78) -> -0.90757121 | C78: =DEGREES(ACOS(SIN(C$5)*SIN($C$6)+COS(C$5)*COS($C$6)*COS($B78))) -> 46.528823 | D78: =90-C78 -> 43.471177 | E78: =DEGREES(-ACOS((SIN(RADIANS(D78))*SIN($C$6)-SIN(C$5))/(COS(RADIANS(D78))*COS($C$6)))) -> -84.971244 | F78: =DEGREES(ACOS(SIN(G$5)*SIN($C$6)+COS(G$5)*COS($C$6)*COS($B78))) -> 53.802663 | G78: =90-F78 -> 36.197337 | H78: =DEGREES(-ACOS((SIN(RADIANS(G78))*SIN($C$6)-SIN(G$5))/(COS(RADIANS(G78))*COS($C$6)))) -> -72.96169 | I78: =DEGREES(ACOS(SIN(J$5)*SIN($C$6)+COS(J$5)*COS($C$6)*COS($B78))) -> 62.062937 | J78: =90-I78 -> 27.937063 | K78: =DEGREES(-ACOS((SIN(RADIANS(J78))*SIN($C$6)-SIN(J$5))/(COS(RADIANS(J78))*COS($C$6)))) -> -63.120198 | L78: =DEGREES(ACOS(SIN(M$5)*SIN($C$6)+COS(M$5)*COS($C$6)*COS($B78))) -> 70.920282 | M78: =90-L78 -> 19.079718 | N78: =DEGREES(-ACOS((SIN(RADIANS(M78))*SIN($C$6)-SIN(M$5))/(COS(RADIANS(M78))*COS($C$6)))) -> -54.727864 | O78: =DEGREES(ACOS(SIN(P$5)*SIN($C$6)+COS(P$5)*COS($C$6)*COS($B78))) -> 80.117744 | P78: =90-O78 -> 9.8822555 | Q78: =DEGREES(-ACOS((SIN(RADIANS(P78))*SIN($C$6)-SIN(P$5))/(COS(RADIANS(P78))*COS($C$6)))) -> -47.207188 | R78: =DEGREES(ACOS(SIN(S$5)*SIN($C$6)+COS(S$5)*COS($C$6)*COS($B78))) -> 71.741599 | S78: =90-R78 -> 18.258401 | T78: =DEGREES(-ACOS((SIN(RADIANS(S78))*SIN($C$6)-SIN(S$5))/(COS(RADIANS(S78))*COS($C$6)))) -> -54.019053
A79: -51 | B79: =RADIANS(A79) -> -0.89011792 | C79: =DEGREES(ACOS(SIN(C$5)*SIN($C$6)+COS(C$5)*COS($C$6)*COS($B79))) -> 45.771215 | D79: =90-C79 -> 44.228785 | E79: =DEGREES(-ACOS((SIN(RADIANS(D79))*SIN($C$6)-SIN(C$5))/(COS(RADIANS(D79))*COS($C$6)))) -> -84.253813 | F79: =DEGREES(ACOS(SIN(G$5)*SIN($C$6)+COS(G$5)*COS($C$6)*COS($B79))) -> 53.076703 | G79: =90-F79 -> 36.923297 | H79: =DEGREES(-ACOS((SIN(RADIANS(G79))*SIN($C$6)-SIN(G$5))/(COS(RADIANS(G79))*COS($C$6)))) -> -72.143692 | I79: =DEGREES(ACOS(SIN(J$5)*SIN($C$6)+COS(J$5)*COS($C$6)*COS($B79))) -> 61.386712 | J79: =90-I79 -> 28.613288 | K79: =DEGREES(-ACOS((SIN(RADIANS(J79))*SIN($C$6)-SIN(J$5))/(COS(RADIANS(J79))*COS($C$6)))) -> -62.283682 | L79: =DEGREES(ACOS(SIN(M$5)*SIN($C$6)+COS(M$5)*COS($C$6)*COS($B79))) -> 70.302112 | M79: =90-L79 -> 19.697888 | N79: =DEGREES(-ACOS((SIN(RADIANS(M79))*SIN($C$6)-SIN(M$5))/(COS(RADIANS(M79))*COS($C$6)))) -> -53.922885 | O79: =DEGREES(ACOS(SIN(P$5)*SIN($C$6)+COS(P$5)*COS($C$6)*COS($B79))) -> 79.56269 | P79: =90-O79 -> 10.43731 | Q79: =DEGREES(-ACOS((SIN(RADIANS(P79))*SIN($C$6)-SIN(P$5))/(COS(RADIANS(P79))*COS($C$6)))) -> -46.465105 | R79: =DEGREES(ACOS(SIN(S$5)*SIN($C$6)+COS(S$5)*COS($C$6)*COS($B79))) -> 71.128948 | S79: =90-R79 -> 18.871052 | T79: =DEGREES(-ACOS((SIN(RADIANS(S79))*SIN($C$6)-SIN(S$5))/(COS(RADIANS(S79))*COS($C$6)))) -> -53.218663
A80: -50 | B80: =RADIANS(A80) -> -0.87266463 | C80: =DEGREES(ACOS(SIN(C$5)*SIN($C$6)+COS(C$5)*COS($C$6)*COS($B80))) -> 45.01457 | D80: =90-C80 -> 44.98543 | E80: =DEGREES(-ACOS((SIN(RADIANS(D80))*SIN($C$6)-SIN(C$5))/(COS(RADIANS(D80))*COS($C$6)))) -> -83.525119 | F80: =DEGREES(ACOS(SIN(G$5)*SIN($C$6)+COS(G$5)*COS($C$6)*COS($B80))) -> 52.3541 | G80: =90-F80 -> 37.6459 | H80: =DEGREES(-ACOS((SIN(RADIANS(G80))*SIN($C$6)-SIN(G$5))/(COS(RADIANS(G80))*COS($C$6)))) -> -71.313248 | I80: =DEGREES(ACOS(SIN(J$5)*SIN($C$6)+COS(J$5)*COS($C$6)*COS($B80))) -> 60.715688 | J80: =90-I80 -> 29.284312 | K80: =DEGREES(-ACOS((SIN(RADIANS(J80))*SIN($C$6)-SIN(J$5))/(COS(RADIANS(J80))*COS($C$6)))) -> -61.436366 | L80: =DEGREES(ACOS(SIN(M$5)*SIN($C$6)+COS(M$5)*COS($C$6)*COS($B80))) -> 69.690271 | M80: =90-L80 -> 20.309729 | N80: =DEGREES(-ACOS((SIN(RADIANS(M80))*SIN($C$6)-SIN(M$5))/(COS(RADIANS(M80))*COS($C$6)))) -> -53.109369 | O80: =DEGREES(ACOS(SIN(P$5)*SIN($C$6)+COS(P$5)*COS($C$6)*COS($B80))) -> 79.014454 | P80: =90-O80 -> 10.985546 | Q80: =DEGREES(-ACOS((SIN(RADIANS(P80))*SIN($C$6)-SIN(P$5))/(COS(RADIANS(P80))*COS($C$6)))) -> -45.716482 | R80: =DEGREES(ACOS(SIN(S$5)*SIN($C$6)+COS(S$5)*COS($C$6)*COS($B80))) -> 70.522695 | S80: =90-R80 -> 19.477305 | T80: =DEGREES(-ACOS((SIN(RADIANS(S80))*SIN($C$6)-SIN(S$5))/(COS(RADIANS(S80))*COS($C$6)))) -> -52.409935
A81: -49 | B81: =RADIANS(A81) -> -0.85521133 | C81: =DEGREES(ACOS(SIN(C$5)*SIN($C$6)+COS(C$5)*COS($C$6)*COS($B81))) -> 44.259026 | D81: =90-C81 -> 45.740974 | E81: =DEGREES(-ACOS((SIN(RADIANS(D81))*SIN($C$6)-SIN(C$5))/(COS(RADIANS(D81))*COS($C$6)))) -> -82.784469 | F81: =DEGREES(ACOS(SIN(G$5)*SIN($C$6)+COS(G$5)*COS($C$6)*COS($B81))) -> 51.635058 | G81: =90-F81 -> 38.364942 | H81: =DEGREES(-ACOS((SIN(RADIANS(G81))*SIN($C$6)-SIN(G$5))/(COS(RADIANS(G81))*COS($C$6)))) -> -70.469788 | I81: =DEGREES(ACOS(SIN(J$5)*SIN($C$6)+COS(J$5)*COS($C$6)*COS($B81))) -> 60.050081 | J81: =90-I81 -> 29.949919 | K81: =DEGREES(-ACOS((SIN(RADIANS(J81))*SIN($C$6)-SIN(J$5))/(COS(RADIANS(J81))*COS($C$6)))) -> -60.577892 | L81: =DEGREES(ACOS(SIN(M$5)*SIN($C$6)+COS(M$5)*COS($C$6)*COS($B81))) -> 69.084951 | M81: =90-L81 -> 20.915049 | N81: =DEGREES(-ACOS((SIN(RADIANS(M81))*SIN($C$6)-SIN(M$5))/(COS(RADIANS(M81))*COS($C$6)))) -> -52.287122 | O81: =DEGREES(ACOS(SIN(P$5)*SIN($C$6)+COS(P$5)*COS($C$6)*COS($B81))) -> 78.473191 | P81: =90-O81 -> 11.526809 | Q81: =DEGREES(-ACOS((SIN(RADIANS(P81))*SIN($C$6)-SIN(P$5))/(COS(RADIANS(P81))*COS($C$6)))) -> -44.96123 | R81: =DEGREES(ACOS(SIN(S$5)*SIN($C$6)+COS(S$5)*COS($C$6)*COS($B81))) -> 69.923029 | S81: =90-R81 -> 20.076971 | T81: =DEGREES(-ACOS((SIN(RADIANS(S81))*SIN($C$6)-SIN(S$5))/(COS(RADIANS(S81))*COS($C$6)))) -> -51.592685
A82: -48 | B82: =RADIANS(A82) -> -0.83775804 | C82: =DEGREES(ACOS(SIN(C$5)*SIN($C$6)+COS(C$5)*COS($C$6)*COS($B82))) -> 43.504728 | D82: =90-C82 -> 46.495272 | E82: =DEGREES(-ACOS((SIN(RADIANS(D82))*SIN($C$6)-SIN(C$5))/(COS(RADIANS(D82))*COS($C$6)))) -> -82.031131 | F82: =DEGREES(ACOS(SIN(G$5)*SIN($C$6)+COS(G$5)*COS($C$6)*COS($B82))) -> 50.919792 | G82: =90-F82 -> 39.080208 | H82: =DEGREES(-ACOS((SIN(RADIANS(G82))*SIN($C$6)-SIN(G$5))/(COS(RADIANS(G82))*COS($C$6)))) -> -69.612723 | I82: =DEGREES(ACOS(SIN(J$5)*SIN($C$6)+COS(J$5)*COS($C$6)*COS($B82))) -> 59.390113 | J82: =90-I82 -> 30.609887 | K82: =DEGREES(-ACOS((SIN(RADIANS(J82))*SIN($C$6)-SIN(J$5))/(COS(RADIANS(J82))*COS($C$6)))) -> -59.707897 | L82: =DEGREES(ACOS(SIN(M$5)*SIN($C$6)+COS(M$5)*COS($C$6)*COS($B82))) -> 68.486348 | M82: =90-L82 -> 21.513652 | N82: =DEGREES(-ACOS((SIN(RADIANS(M82))*SIN($C$6)-SIN(M$5))/(COS(RADIANS(M82))*COS($C$6)))) -> -51.45595 | O82: =DEGREES(ACOS(SIN(P$5)*SIN($C$6)+COS(P$5)*COS($C$6)*COS($B82))) -> 77.939057 | P82: =90-O82 -> 12.060943 | Q82: =DEGREES(-ACOS((SIN(RADIANS(P82))*SIN($C$6)-SIN(P$5))/(COS(RADIANS(P82))*COS($C$6)))) -> -44.199262 | R82: =DEGREES(ACOS(SIN(S$5)*SIN($C$6)+COS(S$5)*COS($C$6)*COS($B82))) -> 69.330143 | S82: =90-R82 -> 20.669857 | T82: =DEGREES(-ACOS((SIN(RADIANS(S82))*SIN($C$6)-SIN(S$5))/(COS(RADIANS(S82))*COS($C$6)))) -> -50.766732
A83: -47 | B83: =RADIANS(A83) -> -0.82030475 | C83: =DEGREES(ACOS(SIN(C$5)*SIN($C$6)+COS(C$5)*COS($C$6)*COS($B83))) -> 42.75183 | D83: =90-C83 -> 47.24817 | E83: =DEGREES(-ACOS((SIN(RADIANS(D83))*SIN($C$6)-SIN(C$5))/(COS(RADIANS(D83))*COS($C$6)))) -> -81.264329 | F83: =DEGREES(ACOS(SIN(G$5)*SIN($C$6)+COS(G$5)*COS($C$6)*COS($B83))) -> 50.208525 | G83: =90-F83 -> 39.791475 | H83: =DEGREES(-ACOS((SIN(RADIANS(G83))*SIN($C$6)-SIN(G$5))/(COS(RADIANS(G83))*COS($C$6)))) -> -68.741443 | I83: =DEGREES(ACOS(SIN(J$5)*SIN($C$6)+COS(J$5)*COS($C$6)*COS($B83))) -> 58.736013 | J83: =90-I83 -> 31.263987 | K83: =DEGREES(-ACOS((SIN(RADIANS(J83))*SIN($C$6)-SIN(J$5))/(COS(RADIANS(J83))*COS($C$6)))) -> -58.826017 | L83: =DEGREES(ACOS(SIN(M$5)*SIN($C$6)+COS(M$5)*COS($C$6)*COS($B83))) -> 67.894661 | M83: =90-L83 -> 22.105339 | N83: =DEGREES(-ACOS((SIN(RADIANS(M83))*SIN($C$6)-SIN(M$5))/(COS(RADIANS(M83))*COS($C$6)))) -> -50.615666 | O83: =DEGREES(ACOS(SIN(P$5)*SIN($C$6)+COS(P$5)*COS($C$6)*COS($B83))) -> 77.412211 | P83: =90-O83 -> 12.587789 | Q83: =DEGREES(-ACOS((SIN(RADIANS(P83))*SIN($C$6)-SIN(P$5))/(COS(RADIANS(P83))*COS($C$6)))) -> -43.430499 | R83: =DEGREES(ACOS(SIN(S$5)*SIN($C$6)+COS(S$5)*COS($C$6)*COS($B83))) -> 68.744231 | S83: =90-R83 -> 21.255769 | T83: =DEGREES(-ACOS((SIN(RADIANS(S83))*SIN($C$6)-SIN(S$5))/(COS(RADIANS(S83))*COS($C$6)))) -> -49.931901
A84: -46 | B84: =RADIANS(A84) -> -0.80285146 | C84: =DEGREES(ACOS(SIN(C$5)*SIN($C$6)+COS(C$5)*COS($C$6)*COS($B84))) -> 42.000494 | D84: =90-C84 -> 47.999506 | E84: =DEGREES(-ACOS((SIN(RADIANS(D84))*SIN($C$6)-SIN(C$5))/(COS(RADIANS(D84))*COS($C$6)))) -> -80.483243 | F84: =DEGREES(ACOS(SIN(G$5)*SIN($C$6)+COS(G$5)*COS($C$6)*COS($B84))) -> 49.50149 | G84: =90-F84 -> 40.49851 | H84: =DEGREES(-ACOS((SIN(RADIANS(G84))*SIN($C$6)-SIN(G$5))/(COS(RADIANS(G84))*COS($C$6)))) -> -67.855319 | I84: =DEGREES(ACOS(SIN(J$5)*SIN($C$6)+COS(J$5)*COS($C$6)*COS($B84))) -> 58.088018 | J84: =90-I84 -> 31.911982 | K84: =DEGREES(-ACOS((SIN(RADIANS(J84))*SIN($C$6)-SIN(J$5))/(COS(RADIANS(J84))*COS($C$6)))) -> -57.931884 | L84: =DEGREES(ACOS(SIN(M$5)*SIN($C$6)+COS(M$5)*COS($C$6)*COS($B84))) -> 67.310094 | M84: =90-L84 -> 22.689906 | N84: =DEGREES(-ACOS((SIN(RADIANS(M84))*SIN($C$6)-SIN(M$5))/(COS(RADIANS(M84))*COS($C$6)))) -> -49.766085 | O84: =DEGREES(ACOS(SIN(P$5)*SIN($C$6)+COS(P$5)*COS($C$6)*COS($B84))) -> 76.892813 | P84: =90-O84 -> 13.107187 | Q84: =DEGREES(-ACOS((SIN(RADIANS(P84))*SIN($C$6)-SIN(P$5))/(COS(RADIANS(P84))*COS($C$6)))) -> -42.654864 | R84: =DEGREES(ACOS(SIN(S$5)*SIN($C$6)+COS(S$5)*COS($C$6)*COS($B84))) -> 68.165496 | S84: =90-R84 -> 21.834504 | T84: =DEGREES(-ACOS((SIN(RADIANS(S84))*SIN($C$6)-SIN(S$5))/(COS(RADIANS(S84))*COS($C$6)))) -> -49.08802
A85: -45 | B85: =RADIANS(A85) -> -0.78539816 | C85: =DEGREES(ACOS(SIN(C$5)*SIN($C$6)+COS(C$5)*COS($C$6)*COS($B85))) -> 41.25089 | D85: =90-C85 -> 48.74911 | E85: =DEGREES(-ACOS((SIN(RADIANS(D85))*SIN($C$6)-SIN(C$5))/(COS(RADIANS(D85))*COS($C$6)))) -> -79.687 | F85: =DEGREES(ACOS(SIN(G$5)*SIN($C$6)+COS(G$5)*COS($C$6)*COS($B85))) -> 48.798929 | G85: =90-F85 -> 41.201071 | H85: =DEGREES(-ACOS((SIN(RADIANS(G85))*SIN($C$6)-SIN(G$5))/(COS(RADIANS(G85))*COS($C$6)))) -> -66.953701 | I85: =DEGREES(ACOS(SIN(J$5)*SIN($C$6)+COS(J$5)*COS($C$6)*COS($B85))) -> 57.446373 | J85: =90-I85 -> 32.553627 | K85: =DEGREES(-ACOS((SIN(RADIANS(J85))*SIN($C$6)-SIN(J$5))/(COS(RADIANS(J85))*COS($C$6)))) -> -57.025129 | L85: =DEGREES(ACOS(SIN(M$5)*SIN($C$6)+COS(M$5)*COS($C$6)*COS($B85))) -> 66.732857 | M85: =90-L85 -> 23.267143 | N85: =DEGREES(-ACOS((SIN(RADIANS(M85))*SIN($C$6)-SIN(M$5))/(COS(RADIANS(M85))*COS($C$6)))) -> -48.907028 | O85: =DEGREES(ACOS(SIN(P$5)*SIN($C$6)+COS(P$5)*COS($C$6)*COS($B85))) -> 76.381026 | P85: =90-O85 -> 13.618974 | Q85: =DEGREES(-ACOS((SIN(RADIANS(P85))*SIN($C$6)-SIN(P$5))/(COS(RADIANS(P85))*COS($C$6)))) -> -41.872288 | R85: =DEGREES(ACOS(SIN(S$5)*SIN($C$6)+COS(S$5)*COS($C$6)*COS($B85))) -> 67.594141 | S85: =90-R85 -> 22.405859 | T85: =DEGREES(-ACOS((SIN(RADIANS(S85))*SIN($C$6)-SIN(S$5))/(COS(RADIANS(S85))*COS($C$6)))) -> -48.234922 | V85: =E85 -> -79.687 | AB85: =D85 -> 48.74911
A86: -44 | B86: =RADIANS(A86) -> -0.76794487 | C86: =DEGREES(ACOS(SIN(C$5)*SIN($C$6)+COS(C$5)*COS($C$6)*COS($B86))) -> 40.503199 | D86: =90-C86 -> 49.496801 | E86: =DEGREES(-ACOS((SIN(RADIANS(D86))*SIN($C$6)-SIN(C$5))/(COS(RADIANS(D86))*COS($C$6)))) -> -78.874678 | F86: =DEGREES(ACOS(SIN(G$5)*SIN($C$6)+COS(G$5)*COS($C$6)*COS($B86))) -> 48.1011 | G86: =90-F86 -> 41.8989 | H86: =DEGREES(-ACOS((SIN(RADIANS(G86))*SIN($C$6)-SIN(G$5))/(COS(RADIANS(G86))*COS($C$6)))) -> -66.035917 | I86: =DEGREES(ACOS(SIN(J$5)*SIN($C$6)+COS(J$5)*COS($C$6)*COS($B86))) -> 56.81133 | J86: =90-I86 -> 33.18867 | K86: =DEGREES(-ACOS((SIN(RADIANS(J86))*SIN($C$6)-SIN(J$5))/(COS(RADIANS(J86))*COS($C$6)))) -> -56.105384 | L86: =DEGREES(ACOS(SIN(M$5)*SIN($C$6)+COS(M$5)*COS($C$6)*COS($B86))) -> 66.163161 | M86: =90-L86 -> 23.836839 | N86: =DEGREES(-ACOS((SIN(RADIANS(M86))*SIN($C$6)-SIN(M$5))/(COS(RADIANS(M86))*COS($C$6)))) -> -48.038321 | O86: =DEGREES(ACOS(SIN(P$5)*SIN($C$6)+COS(P$5)*COS($C$6)*COS($B86))) -> 75.877012 | P86: =90-O86 -> 14.122988 | Q86: =DEGREES(-ACOS((SIN(RADIANS(P86))*SIN($C$6)-SIN(P$5))/(COS(RADIANS(P86))*COS($C$6)))) -> -41.082706 | R86: =DEGREES(ACOS(SIN(S$5)*SIN($C$6)+COS(S$5)*COS($C$6)*COS($B86))) -> 67.030375 | S86: =90-R86 -> 22.969625 | T86: =DEGREES(-ACOS((SIN(RADIANS(S86))*SIN($C$6)-SIN(S$5))/(COS(RADIANS(S86))*COS($C$6)))) -> -47.372447 | V86: =H85 -> -66.953701 | AB86: =G85 -> 41.201071
A87: -43 | B87: =RADIANS(A87) -> -0.75049158 | C87: =DEGREES(ACOS(SIN(C$5)*SIN($C$6)+COS(C$5)*COS($C$6)*COS($B87))) -> 39.757612 | D87: =90-C87 -> 50.242388 | E87: =DEGREES(-ACOS((SIN(RADIANS(D87))*SIN($C$6)-SIN(C$5))/(COS(RADIANS(D87))*COS($C$6)))) -> -78.045293 | F87: =DEGREES(ACOS(SIN(G$5)*SIN($C$6)+COS(G$5)*COS($C$6)*COS($B87))) -> 47.408267 | G87: =90-F87 -> 42.591733 | H87: =DEGREES(-ACOS((SIN(RADIANS(G87))*SIN($C$6)-SIN(G$5))/(COS(RADIANS(G87))*COS($C$6)))) -> -65.101277 | I87: =DEGREES(ACOS(SIN(J$5)*SIN($C$6)+COS(J$5)*COS($C$6)*COS($B87))) -> 56.183148 | J87: =90-I87 -> 33.816852 | K87: =DEGREES(-ACOS((SIN(RADIANS(J87))*SIN($C$6)-SIN(J$5))/(COS(RADIANS(J87))*COS($C$6)))) -> -55.172278 | L87: =DEGREES(ACOS(SIN(M$5)*SIN($C$6)+COS(M$5)*COS($C$6)*COS($B87))) -> 65.601224 | M87: =90-L87 -> 24.398776 | N87: =DEGREES(-ACOS((SIN(RADIANS(M87))*SIN($C$6)-SIN(M$5))/(COS(RADIANS(M87))*COS($C$6)))) -> -47.159797 | O87: =DEGREES(ACOS(SIN(P$5)*SIN($C$6)+COS(P$5)*COS($C$6)*COS($B87))) -> 75.380938 | P87: =90-O87 -> 14.619062 | Q87: =DEGREES(-ACOS((SIN(RADIANS(P87))*SIN($C$6)-SIN(P$5))/(COS(RADIANS(P87))*COS($C$6)))) -> -40.286059 | R87: =DEGREES(ACOS(SIN(S$5)*SIN($C$6)+COS(S$5)*COS($C$6)*COS($B87))) -> 66.474409 | S87: =90-R87 -> 23.525591 | T87: =DEGREES(-ACOS((SIN(RADIANS(S87))*SIN($C$6)-SIN(S$5))/(COS(RADIANS(S87))*COS($C$6)))) -> -46.500439 | V87: =K85 -> -57.025129 | AB87: =J85 -> 32.553627
A88: -42 | B88: =RADIANS(A88) -> -0.73303829 | C88: =DEGREES(ACOS(SIN(C$5)*SIN($C$6)+COS(C$5)*COS($C$6)*COS($B88))) -> 39.014332 | D88: =90-C88 -> 50.985668 | E88: =DEGREES(-ACOS((SIN(RADIANS(D88))*SIN($C$6)-SIN(C$5))/(COS(RADIANS(D88))*COS($C$6)))) -> -77.197802 | F88: =DEGREES(ACOS(SIN(G$5)*SIN($C$6)+COS(G$5)*COS($C$6)*COS($B88))) -> 46.72071 | G88: =90-F88 -> 43.27929 | H88: =DEGREES(-ACOS((SIN(RADIANS(G88))*SIN($C$6)-SIN(G$5))/(COS(RADIANS(G88))*COS($C$6)))) -> -64.149067 | I88: =DEGREES(ACOS(SIN(J$5)*SIN($C$6)+COS(J$5)*COS($C$6)*COS($B88))) -> 55.562097 | J88: =90-I88 -> 34.437903 | K88: =DEGREES(-ACOS((SIN(RADIANS(J88))*SIN($C$6)-SIN(J$5))/(COS(RADIANS(J88))*COS($C$6)))) -> -54.225444 | L88: =DEGREES(ACOS(SIN(M$5)*SIN($C$6)+COS(M$5)*COS($C$6)*COS($B88))) -> 65.047265 | M88: =90-L88 -> 24.952735 | N88: =DEGREES(-ACOS((SIN(RADIANS(M88))*SIN($C$6)-SIN(M$5))/(COS(RADIANS(M88))*COS($C$6)))) -> -46.271296 | O88: =DEGREES(ACOS(SIN(P$5)*SIN($C$6)+COS(P$5)*COS($C$6)*COS($B88))) -> 74.892972 | P88: =90-O88 -> 15.107028 | Q88: =DEGREES(-ACOS((SIN(RADIANS(P88))*SIN($C$6)-SIN(P$5))/(COS(RADIANS(P88))*COS($C$6)))) -> -39.482296 | R88: =DEGREES(ACOS(SIN(S$5)*SIN($C$6)+COS(S$5)*COS($C$6)*COS($B88))) -> 65.92646 | S88: =90-R88 -> 24.07354 | T88: =DEGREES(-ACOS((SIN(RADIANS(S88))*SIN($C$6)-SIN(S$5))/(COS(RADIANS(S88))*COS($C$6)))) -> -45.618752 | V88: =N85 -> -48.907028 | AB88: =M85 -> 23.267143
A89: -41 | B89: =RADIANS(A89) -> -0.71558499 | C89: =DEGREES(ACOS(SIN(C$5)*SIN($C$6)+COS(C$5)*COS($C$6)*COS($B89))) -> 38.273575 | D89: =90-C89 -> 51.726425 | E89: =DEGREES(-ACOS((SIN(RADIANS(D89))*SIN($C$6)-SIN(C$5))/(COS(RADIANS(D89))*COS($C$6)))) -> -76.331097 | F89: =DEGREES(ACOS(SIN(G$5)*SIN($C$6)+COS(G$5)*COS($C$6)*COS($B89))) -> 46.03872 | G89: =90-F89 -> 43.96128 | H89: =DEGREES(-ACOS((SIN(RADIANS(G89))*SIN($C$6)-SIN(G$5))/(COS(RADIANS(G89))*COS($C$6)))) -> -63.178554 | I89: =DEGREES(ACOS(SIN(J$5)*SIN($C$6)+COS(J$5)*COS($C$6)*COS($B89))) -> 54.948452 | J89: =90-I89 -> 35.051548 | K89: =DEGREES(-ACOS((SIN(RADIANS(J89))*SIN($C$6)-SIN(J$5))/(COS(RADIANS(J89))*COS($C$6)))) -> -53.264516 | L89: =DEGREES(ACOS(SIN(M$5)*SIN($C$6)+COS(M$5)*COS($C$6)*COS($B89))) -> 64.50151 | M89: =90-L89 -> 25.49849 | N89: =DEGREES(-ACOS((SIN(RADIANS(M89))*SIN($C$6)-SIN(M$5))/(COS(RADIANS(M89))*COS($C$6)))) -> -45.372663 | O89: =DEGREES(ACOS(SIN(P$5)*SIN($C$6)+COS(P$5)*COS($C$6)*COS($B89))) -> 74.413282 | P89: =90-O89 -> 15.586718 | Q89: =DEGREES(-ACOS((SIN(RADIANS(P89))*SIN($C$6)-SIN(P$5))/(COS(RADIANS(P89))*COS($C$6)))) -> -38.671372 | R89: =DEGREES(ACOS(SIN(S$5)*SIN($C$6)+COS(S$5)*COS($C$6)*COS($B89))) -> 65.386746 | S89: =90-R89 -> 24.613254 | T89: =DEGREES(-ACOS((SIN(RADIANS(S89))*SIN($C$6)-SIN(S$5))/(COS(RADIANS(S89))*COS($C$6)))) -> -44.727244 | V89: =Q85 -> -41.872288 | AB89: =P85 -> 13.618974
A90: -40 | B90: =RADIANS(A90) -> -0.6981317 | C90: =DEGREES(ACOS(SIN(C$5)*SIN($C$6)+COS(C$5)*COS($C$6)*COS($B90))) -> 37.535572 | D90: =90-C90 -> 52.464428 | E90: =DEGREES(-ACOS((SIN(RADIANS(D90))*SIN($C$6)-SIN(C$5))/(COS(RADIANS(D90))*COS($C$6)))) -> -75.443998 | F90: =DEGREES(ACOS(SIN(G$5)*SIN($C$6)+COS(G$5)*COS($C$6)*COS($B90))) -> 45.362604 | G90: =90-F90 -> 44.637396 | H90: =DEGREES(-ACOS((SIN(RADIANS(G90))*SIN($C$6)-SIN(G$5))/(COS(RADIANS(G90))*COS($C$6)))) -> -62.188983 | I90: =DEGREES(ACOS(SIN(J$5)*SIN($C$6)+COS(J$5)*COS($C$6)*COS($B90))) -> 54.342498 | J90: =90-I90 -> 35.657502 | K90: =DEGREES(-ACOS((SIN(RADIANS(J90))*SIN($C$6)-SIN(J$5))/(COS(RADIANS(J90))*COS($C$6)))) -> -52.28913 | L90: =DEGREES(ACOS(SIN(M$5)*SIN($C$6)+COS(M$5)*COS($C$6)*COS($B90))) -> 63.964188 | M90: =90-L90 -> 26.035812 | N90: =DEGREES(-ACOS((SIN(RADIANS(M90))*SIN($C$6)-SIN(M$5))/(COS(RADIANS(M90))*COS($C$6)))) -> -44.463754 | O90: =DEGREES(ACOS(SIN(P$5)*SIN($C$6)+COS(P$5)*COS($C$6)*COS($B90))) -> 73.942038 | P90: =90-O90 -> 16.057962 | Q90: =DEGREES(-ACOS((SIN(RADIANS(P90))*SIN($C$6)-SIN(P$5))/(COS(RADIANS(P90))*COS($C$6)))) -> -37.853249 | R90: =DEGREES(ACOS(SIN(S$5)*SIN($C$6)+COS(S$5)*COS($C$6)*COS($B90))) -> 64.855492 | S90: =90-R90 -> 25.144508 | T90: =DEGREES(-ACOS((SIN(RADIANS(S90))*SIN($C$6)-SIN(S$5))/(COS(RADIANS(S90))*COS($C$6)))) -> -43.825786
A91: -39 | B91: =RADIANS(A91) -> -0.68067841 | C91: =DEGREES(ACOS(SIN(C$5)*SIN($C$6)+COS(C$5)*COS($C$6)*COS($B91))) -> 36.800566 | D91: =90-C91 -> 53.199434 | E91: =DEGREES(-ACOS((SIN(RADIANS(D91))*SIN($C$6)-SIN(C$5))/(COS(RADIANS(D91))*COS($C$6)))) -> -74.535248 | F91: =DEGREES(ACOS(SIN(G$5)*SIN($C$6)+COS(G$5)*COS($C$6)*COS($B91))) -> 44.692682 | G91: =90-F91 -> 45.307318 | H91: =DEGREES(-ACOS((SIN(RADIANS(G91))*SIN($C$6)-SIN(G$5))/(COS(RADIANS(G91))*COS($C$6)))) -> -61.179582 | I91: =DEGREES(ACOS(SIN(J$5)*SIN($C$6)+COS(J$5)*COS($C$6)*COS($B91))) -> 53.744529 | J91: =90-I91 -> 36.255471 | K91: =DEGREES(-ACOS((SIN(RADIANS(J91))*SIN($C$6)-SIN(J$5))/(COS(RADIANS(J91))*COS($C$6)))) -> -51.298928 | L91: =DEGREES(ACOS(SIN(M$5)*SIN($C$6)+COS(M$5)*COS($C$6)*COS($B91))) -> 63.43553 | M91: =90-L91 -> 26.56447 | N91: =DEGREES(-ACOS((SIN(RADIANS(M91))*SIN($C$6)-SIN(M$5))/(COS(RADIANS(M91))*COS($C$6)))) -> -43.544434 | O91: =DEGREES(ACOS(SIN(P$5)*SIN($C$6)+COS(P$5)*COS($C$6)*COS($B91))) -> 73.479411 | P91: =90-O91 -> 16.520589 | Q91: =DEGREES(-ACOS((SIN(RADIANS(P91))*SIN($C$6)-SIN(P$5))/(COS(RADIANS(P91))*COS($C$6)))) -> -37.027895 | R91: =DEGREES(ACOS(SIN(S$5)*SIN($C$6)+COS(S$5)*COS($C$6)*COS($B91))) -> 64.332925 | S91: =90-R91 -> 25.667075 | T91: =DEGREES(-ACOS((SIN(RADIANS(S91))*SIN($C$6)-SIN(S$5))/(COS(RADIANS(S91))*COS($C$6)))) -> -42.914253
A92: -38 | B92: =RADIANS(A92) -> -0.66322512 | C92: =DEGREES(ACOS(SIN(C$5)*SIN($C$6)+COS(C$5)*COS($C$6)*COS($B92))) -> 36.068819 | D92: =90-C92 -> 53.931181 | E92: =DEGREES(-ACOS((SIN(RADIANS(D92))*SIN($C$6)-SIN(C$5))/(COS(RADIANS(D92))*COS($C$6)))) -> -73.60351 | F92: =DEGREES(ACOS(SIN(G$5)*SIN($C$6)+COS(G$5)*COS($C$6)*COS($B92))) -> 44.02929 | G92: =90-F92 -> 45.97071 | H92: =DEGREES(-ACOS((SIN(RADIANS(G92))*SIN($C$6)-SIN(G$5))/(COS(RADIANS(G92))*COS($C$6)))) -> -60.149557 | I92: =DEGREES(ACOS(SIN(J$5)*SIN($C$6)+COS(J$5)*COS($C$6)*COS($B92))) -> 53.154846 | J92: =90-I92 -> 36.845154 | K92: =DEGREES(-ACOS((SIN(RADIANS(J92))*SIN($C$6)-SIN(J$5))/(COS(RADIANS(J92))*COS($C$6)))) -> -50.293558 | L92: =DEGREES(ACOS(SIN(M$5)*SIN($C$6)+COS(M$5)*COS($C$6)*COS($B92))) -> 62.915773 | M92: =90-L92 -> 27.084227 | N92: =DEGREES(-ACOS((SIN(RADIANS(M92))*SIN($C$6)-SIN(M$5))/(COS(RADIANS(M92))*COS($C$6)))) -> -42.614576 | O92: =DEGREES(ACOS(SIN(P$5)*SIN($C$6)+COS(P$5)*COS($C$6)*COS($B92))) -> 73.025574 | P92: =90-O92 -> 16.974426 | Q92: =DEGREES(-ACOS((SIN(RADIANS(P92))*SIN($C$6)-SIN(P$5))/(COS(RADIANS(P92))*COS($C$6)))) -> -36.19529 | R92: =DEGREES(ACOS(SIN(S$5)*SIN($C$6)+COS(S$5)*COS($C$6)*COS($B92))) -> 63.819273 | S92: =90-R92 -> 26.180727 | T92: =DEGREES(-ACOS((SIN(RADIANS(S92))*SIN($C$6)-SIN(S$5))/(COS(RADIANS(S92))*COS($C$6)))) -> -41.992534
A93: -37 | B93: =RADIANS(A93) -> -0.64577182 | C93: =DEGREES(ACOS(SIN(C$5)*SIN($C$6)+COS(C$5)*COS($C$6)*COS($B93))) -> 35.340613 | D93: =90-C93 -> 54.659387 | E93: =DEGREES(-ACOS((SIN(RADIANS(D93))*SIN($C$6)-SIN(C$5))/(COS(RADIANS(D93))*COS($C$6)))) -> -72.647361 | F93: =DEGREES(ACOS(SIN(G$5)*SIN($C$6)+COS(G$5)*COS($C$6)*COS($B93))) -> 43.372778 | G93: =90-F93 -> 46.627222 | H93: =DEGREES(-ACOS((SIN(RADIANS(G93))*SIN($C$6)-SIN(G$5))/(COS(RADIANS(G93))*COS($C$6)))) -> -59.098098 | I93: =DEGREES(ACOS(SIN(J$5)*SIN($C$6)+COS(J$5)*COS($C$6)*COS($B93))) -> 52.57376 | J93: =90-I93 -> 37.42624 | K93: =DEGREES(-ACOS((SIN(RADIANS(J93))*SIN($C$6)-SIN(J$5))/(COS(RADIANS(J93))*COS($C$6)))) -> -49.272676 | L93: =DEGREES(ACOS(SIN(M$5)*SIN($C$6)+COS(M$5)*COS($C$6)*COS($B93))) -> 62.405158 | M93: =90-L93 -> 27.594842 | N93: =DEGREES(-ACOS((SIN(RADIANS(M93))*SIN($C$6)-SIN(M$5))/(COS(RADIANS(M93))*COS($C$6)))) -> -41.674066 | O93: =DEGREES(ACOS(SIN(P$5)*SIN($C$6)+COS(P$5)*COS($C$6)*COS($B93))) -> 72.580701 | P93: =90-O93 -> 17.419299 | Q93: =DEGREES(-ACOS((SIN(RADIANS(P93))*SIN($C$6)-SIN(P$5))/(COS(RADIANS(P93))*COS($C$6)))) -> -35.355418 | R93: =DEGREES(ACOS(SIN(S$5)*SIN($C$6)+COS(S$5)*COS($C$6)*COS($B93))) -> 63.31477 | S93: =90-R93 -> 26.68523 | T93: =DEGREES(-ACOS((SIN(RADIANS(S93))*SIN($C$6)-SIN(S$5))/(COS(RADIANS(S93))*COS($C$6)))) -> -41.060526
A94: -36 | B94: =RADIANS(A94) -> -0.62831853 | C94: =DEGREES(ACOS(SIN(C$5)*SIN($C$6)+COS(C$5)*COS($C$6)*COS($B94))) -> 34.616246 | D94: =90-C94 -> 55.383754 | E94: =DEGREES(-ACOS((SIN(RADIANS(D94))*SIN($C$6)-SIN(C$5))/(COS(RADIANS(D94))*COS($C$6)))) -> -71.665284 | F94: =DEGREES(ACOS(SIN(G$5)*SIN($C$6)+COS(G$5)*COS($C$6)*COS($B94))) -> 42.723514 | G94: =90-F94 -> 47.276486 | H94: =DEGREES(-ACOS((SIN(RADIANS(G94))*SIN($C$6)-SIN(G$5))/(COS(RADIANS(G94))*COS($C$6)))) -> -58.024378 | I94: =DEGREES(ACOS(SIN(J$5)*SIN($C$6)+COS(J$5)*COS($C$6)*COS($B94))) -> 52.001589 | J94: =90-I94 -> 37.998411 | K94: =DEGREES(-ACOS((SIN(RADIANS(J94))*SIN($C$6)-SIN(J$5))/(COS(RADIANS(J94))*COS($C$6)))) -> -48.235947 | L94: =DEGREES(ACOS(SIN(M$5)*SIN($C$6)+COS(M$5)*COS($C$6)*COS($B94))) -> 61.903925 | M94: =90-L94 -> 28.096075 | N94: =DEGREES(-ACOS((SIN(RADIANS(M94))*SIN($C$6)-SIN(M$5))/(COS(RADIANS(M94))*COS($C$6)))) -> -40.722801 | O94: =DEGREES(ACOS(SIN(P$5)*SIN($C$6)+COS(P$5)*COS($C$6)*COS($B94))) -> 72.144964 | P94: =90-O94 -> 17.855036 | Q94: =DEGREES(-ACOS((SIN(RADIANS(P94))*SIN($C$6)-SIN(P$5))/(COS(RADIANS(P94))*COS($C$6)))) -> -34.508273 | R94: =DEGREES(ACOS(SIN(S$5)*SIN($C$6)+COS(S$5)*COS($C$6)*COS($B94))) -> 62.819653 | S94: =90-R94 -> 27.180347 | T94: =DEGREES(-ACOS((SIN(RADIANS(S94))*SIN($C$6)-SIN(S$5))/(COS(RADIANS(S94))*COS($C$6)))) -> -40.11814
A95: -35 | B95: =RADIANS(A95) -> -0.61086524 | C95: =DEGREES(ACOS(SIN(C$5)*SIN($C$6)+COS(C$5)*COS($C$6)*COS($B95))) -> 33.896041 | D95: =90-C95 -> 56.103959 | E95: =DEGREES(-ACOS((SIN(RADIANS(D95))*SIN($C$6)-SIN(C$5))/(COS(RADIANS(D95))*COS($C$6)))) -> -70.655664 | F95: =DEGREES(ACOS(SIN(G$5)*SIN($C$6)+COS(G$5)*COS($C$6)*COS($B95))) -> 42.081883 | G95: =90-F95 -> 47.918117 | H95: =DEGREES(-ACOS((SIN(RADIANS(G95))*SIN($C$6)-SIN(G$5))/(COS(RADIANS(G95))*COS($C$6)))) -> -56.927557 | I95: =DEGREES(ACOS(SIN(J$5)*SIN($C$6)+COS(J$5)*COS($C$6)*COS($B95))) -> 51.438661 | J95: =90-I95 -> 38.561339 | K95: =DEGREES(-ACOS((SIN(RADIANS(J95))*SIN($C$6)-SIN(J$5))/(COS(RADIANS(J95))*COS($C$6)))) -> -47.183048 | L95: =DEGREES(ACOS(SIN(M$5)*SIN($C$6)+COS(M$5)*COS($C$6)*COS($B95))) -> 61.412323 | M95: =90-L95 -> 28.587677 | N95: =DEGREES(-ACOS((SIN(RADIANS(M95))*SIN($C$6)-SIN(M$5))/(COS(RADIANS(M95))*COS($C$6)))) -> -39.76069 | O95: =DEGREES(ACOS(SIN(P$5)*SIN($C$6)+COS(P$5)*COS($C$6)*COS($B95))) -> 71.718539 | P95: =90-O95 -> 18.281461 | Q95: =DEGREES(-ACOS((SIN(RADIANS(P95))*SIN($C$6)-SIN(P$5))/(COS(RADIANS(P95))*COS($C$6)))) -> -33.653859 | R95: =DEGREES(ACOS(SIN(S$5)*SIN($C$6)+COS(S$5)*COS($C$6)*COS($B95))) -> 62.334161 | S95: =90-R95 -> 27.665839 | T95: =DEGREES(-ACOS((SIN(RADIANS(S95))*SIN($C$6)-SIN(S$5))/(COS(RADIANS(S95))*COS($C$6)))) -> -39.165297
A96: -34 | B96: =RADIANS(A96) -> -0.59341195 | C96: =DEGREES(ACOS(SIN(C$5)*SIN($C$6)+COS(C$5)*COS($C$6)*COS($B96))) -> 33.180342 | D96: =90-C96 -> 56.819658 | E96: =DEGREES(-ACOS((SIN(RADIANS(D96))*SIN($C$6)-SIN(C$5))/(COS(RADIANS(D96))*COS($C$6)))) -> -69.616779 | F96: =DEGREES(ACOS(SIN(G$5)*SIN($C$6)+COS(G$5)*COS($C$6)*COS($B96))) -> 41.44829 | G96: =90-F96 -> 48.55171 | H96: =DEGREES(-ACOS((SIN(RADIANS(G96))*SIN($C$6)-SIN(G$5))/(COS(RADIANS(G96))*COS($C$6)))) -> -55.80678 | I96: =DEGREES(ACOS(SIN(J$5)*SIN($C$6)+COS(J$5)*COS($C$6)*COS($B96))) -> 50.885312 | J96: =90-I96 -> 39.114688 | K96: =DEGREES(-ACOS((SIN(RADIANS(J96))*SIN($C$6)-SIN(J$5))/(COS(RADIANS(J96))*COS($C$6)))) -> -46.113667 | L96: =DEGREES(ACOS(SIN(M$5)*SIN($C$6)+COS(M$5)*COS($C$6)*COS($B96))) -> 60.9306 | M96: =90-L96 -> 29.0694 | N96: =DEGREES(-ACOS((SIN(RADIANS(M96))*SIN($C$6)-SIN(M$5))/(COS(RADIANS(M96))*COS($C$6)))) -> -38.787656 | O96: =DEGREES(ACOS(SIN(P$5)*SIN($C$6)+COS(P$5)*COS($C$6)*COS($B96))) -> 71.3016 | P96: =90-O96 -> 18.6984 | Q96: =DEGREES(-ACOS((SIN(RADIANS(P96))*SIN($C$6)-SIN(P$5))/(COS(RADIANS(P96))*COS($C$6)))) -> -32.792188 | R96: =DEGREES(ACOS(SIN(S$5)*SIN($C$6)+COS(S$5)*COS($C$6)*COS($B96))) -> 61.858535 | S96: =90-R96 -> 28.141465 | T96: =DEGREES(-ACOS((SIN(RADIANS(S96))*SIN($C$6)-SIN(S$5))/(COS(RADIANS(S96))*COS($C$6)))) -> -38.201933
A97: -33 | B97: =RADIANS(A97) -> -0.57595865 | C97: =DEGREES(ACOS(SIN(C$5)*SIN($C$6)+COS(C$5)*COS($C$6)*COS($B97))) -> 32.469522 | D97: =90-C97 -> 57.530478 | E97: =DEGREES(-ACOS((SIN(RADIANS(D97))*SIN($C$6)-SIN(C$5))/(COS(RADIANS(D97))*COS($C$6)))) -> -68.546796 | F97: =DEGREES(ACOS(SIN(G$5)*SIN($C$6)+COS(G$5)*COS($C$6)*COS($B97))) -> 40.823155 | G97: =90-F97 -> 49.176845 | H97: =DEGREES(-ACOS((SIN(RADIANS(G97))*SIN($C$6)-SIN(G$5))/(COS(RADIANS(G97))*COS($C$6)))) -> -54.661187 | I97: =DEGREES(ACOS(SIN(J$5)*SIN($C$6)+COS(J$5)*COS($C$6)*COS($B97))) -> 50.341886 | J97: =90-I97 -> 39.658114 | K97: =DEGREES(-ACOS((SIN(RADIANS(J97))*SIN($C$6)-SIN(J$5))/(COS(RADIANS(J97))*COS($C$6)))) -> -45.027513 | L97: =DEGREES(ACOS(SIN(M$5)*SIN($C$6)+COS(M$5)*COS($C$6)*COS($B97))) -> 60.459007 | M97: =90-L97 -> 29.540993 | N97: =DEGREES(-ACOS((SIN(RADIANS(M97))*SIN($C$6)-SIN(M$5))/(COS(RADIANS(M97))*COS($C$6)))) -> -37.803638 | O97: =DEGREES(ACOS(SIN(P$5)*SIN($C$6)+COS(P$5)*COS($C$6)*COS($B97))) -> 70.894321 | P97: =90-O97 -> 19.105679 | Q97: =DEGREES(-ACOS((SIN(RADIANS(P97))*SIN($C$6)-SIN(P$5))/(COS(RADIANS(P97))*COS($C$6)))) -> -31.923283 | R97: =DEGREES(ACOS(SIN(S$5)*SIN($C$6)+COS(S$5)*COS($C$6)*COS($B97))) -> 61.393019 | S97: =90-R97 -> 28.606981 | T97: =DEGREES(-ACOS((SIN(RADIANS(S97))*SIN($C$6)-SIN(S$5))/(COS(RADIANS(S97))*COS($C$6)))) -> -37.227997
A98: -32 | B98: =RADIANS(A98) -> -0.55850536 | C98: =DEGREES(ACOS(SIN(C$5)*SIN($C$6)+COS(C$5)*COS($C$6)*COS($B98))) -> 31.763981 | D98: =90-C98 -> 58.236019 | E98: =DEGREES(-ACOS((SIN(RADIANS(D98))*SIN($C$6)-SIN(C$5))/(COS(RADIANS(D98))*COS($C$6)))) -> -67.443767 | F98: =DEGREES(ACOS(SIN(G$5)*SIN($C$6)+COS(G$5)*COS($C$6)*COS($B98))) -> 40.20692 | G98: =90-F98 -> 49.79308 | H98: =DEGREES(-ACOS((SIN(RADIANS(G98))*SIN($C$6)-SIN(G$5))/(COS(RADIANS(G98))*COS($C$6)))) -> -53.489907 | I98: =DEGREES(ACOS(SIN(J$5)*SIN($C$6)+COS(J$5)*COS($C$6)*COS($B98))) -> 49.808736 | J98: =90-I98 -> 40.191264 | K98: =DEGREES(-ACOS((SIN(RADIANS(J98))*SIN($C$6)-SIN(J$5))/(COS(RADIANS(J98))*COS($C$6)))) -> -43.924307 | L98: =DEGREES(ACOS(SIN(M$5)*SIN($C$6)+COS(M$5)*COS($C$6)*COS($B98))) -> 59.997798 | M98: =90-L98 -> 30.002202 | N98: =DEGREES(-ACOS((SIN(RADIANS(M98))*SIN($C$6)-SIN(M$5))/(COS(RADIANS(M98))*COS($C$6)))) -> -36.80859 | O98: =DEGREES(ACOS(SIN(P$5)*SIN($C$6)+COS(P$5)*COS($C$6)*COS($B98))) -> 70.496879 | P98: =90-O98 -> 19.503121 | Q98: =DEGREES(-ACOS((SIN(RADIANS(P98))*SIN($C$6)-SIN(P$5))/(COS(RADIANS(P98))*COS($C$6)))) -> -31.047177 | R98: =DEGREES(ACOS(SIN(S$5)*SIN($C$6)+COS(S$5)*COS($C$6)*COS($B98))) -> 60.937859 | S98: =90-R98 -> 29.062141 | T98: =DEGREES(-ACOS((SIN(RADIANS(S98))*SIN($C$6)-SIN(S$5))/(COS(RADIANS(S98))*COS($C$6)))) -> -36.243455
A99: -31 | B99: =RADIANS(A99) -> -0.54105207 | C99: =DEGREES(ACOS(SIN(C$5)*SIN($C$6)+COS(C$5)*COS($C$6)*COS($B99))) -> 31.06415 | D99: =90-C99 -> 58.93585 | E99: =DEGREES(-ACOS((SIN(RADIANS(D99))*SIN($C$6)-SIN(C$5))/(COS(RADIANS(D99))*COS($C$6)))) -> -66.305614 | F99: =DEGREES(ACOS(SIN(G$5)*SIN($C$6)+COS(G$5)*COS($C$6)*COS($B99))) -> 39.600046 | G99: =90-F99 -> 50.399954 | H99: =DEGREES(-ACOS((SIN(RADIANS(G99))*SIN($C$6)-SIN(G$5))/(COS(RADIANS(G99))*COS($C$6)))) -> -52.292073 | I99: =DEGREES(ACOS(SIN(J$5)*SIN($C$6)+COS(J$5)*COS($C$6)*COS($B99))) -> 49.286223 | J99: =90-I99 -> 40.713777 | K99: =DEGREES(-ACOS((SIN(RADIANS(J99))*SIN($C$6)-SIN(J$5))/(COS(RADIANS(J99))*COS($C$6)))) -> -42.803796 | L99: =DEGREES(ACOS(SIN(M$5)*SIN($C$6)+COS(M$5)*COS($C$6)*COS($B99))) -> 59.547228 | M99: =90-L99 -> 30.452772 | N99: =DEGREES(-ACOS((SIN(RADIANS(M99))*SIN($C$6)-SIN(M$5))/(COS(RADIANS(M99))*COS($C$6)))) -> -35.802481 | O99: =DEGREES(ACOS(SIN(P$5)*SIN($C$6)+COS(P$5)*COS($C$6)*COS($B99))) -> 70.109446 | P99: =90-O99 -> 19.890554 | Q99: =DEGREES(-ACOS((SIN(RADIANS(P99))*SIN($C$6)-SIN(P$5))/(COS(RADIANS(P99))*COS($C$6)))) -> -30.16391 | R99: =DEGREES(ACOS(SIN(S$5)*SIN($C$6)+COS(S$5)*COS($C$6)*COS($B99))) -> 60.493301 | S99: =90-R99 -> 29.506699 | T99: =DEGREES(-ACOS((SIN(RADIANS(S99))*SIN($C$6)-SIN(S$5))/(COS(RADIANS(S99))*COS($C$6)))) -> -35.248288
A100: -30 | B100: =RADIANS(A100) -> -0.52359878 | C100: =DEGREES(ACOS(SIN(C$5)*SIN($C$6)+COS(C$5)*COS($C$6)*COS($B100))) -> 30.370494 | D100: =90-C100 -> 59.629506 | E100: =DEGREES(-ACOS((SIN(RADIANS(D100))*SIN($C$6)-SIN(C$5))/(COS(RADIANS(D100))*COS($C$6)))) -> -65.130135 | F100: =DEGREES(ACOS(SIN(G$5)*SIN($C$6)+COS(G$5)*COS($C$6)*COS($B100))) -> 39.003014 | G100: =90-F100 -> 50.996986 | H100: =DEGREES(-ACOS((SIN(RADIANS(G100))*SIN($C$6)-SIN(G$5))/(COS(RADIANS(G100))*COS($C$6)))) -> -51.066816 | I100: =DEGREES(ACOS(SIN(J$5)*SIN($C$6)+COS(J$5)*COS($C$6)*COS($B100))) -> 48.774714 | J100: =90-I100 -> 41.225286 | K100: =DEGREES(-ACOS((SIN(RADIANS(J100))*SIN($C$6)-SIN(J$5))/(COS(RADIANS(J100))*COS($C$6)))) -> -41.665747 | L100: =DEGREES(ACOS(SIN(M$5)*SIN($C$6)+COS(M$5)*COS($C$6)*COS($B100))) -> 59.107557 | M100: =90-L100 -> 30.892443 | N100: =DEGREES(-ACOS((SIN(RADIANS(M100))*SIN($C$6)-SIN(M$5))/(COS(RADIANS(M100))*COS($C$6)))) -> -34.785299 | O100: =DEGREES(ACOS(SIN(P$5)*SIN($C$6)+COS(P$5)*COS($C$6)*COS($B100))) -> 69.732197 | P100: =90-O100 -> 20.267803 | Q100: =DEGREES(-ACOS((SIN(RADIANS(P100))*SIN($C$6)-SIN(P$5))/(COS(RADIANS(P100))*COS($C$6)))) -> -29.273538 | R100: =DEGREES(ACOS(SIN(S$5)*SIN($C$6)+COS(S$5)*COS($C$6)*COS($B100))) -> 60.059596 | S100: =90-R100 -> 29.940404 | T100: =DEGREES(-ACOS((SIN(RADIANS(S100))*SIN($C$6)-SIN(S$5))/(COS(RADIANS(S100))*COS($C$6)))) -> -34.242493 | V100: =E100 -> -65.130135 | AC100: =D100 -> 59.629506
A101: -29 | B101: =RADIANS(A101) -> -0.50614548 | C101: =DEGREES(ACOS(SIN(C$5)*SIN($C$6)+COS(C$5)*COS($C$6)*COS($B101))) -> 29.683516 | D101: =90-C101 -> 60.316484 | E101: =DEGREES(-ACOS((SIN(RADIANS(D101))*SIN($C$6)-SIN(C$5))/(COS(RADIANS(D101))*COS($C$6)))) -> -63.914986 | F101: =DEGREES(ACOS(SIN(G$5)*SIN($C$6)+COS(G$5)*COS($C$6)*COS($B101))) -> 38.416327 | G101: =90-F101 -> 51.583673 | H101: =DEGREES(-ACOS((SIN(RADIANS(G101))*SIN($C$6)-SIN(G$5))/(COS(RADIANS(G101))*COS($C$6)))) -> -49.813278 | I101: =DEGREES(ACOS(SIN(J$5)*SIN($C$6)+COS(J$5)*COS($C$6)*COS($B101))) -> 48.274585 | J101: =90-I101 -> 41.725415 | K101: =DEGREES(-ACOS((SIN(RADIANS(J101))*SIN($C$6)-SIN(J$5))/(COS(RADIANS(J101))*COS($C$6)))) -> -40.509955 | L101: =DEGREES(ACOS(SIN(M$5)*SIN($C$6)+COS(M$5)*COS($C$6)*COS($B101))) -> 58.679041 | M101: =90-L101 -> 31.320959 | N101: =DEGREES(-ACOS((SIN(RADIANS(M101))*SIN($C$6)-SIN(M$5))/(COS(RADIANS(M101))*COS($C$6)))) -> -33.757052 | O101: =DEGREES(ACOS(SIN(P$5)*SIN($C$6)+COS(P$5)*COS($C$6)*COS($B101))) -> 69.365303 | P101: =90-O101 -> 20.634697 | Q101: =DEGREES(-ACOS((SIN(RADIANS(P101))*SIN($C$6)-SIN(P$5))/(COS(RADIANS(P101))*COS($C$6)))) -> -28.376125 | R101: =DEGREES(ACOS(SIN(S$5)*SIN($C$6)+COS(S$5)*COS($C$6)*COS($B101))) -> 59.636991 | S101: =90-R101 -> 30.363009 | T101: =DEGREES(-ACOS((SIN(RADIANS(S101))*SIN($C$6)-SIN(S$5))/(COS(RADIANS(S101))*COS($C$6)))) -> -33.226086 | V101: =H100 -> -51.066816 | AC101: =G100 -> 50.996986
A102: -28 | B102: =RADIANS(A102) -> -0.48869219 | C102: =DEGREES(ACOS(SIN(C$5)*SIN($C$6)+COS(C$5)*COS($C$6)*COS($B102))) -> 29.003759 | D102: =90-C102 -> 60.996241 | E102: =DEGREES(-ACOS((SIN(RADIANS(D102))*SIN($C$6)-SIN(C$5))/(COS(RADIANS(D102))*COS($C$6)))) -> -62.657688 | F102: =DEGREES(ACOS(SIN(G$5)*SIN($C$6)+COS(G$5)*COS($C$6)*COS($B102))) -> 37.840509 | G102: =90-F102 -> 52.159491 | H102: =DEGREES(-ACOS((SIN(RADIANS(G102))*SIN($C$6)-SIN(G$5))/(COS(RADIANS(G102))*COS($C$6)))) -> -48.530616 | I102: =DEGREES(ACOS(SIN(J$5)*SIN($C$6)+COS(J$5)*COS($C$6)*COS($B102))) -> 47.786217 | J102: =90-I102 -> 42.213783 | K102: =DEGREES(-ACOS((SIN(RADIANS(J102))*SIN($C$6)-SIN(J$5))/(COS(RADIANS(J102))*COS($C$6)))) -> -39.336244 | L102: =DEGREES(ACOS(SIN(M$5)*SIN($C$6)+COS(M$5)*COS($C$6)*COS($B102))) -> 58.26194 | M102: =90-L102 -> 31.73806 | N102: =DEGREES(-ACOS((SIN(RADIANS(M102))*SIN($C$6)-SIN(M$5))/(COS(RADIANS(M102))*COS($C$6)))) -> -32.717766 | O102: =DEGREES(ACOS(SIN(P$5)*SIN($C$6)+COS(P$5)*COS($C$6)*COS($B102))) -> 69.008938 | P102: =90-O102 -> 20.991062 | Q102: =DEGREES(-ACOS((SIN(RADIANS(P102))*SIN($C$6)-SIN(P$5))/(COS(RADIANS(P102))*COS($C$6)))) -> -27.471745 | R102: =DEGREES(ACOS(SIN(S$5)*SIN($C$6)+COS(S$5)*COS($C$6)*COS($B102))) -> 59.225738 | S102: =90-R102 -> 30.774262 | T102: =DEGREES(-ACOS((SIN(RADIANS(S102))*SIN($C$6)-SIN(S$5))/(COS(RADIANS(S102))*COS($C$6)))) -> -32.199103 | V102: =K100 -> -41.665747 | AC102: =J100 -> 41.225286
...

Sheet Ej-2b_Munich
C3: S.Junio | I3: Equinocios | O3: S.Diciembre | R3: Día, dn= | S3: ='Ej-2a_TraySol_Mad'!S3 -> 297
C4: (rad) | F4: (º) | G4: (rad) | L4: (º) | M4: (rad) | O4: (º) | P4: (rad) | R4: (º) | S4: (rad)
A5: Declinación (º): | B5: 23.45 | C5: =RADIANS(B5) -> 0.40927971 | F5: =B5/2 -> 11.725 | G5: =RADIANS(F5) -> 0.20463985 | I5: 0 | J5: =RADIANS(I5) -> 0 | L5: =-F5 -> -11.725 | M5: =RADIANS(L5) -> -0.20463985 | O5: =-B5 -> -23.45 | P5: =RADIANS(O5) -> -0.40927971 | R5: =IF(S3<>"",23.45*SIN(RADIANS(360*(S3+284)/365)),"") -> -12.785888 | S5: =RADIANS(R5) -> -0.22315585 | W5: 1 | X5: 17 | Z5: 7 | AA5: 198
A6: Latitud (º): | B6: 48.133333 | C6: =RADIANS(B6) -> 0.84008515 | W6: 2 | X6: 46 | Z6: 8 | AA6: 228
A7: 8.14 | D7: SVER | J7: EQUI | P7: SINV
D8: Elevación | E8: Acimut | W8: =A10 -> -120 | X8: =A25 -> -105 | Y8: =A40 -> -90 | Z8: =A55 -> -75 | AA8: =A70 -> -60 | AB8: =A85 -> -45 | AC8: =A100 -> -30 | AD8: =A115 -> -15 | AE8: =A131 -> 0.001 | AF8: =A146 -> 15 | AG8: =A161 -> 30 | AH8: =A176 -> 45 | AI8: =A191 -> 60 | AJ8: =A206 -> 75 | AK8: =A221 -> 90 | AL8: =A236 -> 105 | AM8: =A251 -> 120
A9: w (º) | B9: w (rad) | C9: JZS (º) | D9: gS (º) | E9: yS (º) | F9: JZS (º) | G9: gS (º) | H9: yS (º) | I9: JZS (º) | J9: gS (º) | K9: yS (º) | L9: JZS (º) | M9: gS (º) | N9: yS (º) | O9: JZS (º) | P9: gS (º) | Q9: yS (º) | R9: JZS (º) | S9: gS (º) | T9: yS (º) | V9: yS | W9: w = -8 | X9: w = -7 | Y9: w = -6 | Z9: w = -5 | AA9: w = -4 | AB9: w = -3 | AC9: w = -2 | AD9: w = -1 | AE9: w = 0 | AF9: w = 1 | AG9: w = 2 | AH9: w = 3 | AI9: w = 4 | AJ9: w = 5 | AK9: w = 6 | AL9: w = 7 | AM9: w = 8
A10: -120 | B10: =RADIANS(A10) -> -2.0943951 | C10: =DEGREES(ACOS(SIN(C$5)*SIN($C$6)+COS(C$5)*COS($C$6)*COS($B10))) -> 90.560726 | D10: =90-C10 -> -0.56072593 | E10: =DEGREES(-ACOS((SIN(RADIANS(D10))*SIN($C$6)-SIN(C$5))/(COS(RADIANS(D10))*COS($C$6)))) -> -127.38851 | F10: =DEGREES(ACOS(SIN(G$5)*SIN($C$6)+COS(G$5)*COS($C$6)*COS($B10))) -> 100.10211 | G10: =90-F10 -> -10.102108 | H10: =DEGREES(-ACOS((SIN(RADIANS(G10))*SIN($C$6)-SIN(G$5))/(COS(RADIANS(G10))*COS($C$6)))) -> -120.53621 | I10: =DEGREES(ACOS(SIN(J$5)*SIN($C$6)+COS(J$5)*COS($C$6)*COS($B10))) -> 109.49349 | J10: =90-I10 -> -19.493487 | K10: =DEGREES(-ACOS((SIN(RADIANS(J10))*SIN($C$6)-SIN(J$5))/(COS(RADIANS(J10))*COS($C$6)))) -> -113.26542 | L10: =DEGREES(ACOS(SIN(M$5)*SIN($C$6)+COS(M$5)*COS($C$6)*COS($B10))) -> 118.55947 | M10: =90-L10 -> -28.55947 | N10: =DEGREES(-ACOS((SIN(RADIANS(M10))*SIN($C$6)-SIN(M$5))/(COS(RADIANS(M10))*COS($C$6)))) -> -105.11004 | O10: =DEGREES(ACOS(SIN(P$5)*SIN($C$6)+COS(P$5)*COS($C$6)*COS($B10))) -> 127.04851 | P10: =90-O10 -> -37.048512 | Q10: =DEGREES(-ACOS((SIN(RADIANS(P10))*SIN($C$6)-SIN(P$5))/(COS(RADIANS(P10))*COS($C$6)))) -> -95.464597 | R10: =DEGREES(ACOS(SIN(S$5)*SIN($C$6)+COS(S$5)*COS($C$6)*COS($B10))) -> 119.35593 | S10: =90-R10 -> -29.355933 | T10: =DEGREES(-ACOS((SIN(RADIANS(S10))*SIN($C$6)-SIN(S$5))/(COS(RADIANS(S10))*COS($C$6)))) -> -104.30909 | V10: =E10 -> -127.38851 | W10: =D10 -> -0.56072593
A11: -119 | B11: =RADIANS(A11) -> -2.0769418 | C11: =DEGREES(ACOS(SIN(C$5)*SIN($C$6)+COS(C$5)*COS($C$6)*COS($B11))) -> 90.027825 | D11: =90-C11 -> -0.027824648 | E11: =DEGREES(-ACOS((SIN(RADIANS(D11))*SIN($C$6)-SIN(C$5))/(COS(RADIANS(D11))*COS($C$6)))) -> -126.64174 | F11: =DEGREES(ACOS(SIN(G$5)*SIN($C$6)+COS(G$5)*COS($C$6)*COS($B11))) -> 99.524913 | G11: =90-F11 -> -9.5249128 | H11: =DEGREES(-ACOS((SIN(RADIANS(G11))*SIN($C$6)-SIN(G$5))/(COS(RADIANS(G11))*COS($C$6)))) -> -119.73355 | I11: =DEGREES(ACOS(SIN(J$5)*SIN($C$6)+COS(J$5)*COS($C$6)*COS($B11))) -> 108.87846 | J11: =90-I11 -> -18.878456 | K11: =DEGREES(-ACOS((SIN(RADIANS(J11))*SIN($C$6)-SIN(J$5))/(COS(RADIANS(J11))*COS($C$6)))) -> -112.43054 | L11: =DEGREES(ACOS(SIN(M$5)*SIN($C$6)+COS(M$5)*COS($C$6)*COS($B11))) -> 117.9139 | M11: =90-L11 -> -27.913897 | N11: =DEGREES(-ACOS((SIN(RADIANS(M11))*SIN($C$6)-SIN(M$5))/(COS(RADIANS(M11))*COS($C$6)))) -> -104.27443 | O11: =DEGREES(ACOS(SIN(P$5)*SIN($C$6)+COS(P$5)*COS($C$6)*COS($B11))) -> 126.38373 | P11: =90-O11 -> -36.383729 | Q11: =DEGREES(-ACOS((SIN(RADIANS(P11))*SIN($C$6)-SIN(P$5))/(COS(RADIANS(P11))*COS($C$6)))) -> -94.675898 | R11: =DEGREES(ACOS(SIN(S$5)*SIN($C$6)+COS(S$5)*COS($C$6)*COS($B11))) -> 118.70806 | S11: =90-R11 -> -28.70806 | T11: =DEGREES(-ACOS((SIN(RADIANS(S11))*SIN($C$6)-SIN(S$5))/(COS(RADIANS(S11))*COS($C$6)))) -> -103.47544 | V11: =H10 -> -120.53621 | W11: =G11 -> -9.5249128
A12: -118 | B12: =RADIANS(A12) -> -2.0594885 | C12: =DEGREES(ACOS(SIN(C$5)*SIN($C$6)+COS(C$5)*COS($C$6)*COS($B12))) -> 89.489745 | D12: =90-C12 -> 0.5102551 | E12: =DEGREES(-ACOS((SIN(RADIANS(D12))*SIN($C$6)-SIN(C$5))/(COS(RADIANS(D12))*COS($C$6)))) -> -125.89869 | F12: =DEGREES(ACOS(SIN(G$5)*SIN($C$6)+COS(G$5)*COS($C$6)*COS($B12))) -> 98.943094 | G12: =90-F12 -> -8.9430942 | H12: =DEGREES(-ACOS((SIN(RADIANS(G12))*SIN($C$6)-SIN(G$5))/(COS(RADIANS(G12))*COS($C$6)))) -> -118.93568 | I12: =DEGREES(ACOS(SIN(J$5)*SIN($C$6)+COS(J$5)*COS($C$6)*COS($B12))) -> 108.25973 | J12: =90-I12 -> -18.259728 | K12: =DEGREES(-ACOS((SIN(RADIANS(J12))*SIN($C$6)-SIN(J$5))/(COS(RADIANS(J12))*COS($C$6)))) -> -111.60178 | L12: =DEGREES(ACOS(SIN(M$5)*SIN($C$6)+COS(M$5)*COS($C$6)*COS($B12))) -> 117.26593 | M12: =90-L12 -> -27.265934 | N12: =DEGREES(-ACOS((SIN(RADIANS(M12))*SIN($C$6)-SIN(M$5))/(COS(RADIANS(M12))*COS($C$6)))) -> -103.44618 | O12: =DEGREES(ACOS(SIN(P$5)*SIN($C$6)+COS(P$5)*COS($C$6)*COS($B12))) -> 125.7182 | P12: =90-O12 -> -35.7182 | Q12: =DEGREES(-ACOS((SIN(RADIANS(P12))*SIN($C$6)-SIN(P$5))/(COS(RADIANS(P12))*COS($C$6)))) -> -93.894888 | R12: =DEGREES(ACOS(SIN(S$5)*SIN($C$6)+COS(S$5)*COS($C$6)*COS($B12))) -> 118.05793 | S12: =90-R12 -> -28.057934 | T12: =DEGREES(-ACOS((SIN(RADIANS(S12))*SIN($C$6)-SIN(S$5))/(COS(RADIANS(S12))*COS($C$6)))) -> -102.64923 | V12: =K10 -> -113.26542 | W12: =J10 -> -19.493487
A13: -117 | B13: =RADIANS(A13) -> -2.0420352 | C13: =DEGREES(ACOS(SIN(C$5)*SIN($C$6)+COS(C$5)*COS($C$6)*COS($B13))) -> 88.946603 | D13: =90-C13 -> 1.0533975 | E13: =DEGREES(-ACOS((SIN(RADIANS(D13))*SIN($C$6)-SIN(C$5))/(COS(RADIANS(D13))*COS($C$6)))) -> -125.15927 | F13: =DEGREES(ACOS(SIN(G$5)*SIN($C$6)+COS(G$5)*COS($C$6)*COS($B13))) -> 98.356792 | G13: =90-F13 -> -8.356792 | H13: =DEGREES(-ACOS((SIN(RADIANS(G13))*SIN($C$6)-SIN(G$5))/(COS(RADIANS(G13))*COS($C$6)))) -> -118.14247 | I13: =DEGREES(ACOS(SIN(J$5)*SIN($C$6)+COS(J$5)*COS($C$6)*COS($B13))) -> 107.63746 | J13: =90-I13 -> -17.637458 | K13: =DEGREES(-ACOS((SIN(RADIANS(J13))*SIN($C$6)-SIN(J$5))/(COS(RADIANS(J13))*COS($C$6)))) -> -110.77893 | L13: =DEGREES(ACOS(SIN(M$5)*SIN($C$6)+COS(M$5)*COS($C$6)*COS($B13))) -> 116.61574 | M13: =90-L13 -> -26.615738 | N13: =DEGREES(-ACOS((SIN(RADIANS(M13))*SIN($C$6)-SIN(M$5))/(COS(RADIANS(M13))*COS($C$6)))) -> -102.62496 | O13: =DEGREES(ACOS(SIN(P$5)*SIN($C$6)+COS(P$5)*COS($C$6)*COS($B13))) -> 125.05206 | P13: =90-O13 -> -35.052056 | Q13: =DEGREES(-ACOS((SIN(RADIANS(P13))*SIN($C$6)-SIN(P$5))/(COS(RADIANS(P13))*COS($C$6)))) -> -93.121174 | R13: =DEGREES(ACOS(SIN(S$5)*SIN($C$6)+COS(S$5)*COS($C$6)*COS($B13))) -> 117.40571 | S13: =90-R13 -> -27.405709 | T13: =DEGREES(-ACOS((SIN(RADIANS(S13))*SIN($C$6)-SIN(S$5))/(COS(RADIANS(S13))*COS($C$6)))) -> -101.83014 | V13: =N10 -> -105.11004 | W13: =M10 -> -28.55947
A14: -116 | B14: =RADIANS(A14) -> -2.0245819 | C14: =DEGREES(ACOS(SIN(C$5)*SIN($C$6)+COS(C$5)*COS($C$6)*COS($B14))) -> 88.398512 | D14: =90-C14 -> 1.6014877 | E14: =DEGREES(-ACOS((SIN(RADIANS(D14))*SIN($C$6)-SIN(C$5))/(COS(RADIANS(D14))*COS($C$6)))) -> -124.42339 | F14: =DEGREES(ACOS(SIN(G$5)*SIN($C$6)+COS(G$5)*COS($C$6)*COS($B14))) -> 97.766144 | G14: =90-F14 -> -7.7661442 | H14: =DEGREES(-ACOS((SIN(RADIANS(G14))*SIN($C$6)-SIN(G$5))/(COS(RADIANS(G14))*COS($C$6)))) -> -117.35375 | I14: =DEGREES(ACOS(SIN(J$5)*SIN($C$6)+COS(J$5)*COS($C$6)*COS($B14))) -> 107.0118 | J14: =90-I14 -> -17.0118 | K14: =DEGREES(-ACOS((SIN(RADIANS(J14))*SIN($C$6)-SIN(J$5))/(COS(RADIANS(J14))*COS($C$6)))) -> -109.96175 | L14: =DEGREES(ACOS(SIN(M$5)*SIN($C$6)+COS(M$5)*COS($C$6)*COS($B14))) -> 115.96346 | M14: =90-L14 -> -25.963459 | N14: =DEGREES(-ACOS((SIN(RADIANS(M14))*SIN($C$6)-SIN(M$5))/(COS(RADIANS(M14))*COS($C$6)))) -> -101.81048 | O14: =DEGREES(ACOS(SIN(P$5)*SIN($C$6)+COS(P$5)*COS($C$6)*COS($B14))) -> 124.38542 | P14: =90-O14 -> -34.385423 | Q14: =DEGREES(-ACOS((SIN(RADIANS(P14))*SIN($C$6)-SIN(P$5))/(COS(RADIANS(P14))*COS($C$6)))) -> -92.354377 | R14: =DEGREES(ACOS(SIN(S$5)*SIN($C$6)+COS(S$5)*COS($C$6)*COS($B14))) -> 116.75154 | S14: =90-R14 -> -26.751536 | T14: =DEGREES(-ACOS((SIN(RADIANS(S14))*SIN($C$6)-SIN(S$5))/(COS(RADIANS(S14))*COS($C$6)))) -> -101.01785 | V14: =Q10 -> -95.464597 | W14: =P10 -> -37.048512
A15: -115 | B15: =RADIANS(A15) -> -2.0071286 | C15: =DEGREES(ACOS(SIN(C$5)*SIN($C$6)+COS(C$5)*COS($C$6)*COS($B15))) -> 87.845588 | D15: =90-C15 -> 2.1544124 | E15: =DEGREES(-ACOS((SIN(RADIANS(D15))*SIN($C$6)-SIN(C$5))/(COS(RADIANS(D15))*COS($C$6)))) -> -123.69094 | F15: =DEGREES(ACOS(SIN(G$5)*SIN($C$6)+COS(G$5)*COS($C$6)*COS($B15))) -> 97.171287 | G15: =90-F15 -> -7.1712866 | H15: =DEGREES(-ACOS((SIN(RADIANS(G15))*SIN($C$6)-SIN(G$5))/(COS(RADIANS(G15))*COS($C$6)))) -> -116.56937 | I15: =DEGREES(ACOS(SIN(J$5)*SIN($C$6)+COS(J$5)*COS($C$6)*COS($B15))) -> 106.3829 | J15: =90-I15 -> -16.382903 | K15: =DEGREES(-ACOS((SIN(RADIANS(J15))*SIN($C$6)-SIN(J$5))/(COS(RADIANS(J15))*COS($C$6)))) -> -109.15003 | L15: =DEGREES(ACOS(SIN(M$5)*SIN($C$6)+COS(M$5)*COS($C$6)*COS($B15))) -> 115.30925 | M15: =90-L15 -> -25.309246 | N15: =DEGREES(-ACOS((SIN(RADIANS(M15))*SIN($C$6)-SIN(M$5))/(COS(RADIANS(M15))*COS($C$6)))) -> -101.00243 | O15: =DEGREES(ACOS(SIN(P$5)*SIN($C$6)+COS(P$5)*COS($C$6)*COS($B15))) -> 123.71842 | P15: =90-O15 -> -33.718424 | Q15: =DEGREES(-ACOS((SIN(RADIANS(P15))*SIN($C$6)-SIN(P$5))/(COS(RADIANS(P15))*COS($C$6)))) -> -91.59413 | R15: =DEGREES(ACOS(SIN(S$5)*SIN($C$6)+COS(S$5)*COS($C$6)*COS($B15))) -> 116.09556 | S15: =90-R15 -> -26.095562 | T15: =DEGREES(-ACOS((SIN(RADIANS(S15))*SIN($C$6)-SIN(S$5))/(COS(RADIANS(S15))*COS($C$6)))) -> -100.21205
A16: -114 | B16: =RADIANS(A16) -> -1.9896753 | C16: =DEGREES(ACOS(SIN(C$5)*SIN($C$6)+COS(C$5)*COS($C$6)*COS($B16))) -> 87.287941 | D16: =90-C16 -> 2.712059 | E16: =DEGREES(-ACOS((SIN(RADIANS(D16))*SIN($C$6)-SIN(C$5))/(COS(RADIANS(D16))*COS($C$6)))) -> -122.96181 | F16: =DEGREES(ACOS(SIN(G$5)*SIN($C$6)+COS(G$5)*COS($C$6)*COS($B16))) -> 96.572353 | G16: =90-F16 -> -6.5723532 | H16: =DEGREES(-ACOS((SIN(RADIANS(G16))*SIN($C$6)-SIN(G$5))/(COS(RADIANS(G16))*COS($C$6)))) -> -115.78918 | I16: =DEGREES(ACOS(SIN(J$5)*SIN($C$6)+COS(J$5)*COS($C$6)*COS($B16))) -> 105.75091 | J16: =90-I16 -> -15.750914 | K16: =DEGREES(-ACOS((SIN(RADIANS(J16))*SIN($C$6)-SIN(J$5))/(COS(RADIANS(J16))*COS($C$6)))) -> -108.34355 | L16: =DEGREES(ACOS(SIN(M$5)*SIN($C$6)+COS(M$5)*COS($C$6)*COS($B16))) -> 114.65324 | M16: =90-L16 -> -24.653242 | N16: =DEGREES(-ACOS((SIN(RADIANS(M16))*SIN($C$6)-SIN(M$5))/(COS(RADIANS(M16))*COS($C$6)))) -> -100.20052 | O16: =DEGREES(ACOS(SIN(P$5)*SIN($C$6)+COS(P$5)*COS($C$6)*COS($B16))) -> 123.05118 | P16: =90-O16 -> -33.05118 | Q16: =DEGREES(-ACOS((SIN(RADIANS(P16))*SIN($C$6)-SIN(P$5))/(COS(RADIANS(P16))*COS($C$6)))) -> -90.840079 | R16: =DEGREES(ACOS(SIN(S$5)*SIN($C$6)+COS(S$5)*COS($C$6)*COS($B16))) -> 115.43793 | S16: =90-R16 -> -25.43793 | T16: =DEGREES(-ACOS((SIN(RADIANS(S16))*SIN($C$6)-SIN(S$5))/(COS(RADIANS(S16))*COS($C$6)))) -> -99.412435
A17: -113 | B17: =RADIANS(A17) -> -1.9722221 | C17: =DEGREES(ACOS(SIN(C$5)*SIN($C$6)+COS(C$5)*COS($C$6)*COS($B17))) -> 86.725684 | D17: =90-C17 -> 3.2743163 | E17: =DEGREES(-ACOS((SIN(RADIANS(D17))*SIN($C$6)-SIN(C$5))/(COS(RADIANS(D17))*COS($C$6)))) -> -122.2359 | F17: =DEGREES(ACOS(SIN(G$5)*SIN($C$6)+COS(G$5)*COS($C$6)*COS($B17))) -> 95.969476 | G17: =90-F17 -> -5.9694762 | H17: =DEGREES(-ACOS((SIN(RADIANS(G17))*SIN($C$6)-SIN(G$5))/(COS(RADIANS(G17))*COS($C$6)))) -> -115.01301 | I17: =DEGREES(ACOS(SIN(J$5)*SIN($C$6)+COS(J$5)*COS($C$6)*COS($B17))) -> 105.11598 | J17: =90-I17 -> -15.115977 | K17: =DEGREES(-ACOS((SIN(RADIANS(J17))*SIN($C$6)-SIN(J$5))/(COS(RADIANS(J17))*COS($C$6)))) -> -107.54208 | L17: =DEGREES(ACOS(SIN(M$5)*SIN($C$6)+COS(M$5)*COS($C$6)*COS($B17))) -> 113.99559 | M17: =90-L17 -> -23.995591 | N17: =DEGREES(-ACOS((SIN(RADIANS(M17))*SIN($C$6)-SIN(M$5))/(COS(RADIANS(M17))*COS($C$6)))) -> -99.404444 | O17: =DEGREES(ACOS(SIN(P$5)*SIN($C$6)+COS(P$5)*COS($C$6)*COS($B17))) -> 122.38381 | P17: =90-O17 -> -32.383807 | Q17: =DEGREES(-ACOS((SIN(RADIANS(P17))*SIN($C$6)-SIN(P$5))/(COS(RADIANS(P17))*COS($C$6)))) -> -90.091884 | R17: =DEGREES(ACOS(SIN(S$5)*SIN($C$6)+COS(S$5)*COS($C$6)*COS($B17))) -> 114.77878 | S17: =90-R17 -> -24.77878 | T17: =DEGREES(-ACOS((SIN(RADIANS(S17))*SIN($C$6)-SIN(S$5))/(COS(RADIANS(S17))*COS($C$6)))) -> -98.618718
A18: -112 | B18: =RADIANS(A18) -> -1.9547688 | C18: =DEGREES(ACOS(SIN(C$5)*SIN($C$6)+COS(C$5)*COS($C$6)*COS($B18))) -> 86.158926 | D18: =90-C18 -> 3.8410742 | E18: =DEGREES(-ACOS((SIN(RADIANS(D18))*SIN($C$6)-SIN(C$5))/(COS(RADIANS(D18))*COS($C$6)))) -> -121.51311 | F18: =DEGREES(ACOS(SIN(G$5)*SIN($C$6)+COS(G$5)*COS($C$6)*COS($B18))) -> 95.362786 | G18: =90-F18 -> -5.3627859 | H18: =DEGREES(-ACOS((SIN(RADIANS(G18))*SIN($C$6)-SIN(G$5))/(COS(RADIANS(G18))*COS($C$6)))) -> -114.24071 | I18: =DEGREES(ACOS(SIN(J$5)*SIN($C$6)+COS(J$5)*COS($C$6)*COS($B18))) -> 104.47824 | J18: =90-I18 -> -14.478235 | K18: =DEGREES(-ACOS((SIN(RADIANS(J18))*SIN($C$6)-SIN(J$5))/(COS(RADIANS(J18))*COS($C$6)))) -> -106.7454 | L18: =DEGREES(ACOS(SIN(M$5)*SIN($C$6)+COS(M$5)*COS($C$6)*COS($B18))) -> 113.33643 | M18: =90-L18 -> -23.33643 | N18: =DEGREES(-ACOS((SIN(RADIANS(M18))*SIN($C$6)-SIN(M$5))/(COS(RADIANS(M18))*COS($C$6)))) -> -98.613933 | O18: =DEGREES(ACOS(SIN(P$5)*SIN($C$6)+COS(P$5)*COS($C$6)*COS($B18))) -> 121.71642 | P18: =90-O18 -> -31.71642 | Q18: =DEGREES(-ACOS((SIN(RADIANS(P18))*SIN($C$6)-SIN(P$5))/(COS(RADIANS(P18))*COS($C$6)))) -> -89.349213 | R18: =DEGREES(ACOS(SIN(S$5)*SIN($C$6)+COS(S$5)*COS($C$6)*COS($B18))) -> 114.11825 | S18: =90-R18 -> -24.118249 | T18: =DEGREES(-ACOS((SIN(RADIANS(S18))*SIN($C$6)-SIN(S$5))/(COS(RADIANS(S18))*COS($C$6)))) -> -97.830602
A19: -111 | B19: =RADIANS(A19) -> -1.9373155 | C19: =DEGREES(ACOS(SIN(C$5)*SIN($C$6)+COS(C$5)*COS($C$6)*COS($B19))) -> 85.587776 | D19: =90-C19 -> 4.4122237 | E19: =DEGREES(-ACOS((SIN(RADIANS(D19))*SIN($C$6)-SIN(C$5))/(COS(RADIANS(D19))*COS($C$6)))) -> -120.79331 | F19: =DEGREES(ACOS(SIN(G$5)*SIN($C$6)+COS(G$5)*COS($C$6)*COS($B19))) -> 94.752411 | G19: =90-F19 -> -4.7524109 | H19: =DEGREES(-ACOS((SIN(RADIANS(G19))*SIN($C$6)-SIN(G$5))/(COS(RADIANS(G19))*COS($C$6)))) -> -113.47211 | I19: =DEGREES(ACOS(SIN(J$5)*SIN($C$6)+COS(J$5)*COS($C$6)*COS($B19))) -> 103.83783 | J19: =90-I19 -> -13.837827 | K19: =DEGREES(-ACOS((SIN(RADIANS(J19))*SIN($C$6)-SIN(J$5))/(COS(RADIANS(J19))*COS($C$6)))) -> -105.9533 | L19: =DEGREES(ACOS(SIN(M$5)*SIN($C$6)+COS(M$5)*COS($C$6)*COS($B19))) -> 112.67589 | M19: =90-L19 -> -22.675893 | N19: =DEGREES(-ACOS((SIN(RADIANS(M19))*SIN($C$6)-SIN(M$5))/(COS(RADIANS(M19))*COS($C$6)))) -> -97.828702 | O19: =DEGREES(ACOS(SIN(P$5)*SIN($C$6)+COS(P$5)*COS($C$6)*COS($B19))) -> 121.04913 | P19: =90-O19 -> -31.049131 | Q19: =DEGREES(-ACOS((SIN(RADIANS(P19))*SIN($C$6)-SIN(P$5))/(COS(RADIANS(P19))*COS($C$6)))) -> -88.611749 | R19: =DEGREES(ACOS(SIN(S$5)*SIN($C$6)+COS(S$5)*COS($C$6)*COS($B19))) -> 113.45647 | S19: =90-R19 -> -23.456472 | T19: =DEGREES(-ACOS((SIN(RADIANS(S19))*SIN($C$6)-SIN(S$5))/(COS(RADIANS(S19))*COS($C$6)))) -> -97.047805
A20: -110 | B20: =RADIANS(A20) -> -1.9198622 | C20: =DEGREES(ACOS(SIN(C$5)*SIN($C$6)+COS(C$5)*COS($C$6)*COS($B20))) -> 85.012343 | D20: =90-C20 -> 4.9876569 | E20: =DEGREES(-ACOS((SIN(RADIANS(D20))*SIN($C$6)-SIN(C$5))/(COS(RADIANS(D20))*COS($C$6)))) -> -120.07639 | F20: =DEGREES(ACOS(SIN(G$5)*SIN($C$6)+COS(G$5)*COS($C$6)*COS($B20))) -> 94.138478 | G20: =90-F20 -> -4.1384782 | H20: =DEGREES(-ACOS((SIN(RADIANS(G20))*SIN($C$6)-SIN(G$5))/(COS(RADIANS(G20))*COS($C$6)))) -> -112.70705 | I20: =DEGREES(ACOS(SIN(J$5)*SIN($C$6)+COS(J$5)*COS($C$6)*COS($B20))) -> 103.19489 | J20: =90-I20 -> -13.19489 | K20: =DEGREES(-ACOS((SIN(RADIANS(J20))*SIN($C$6)-SIN(J$5))/(COS(RADIANS(J20))*COS($C$6)))) -> -105.16556 | L20: =DEGREES(ACOS(SIN(M$5)*SIN($C$6)+COS(M$5)*COS($C$6)*COS($B20))) -> 112.01412 | M20: =90-L20 -> -22.014115 | N20: =DEGREES(-ACOS((SIN(RADIANS(M20))*SIN($C$6)-SIN(M$5))/(COS(RADIANS(M20))*COS($C$6)))) -> -97.048478 | O20: =DEGREES(ACOS(SIN(P$5)*SIN($C$6)+COS(P$5)*COS($C$6)*COS($B20))) -> 120.38205 | P20: =90-O20 -> -30.38205 | Q20: =DEGREES(-ACOS((SIN(RADIANS(P20))*SIN($C$6)-SIN(P$5))/(COS(RADIANS(P20))*COS($C$6)))) -> -87.879181 | R20: =DEGREES(ACOS(SIN(S$5)*SIN($C$6)+COS(S$5)*COS($C$6)*COS($B20))) -> 112.79358 | S20: =90-R20 -> -22.793579 | T20: =DEGREES(-ACOS((SIN(RADIANS(S20))*SIN($C$6)-SIN(S$5))/(COS(RADIANS(S20))*COS($C$6)))) -> -96.270046
A21: -109 | B21: =RADIANS(A21) -> -1.9024089 | C21: =DEGREES(ACOS(SIN(C$5)*SIN($C$6)+COS(C$5)*COS($C$6)*COS($B21))) -> 84.432733 | D21: =90-C21 -> 5.5672671 | E21: =DEGREES(-ACOS((SIN(RADIANS(D21))*SIN($C$6)-SIN(C$5))/(COS(RADIANS(D21))*COS($C$6)))) -> -119.36225 | F21: =DEGREES(ACOS(SIN(G$5)*SIN($C$6)+COS(G$5)*COS($C$6)*COS($B21))) -> 93.521113 | G21: =90-F21 -> -3.5211131 | H21: =DEGREES(-ACOS((SIN(RADIANS(G21))*SIN($C$6)-SIN(G$5))/(COS(RADIANS(G21))*COS($C$6)))) -> -111.94537 | I21: =DEGREES(ACOS(SIN(J$5)*SIN($C$6)+COS(J$5)*COS($C$6)*COS($B21))) -> 102.54956 | J21: =90-I21 -> -12.549559 | K21: =DEGREES(-ACOS((SIN(RADIANS(J21))*SIN($C$6)-SIN(J$5))/(COS(RADIANS(J21))*COS($C$6)))) -> -104.38196 | L21: =DEGREES(ACOS(SIN(M$5)*SIN($C$6)+COS(M$5)*COS($C$6)*COS($B21))) -> 111.35123 | M21: =90-L21 -> -21.351225 | N21: =DEGREES(-ACOS((SIN(RADIANS(M21))*SIN($C$6)-SIN(M$5))/(COS(RADIANS(M21))*COS($C$6)))) -> -96.27299 | O21: =DEGREES(ACOS(SIN(P$5)*SIN($C$6)+COS(P$5)*COS($C$6)*COS($B21))) -> 119.71528 | P21: =90-O21 -> -29.715282 | Q21: =DEGREES(-ACOS((SIN(RADIANS(P21))*SIN($C$6)-SIN(P$5))/(COS(RADIANS(P21))*COS($C$6)))) -> -87.151211 | R21: =DEGREES(ACOS(SIN(S$5)*SIN($C$6)+COS(S$5)*COS($C$6)*COS($B21))) -> 112.1297 | S21: =90-R21 -> -22.1297 | T21: =DEGREES(-ACOS((SIN(RADIANS(S21))*SIN($C$6)-SIN(S$5))/(COS(RADIANS(S21))*COS($C$6)))) -> -95.497054
A22: -108 | B22: =RADIANS(A22) -> -1.8849556 | C22: =DEGREES(ACOS(SIN(C$5)*SIN($C$6)+COS(C$5)*COS($C$6)*COS($B22))) -> 83.849051 | D22: =90-C22 -> 6.1509485 | E22: =DEGREES(-ACOS((SIN(RADIANS(D22))*SIN($C$6)-SIN(C$5))/(COS(RADIANS(D22))*COS($C$6)))) -> -118.65075 | F22: =DEGREES(ACOS(SIN(G$5)*SIN($C$6)+COS(G$5)*COS($C$6)*COS($B22))) -> 92.900439 | G22: =90-F22 -> -2.9004391 | H22: =DEGREES(-ACOS((SIN(RADIANS(G22))*SIN($C$6)-SIN(G$5))/(COS(RADIANS(G22))*COS($C$6)))) -> -111.1869 | I22: =DEGREES(ACOS(SIN(J$5)*SIN($C$6)+COS(J$5)*COS($C$6)*COS($B22))) -> 101.90197 | J22: =90-I22 -> -11.901966 | K22: =DEGREES(-ACOS((SIN(RADIANS(J22))*SIN($C$6)-SIN(J$5))/(COS(RADIANS(J22))*COS($C$6)))) -> -103.60229 | L22: =DEGREES(ACOS(SIN(M$5)*SIN($C$6)+COS(M$5)*COS($C$6)*COS($B22))) -> 110.68735 | M22: =90-L22 -> -20.687351 | N22: =DEGREES(-ACOS((SIN(RADIANS(M22))*SIN($C$6)-SIN(M$5))/(COS(RADIANS(M22))*COS($C$6)))) -> -95.501977 | O22: =DEGREES(ACOS(SIN(P$5)*SIN($C$6)+COS(P$5)*COS($C$6)*COS($B22))) -> 119.04894 | P22: =90-O22 -> -29.048935 | Q22: =DEGREES(-ACOS((SIN(RADIANS(P22))*SIN($C$6)-SIN(P$5))/(COS(RADIANS(P22))*COS($C$6)))) -> -86.427549 | R22: =DEGREES(ACOS(SIN(S$5)*SIN($C$6)+COS(S$5)*COS($C$6)*COS($B22))) -> 111.46496 | S22: =90-R22 -> -21.464961 | T22: =DEGREES(-ACOS((SIN(RADIANS(S22))*SIN($C$6)-SIN(S$5))/(COS(RADIANS(S22))*COS($C$6)))) -> -94.72856
A23: -107 | B23: =RADIANS(A23) -> -1.8675023 | C23: =DEGREES(ACOS(SIN(C$5)*SIN($C$6)+COS(C$5)*COS($C$6)*COS($B23))) -> 83.261403 | D23: =90-C23 -> 6.7385966 | E23: =DEGREES(-ACOS((SIN(RADIANS(D23))*SIN($C$6)-SIN(C$5))/(COS(RADIANS(D23))*COS($C$6)))) -> -117.94178 | F23: =DEGREES(ACOS(SIN(G$5)*SIN($C$6)+COS(G$5)*COS($C$6)*COS($B23))) -> 92.276579 | G23: =90-F23 -> -2.2765785 | H23: =DEGREES(-ACOS((SIN(RADIANS(G23))*SIN($C$6)-SIN(G$5))/(COS(RADIANS(G23))*COS($C$6)))) -> -110.43148 | I23: =DEGREES(ACOS(SIN(J$5)*SIN($C$6)+COS(J$5)*COS($C$6)*COS($B23))) -> 101.25224 | J23: =90-I23 -> -11.252242 | K23: =DEGREES(-ACOS((SIN(RADIANS(J23))*SIN($C$6)-SIN(J$5))/(COS(RADIANS(J23))*COS($C$6)))) -> -102.82632 | L23: =DEGREES(ACOS(SIN(M$5)*SIN($C$6)+COS(M$5)*COS($C$6)*COS($B23))) -> 110.02262 | M23: =90-L23 -> -20.022617 | N23: =DEGREES(-ACOS((SIN(RADIANS(M23))*SIN($C$6)-SIN(M$5))/(COS(RADIANS(M23))*COS($C$6)))) -> -94.735177 | O23: =DEGREES(ACOS(SIN(P$5)*SIN($C$6)+COS(P$5)*COS($C$6)*COS($B23))) -> 118.38311 | P23: =90-O23 -> -28.383111 | Q23: =DEGREES(-ACOS((SIN(RADIANS(P23))*SIN($C$6)-SIN(P$5))/(COS(RADIANS(P23))*COS($C$6)))) -> -85.707915 | R23: =DEGREES(ACOS(SIN(S$5)*SIN($C$6)+COS(S$5)*COS($C$6)*COS($B23))) -> 110.79949 | S23: =90-R23 -> -20.799485 | T23: =DEGREES(-ACOS((SIN(RADIANS(S23))*SIN($C$6)-SIN(S$5))/(COS(RADIANS(S23))*COS($C$6)))) -> -93.964301
A24: -106 | B24: =RADIANS(A24) -> -1.850049 | C24: =DEGREES(ACOS(SIN(C$5)*SIN($C$6)+COS(C$5)*COS($C$6)*COS($B24))) -> 82.669892 | D24: =90-C24 -> 7.3301078 | E24: =DEGREES(-ACOS((SIN(RADIANS(D24))*SIN($C$6)-SIN(C$5))/(COS(RADIANS(D24))*COS($C$6)))) -> -117.23521 | F24: =DEGREES(ACOS(SIN(G$5)*SIN($C$6)+COS(G$5)*COS($C$6)*COS($B24))) -> 91.649652 | G24: =90-F24 -> -1.649652 | H24: =DEGREES(-ACOS((SIN(RADIANS(G24))*SIN($C$6)-SIN(G$5))/(COS(RADIANS(G24))*COS($C$6)))) -> -109.67892 | I24: =DEGREES(ACOS(SIN(J$5)*SIN($C$6)+COS(J$5)*COS($C$6)*COS($B24))) -> 100.60052 | J24: =90-I24 -> -10.600516 | K24: =DEGREES(-ACOS((SIN(RADIANS(J24))*SIN($C$6)-SIN(J$5))/(COS(RADIANS(J24))*COS($C$6)))) -> -102.05386 | L24: =DEGREES(ACOS(SIN(M$5)*SIN($C$6)+COS(M$5)*COS($C$6)*COS($B24))) -> 109.35715 | M24: =90-L24 -> -19.357148 | N24: =DEGREES(-ACOS((SIN(RADIANS(M24))*SIN($C$6)-SIN(M$5))/(COS(RADIANS(M24))*COS($C$6)))) -> -93.972338 | O24: =DEGREES(ACOS(SIN(P$5)*SIN($C$6)+COS(P$5)*COS($C$6)*COS($B24))) -> 117.71791 | P24: =90-O24 -> -27.717913 | Q24: =DEGREES(-ACOS((SIN(RADIANS(P24))*SIN($C$6)-SIN(P$5))/(COS(RADIANS(P24))*COS($C$6)))) -> -84.992036 | R24: =DEGREES(ACOS(SIN(S$5)*SIN($C$6)+COS(S$5)*COS($C$6)*COS($B24))) -> 110.1334 | S24: =90-R24 -> -20.133396 | T24: =DEGREES(-ACOS((SIN(RADIANS(S24))*SIN($C$6)-SIN(S$5))/(COS(RADIANS(S24))*COS($C$6)))) -> -93.204021
A25: -105 | B25: =RADIANS(A25) -> -1.8325957 | C25: =DEGREES(ACOS(SIN(C$5)*SIN($C$6)+COS(C$5)*COS($C$6)*COS($B25))) -> 82.074621 | D25: =90-C25 -> 7.9253794 | E25: =DEGREES(-ACOS((SIN(RADIANS(D25))*SIN($C$6)-SIN(C$5))/(COS(RADIANS(D25))*COS($C$6)))) -> -116.53092 | F25: =DEGREES(ACOS(SIN(G$5)*SIN($C$6)+COS(G$5)*COS($C$6)*COS($B25))) -> 91.019779 | G25: =90-F25 -> -1.0197788 | H25: =DEGREES(-ACOS((SIN(RADIANS(G25))*SIN($C$6)-SIN(G$5))/(COS(RADIANS(G25))*COS($C$6)))) -> -108.92907 | I25: =DEGREES(ACOS(SIN(J$5)*SIN($C$6)+COS(J$5)*COS($C$6)*COS($B25))) -> 99.946916 | J25: =90-I25 -> -9.9469156 | K25: =DEGREES(-ACOS((SIN(RADIANS(J25))*SIN($C$6)-SIN(J$5))/(COS(RADIANS(J25))*COS($C$6)))) -> -101.28468 | L25: =DEGREES(ACOS(SIN(M$5)*SIN($C$6)+COS(M$5)*COS($C$6)*COS($B25))) -> 108.69107 | M25: =90-L25 -> -18.691065 | N25: =DEGREES(-ACOS((SIN(RADIANS(M25))*SIN($C$6)-SIN(M$5))/(COS(RADIANS(M25))*COS($C$6)))) -> -93.213209 | O25: =DEGREES(ACOS(SIN(P$5)*SIN($C$6)+COS(P$5)*COS($C$6)*COS($B25))) -> 117.05344 | P25: =90-O25 -> -27.053441 | Q25: =DEGREES(-ACOS((SIN(RADIANS(P25))*SIN($C$6)-SIN(P$5))/(COS(RADIANS(P25))*COS($C$6)))) -> -84.279649 | R25: =DEGREES(ACOS(SIN(S$5)*SIN($C$6)+COS(S$5)*COS($C$6)*COS($B25))) -> 109.46681 | S25: =90-R25 -> -19.466813 | T25: =DEGREES(-ACOS((SIN(RADIANS(S25))*SIN($C$6)-SIN(S$5))/(COS(RADIANS(S25))*COS($C$6)))) -> -92.447467 | V25: =E25 -> -116.53092 | X25: =D25 -> 7.9253794
A26: -104 | B26: =RADIANS(A26) -> -1.8151424 | C26: =DEGREES(ACOS(SIN(C$5)*SIN($C$6)+COS(C$5)*COS($C$6)*COS($B26))) -> 81.47569 | D26: =90-C26 -> 8.5243099 | E26: =DEGREES(-ACOS((SIN(RADIANS(D26))*SIN($C$6)-SIN(C$5))/(COS(RADIANS(D26))*COS($C$6)))) -> -115.82877 | F26: =DEGREES(ACOS(SIN(G$5)*SIN($C$6)+COS(G$5)*COS($C$6)*COS($B26))) -> 90.387077 | G26: =90-F26 -> -0.38707703 | H26: =DEGREES(-ACOS((SIN(RADIANS(G26))*SIN($C$6)-SIN(G$5))/(COS(RADIANS(G26))*COS($C$6)))) -> -108.18176 | I26: =DEGREES(ACOS(SIN(J$5)*SIN($C$6)+COS(J$5)*COS($C$6)*COS($B26))) -> 99.291565 | J26: =90-I26 -> -9.2915648 | K26: =DEGREES(-ACOS((SIN(RADIANS(J26))*SIN($C$6)-SIN(J$5))/(COS(RADIANS(J26))*COS($C$6)))) -> -100.51858 | L26: =DEGREES(ACOS(SIN(M$5)*SIN($C$6)+COS(M$5)*COS($C$6)*COS($B26))) -> 108.02449 | M26: =90-L26 -> -18.024488 | N26: =DEGREES(-ACOS((SIN(RADIANS(M26))*SIN($C$6)-SIN(M$5))/(COS(RADIANS(M26))*COS($C$6)))) -> -92.457546 | O26: =DEGREES(ACOS(SIN(P$5)*SIN($C$6)+COS(P$5)*COS($C$6)*COS($B26))) -> 116.38979 | P26: =90-O26 -> -26.389794 | Q26: =DEGREES(-ACOS((SIN(RADIANS(P26))*SIN($C$6)-SIN(P$5))/(COS(RADIANS(P26))*COS($C$6)))) -> -83.570498 | R26: =DEGREES(ACOS(SIN(S$5)*SIN($C$6)+COS(S$5)*COS($C$6)*COS($B26))) -> 108.79985 | S26: =90-R26 -> -18.799854 | T26: =DEGREES(-ACOS((SIN(RADIANS(S26))*SIN($C$6)-SIN(S$5))/(COS(RADIANS(S26))*COS($C$6)))) -> -91.694392 | V26: =H25 -> -108.92907 | X26: =G25 -> -1.0197788
A27: -103 | B27: =RADIANS(A27) -> -1.7976891 | C27: =DEGREES(ACOS(SIN(C$5)*SIN($C$6)+COS(C$5)*COS($C$6)*COS($B27))) -> 80.873201 | D27: =90-C27 -> 9.1267986 | E27: =DEGREES(-ACOS((SIN(RADIANS(D27))*SIN($C$6)-SIN(C$5))/(COS(RADIANS(D27))*COS($C$6)))) -> -115.12864 | F27: =DEGREES(ACOS(SIN(G$5)*SIN($C$6)+COS(G$5)*COS($C$6)*COS($B27))) -> 89.751663 | G27: =90-F27 -> 0.24833672 | H27: =DEGREES(-ACOS((SIN(RADIANS(G27))*SIN($C$6)-SIN(G$5))/(COS(RADIANS(G27))*COS($C$6)))) -> -107.4368 | I27: =DEGREES(ACOS(SIN(J$5)*SIN($C$6)+COS(J$5)*COS($C$6)*COS($B27))) -> 98.634588 | J27: =90-I27 -> -8.634588 | K27: =DEGREES(-ACOS((SIN(RADIANS(J27))*SIN($C$6)-SIN(J$5))/(COS(RADIANS(J27))*COS($C$6)))) -> -99.755348 | L27: =DEGREES(ACOS(SIN(M$5)*SIN($C$6)+COS(M$5)*COS($C$6)*COS($B27))) -> 107.35753 | M27: =90-L27 -> -17.357533 | N27: =DEGREES(-ACOS((SIN(RADIANS(M27))*SIN($C$6)-SIN(M$5))/(COS(RADIANS(M27))*COS($C$6)))) -> -91.705106 | O27: =DEGREES(ACOS(SIN(P$5)*SIN($C$6)+COS(P$5)*COS($C$6)*COS($B27))) -> 115.72707 | P27: =90-O27 -> -25.72707 | Q27: =DEGREES(-ACOS((SIN(RADIANS(P27))*SIN($C$6)-SIN(P$5))/(COS(RADIANS(P27))*COS($C$6)))) -> -82.864333 | R27: =DEGREES(ACOS(SIN(S$5)*SIN($C$6)+COS(S$5)*COS($C$6)*COS($B27))) -> 108.13264 | S27: =90-R27 -> -18.132636 | T27: =DEGREES(-ACOS((SIN(RADIANS(S27))*SIN($C$6)-SIN(S$5))/(COS(RADIANS(S27))*COS($C$6)))) -> -90.944551 | V27: =K25 -> -101.28468 | X27: =J25 -> -9.9469156
A28: -102 | B28: =RADIANS(A28) -> -1.7802358 | C28: =DEGREES(ACOS(SIN(C$5)*SIN($C$6)+COS(C$5)*COS($C$6)*COS($B28))) -> 80.267254 | D28: =90-C28 -> 9.7327458 | E28: =DEGREES(-ACOS((SIN(RADIANS(D28))*SIN($C$6)-SIN(C$5))/(COS(RADIANS(D28))*COS($C$6)))) -> -114.43039 | F28: =DEGREES(ACOS(SIN(G$5)*SIN($C$6)+COS(G$5)*COS($C$6)*COS($B28))) -> 89.113653 | G28: =90-F28 -> 0.88634688 | H28: =DEGREES(-ACOS((SIN(RADIANS(G28))*SIN($C$6)-SIN(G$5))/(COS(RADIANS(G28))*COS($C$6)))) -> -106.69403 | I28: =DEGREES(ACOS(SIN(J$5)*SIN($C$6)+COS(J$5)*COS($C$6)*COS($B28))) -> 97.976107 | J28: =90-I28 -> -7.9761074 | K28: =DEGREES(-ACOS((SIN(RADIANS(J28))*SIN($C$6)-SIN(J$5))/(COS(RADIANS(J28))*COS($C$6)))) -> -98.994769 | L28: =DEGREES(ACOS(SIN(M$5)*SIN($C$6)+COS(M$5)*COS($C$6)*COS($B28))) -> 106.69032 | M28: =90-L28 -> -16.690318 | N28: =DEGREES(-ACOS((SIN(RADIANS(M28))*SIN($C$6)-SIN(M$5))/(COS(RADIANS(M28))*COS($C$6)))) -> -90.955653 | O28: =DEGREES(ACOS(SIN(P$5)*SIN($C$6)+COS(P$5)*COS($C$6)*COS($B28))) -> 115.06537 | P28: =90-O28 -> -25.065366 | Q28: =DEGREES(-ACOS((SIN(RADIANS(P28))*SIN($C$6)-SIN(P$5))/(COS(RADIANS(P28))*COS($C$6)))) -> -82.160913 | R28: =DEGREES(ACOS(SIN(S$5)*SIN($C$6)+COS(S$5)*COS($C$6)*COS($B28))) -> 107.46527 | S28: =90-R28 -> -17.465275 | T28: =DEGREES(-ACOS((SIN(RADIANS(S28))*SIN($C$6)-SIN(S$5))/(COS(RADIANS(S28))*COS($C$6)))) -> -90.197707 | V28: =N25 -> -93.213209 | X28: =M25 -> -18.691065
A29: -101 | B29: =RADIANS(A29) -> -1.7627825 | C29: =DEGREES(ACOS(SIN(C$5)*SIN($C$6)+COS(C$5)*COS($C$6)*COS($B29))) -> 79.657947 | D29: =90-C29 -> 10.342053 | E29: =DEGREES(-ACOS((SIN(RADIANS(D29))*SIN($C$6)-SIN(C$5))/(COS(RADIANS(D29))*COS($C$6)))) -> -113.73388 | F29: =DEGREES(ACOS(SIN(G$5)*SIN($C$6)+COS(G$5)*COS($C$6)*COS($B29))) -> 88.473161 | G29: =90-F29 -> 1.526839 | H29: =DEGREES(-ACOS((SIN(RADIANS(G29))*SIN($C$6)-SIN(G$5))/(COS(RADIANS(G29))*COS($C$6)))) -> -105.95328 | I29: =DEGREES(ACOS(SIN(J$5)*SIN($C$6)+COS(J$5)*COS($C$6)*COS($B29))) -> 97.316244 | J29: =90-I29 -> -7.3162438 | K29: =DEGREES(-ACOS((SIN(RADIANS(J29))*SIN($C$6)-SIN(J$5))/(COS(RADIANS(J29))*COS($C$6)))) -> -98.236639 | L29: =DEGREES(ACOS(SIN(M$5)*SIN($C$6)+COS(M$5)*COS($C$6)*COS($B29))) -> 106.02296 | M29: =90-L29 -> -16.022958 | N29: =DEGREES(-ACOS((SIN(RADIANS(M29))*SIN($C$6)-SIN(M$5))/(COS(RADIANS(M29))*COS($C$6)))) -> -90.208954 | O29: =DEGREES(ACOS(SIN(P$5)*SIN($C$6)+COS(P$5)*COS($C$6)*COS($B29))) -> 114.40478 | P29: =90-O29 -> -24.404777 | Q29: =DEGREES(-ACOS((SIN(RADIANS(P29))*SIN($C$6)-SIN(P$5))/(COS(RADIANS(P29))*COS($C$6)))) -> -81.460002 | R29: =DEGREES(ACOS(SIN(S$5)*SIN($C$6)+COS(S$5)*COS($C$6)*COS($B29))) -> 106.79788 | S29: =90-R29 -> -16.797883 | T29: =DEGREES(-ACOS((SIN(RADIANS(S29))*SIN($C$6)-SIN(S$5))/(COS(RADIANS(S29))*COS($C$6)))) -> -89.453625 | V29: =Q25 -> -84.279649 | X29: =P25 -> -27.053441
A30: -100 | B30: =RADIANS(A30) -> -1.7453293 | C30: =DEGREES(ACOS(SIN(C$5)*SIN($C$6)+COS(C$5)*COS($C$6)*COS($B30))) -> 79.045379 | D30: =90-C30 -> 10.954621 | E30: =DEGREES(-ACOS((SIN(RADIANS(D30))*SIN($C$6)-SIN(C$5))/(COS(RADIANS(D30))*COS($C$6)))) -> -113.03898 | F30: =DEGREES(ACOS(SIN(G$5)*SIN($C$6)+COS(G$5)*COS($C$6)*COS($B30))) -> 87.8303 | G30: =90-F30 -> 2.1696999 | H30: =DEGREES(-ACOS((SIN(RADIANS(G30))*SIN($C$6)-SIN(G$5))/(COS(RADIANS(G30))*COS($C$6)))) -> -105.21435 | I30: =DEGREES(ACOS(SIN(J$5)*SIN($C$6)+COS(J$5)*COS($C$6)*COS($B30))) -> 96.655117 | J30: =90-I30 -> -6.6551169 | K30: =DEGREES(-ACOS((SIN(RADIANS(J30))*SIN($C$6)-SIN(J$5))/(COS(RADIANS(J30))*COS($C$6)))) -> -97.480749 | L30: =DEGREES(ACOS(SIN(M$5)*SIN($C$6)+COS(M$5)*COS($C$6)*COS($B30))) -> 105.35557 | M30: =90-L30 -> -15.355566 | N30: =DEGREES(-ACOS((SIN(RADIANS(M30))*SIN($C$6)-SIN(M$5))/(COS(RADIANS(M30))*COS($C$6)))) -> -89.46478 | O30: =DEGREES(ACOS(SIN(P$5)*SIN($C$6)+COS(P$5)*COS($C$6)*COS($B30))) -> 113.7454 | P30: =90-O30 -> -23.745398 | Q30: =DEGREES(-ACOS((SIN(RADIANS(P30))*SIN($C$6)-SIN(P$5))/(COS(RADIANS(P30))*COS($C$6)))) -> -80.761373 | R30: =DEGREES(ACOS(SIN(S$5)*SIN($C$6)+COS(S$5)*COS($C$6)*COS($B30))) -> 106.13057 | S30: =90-R30 -> -16.130574 | T30: =DEGREES(-ACOS((SIN(RADIANS(S30))*SIN($C$6)-SIN(S$5))/(COS(RADIANS(S30))*COS($C$6)))) -> -88.712074
A31: -99 | B31: =RADIANS(A31) -> -1.727876 | C31: =DEGREES(ACOS(SIN(C$5)*SIN($C$6)+COS(C$5)*COS($C$6)*COS($B31))) -> 78.429646 | D31: =90-C31 -> 11.570354 | E31: =DEGREES(-ACOS((SIN(RADIANS(D31))*SIN($C$6)-SIN(C$5))/(COS(RADIANS(D31))*COS($C$6)))) -> -112.34555 | F31: =DEGREES(ACOS(SIN(G$5)*SIN($C$6)+COS(G$5)*COS($C$6)*COS($B31))) -> 87.185183 | G31: =90-F31 -> 2.8148169 | H31: =DEGREES(-ACOS((SIN(RADIANS(G31))*SIN($C$6)-SIN(G$5))/(COS(RADIANS(G31))*COS($C$6)))) -> -104.47709 | I31: =DEGREES(ACOS(SIN(J$5)*SIN($C$6)+COS(J$5)*COS($C$6)*COS($B31))) -> 95.992845 | J31: =90-I31 -> -5.9928452 | K31: =DEGREES(-ACOS((SIN(RADIANS(J31))*SIN($C$6)-SIN(J$5))/(COS(RADIANS(J31))*COS($C$6)))) -> -96.726893 | L31: =DEGREES(ACOS(SIN(M$5)*SIN($C$6)+COS(M$5)*COS($C$6)*COS($B31))) -> 104.68825 | M31: =90-L31 -> -14.688255 | N31: =DEGREES(-ACOS((SIN(RADIANS(M31))*SIN($C$6)-SIN(M$5))/(COS(RADIANS(M31))*COS($C$6)))) -> -88.722904 | O31: =DEGREES(ACOS(SIN(P$5)*SIN($C$6)+COS(P$5)*COS($C$6)*COS($B31))) -> 113.08732 | P31: =90-O31 -> -23.087324 | Q31: =DEGREES(-ACOS((SIN(RADIANS(P31))*SIN($C$6)-SIN(P$5))/(COS(RADIANS(P31))*COS($C$6)))) -> -80.064802 | R31: =DEGREES(ACOS(SIN(S$5)*SIN($C$6)+COS(S$5)*COS($C$6)*COS($B31))) -> 105.46346 | S31: =90-R31 -> -15.463458 | T31: =DEGREES(-ACOS((SIN(RADIANS(S31))*SIN($C$6)-SIN(S$5))/(COS(RADIANS(S31))*COS($C$6)))) -> -87.972827
A32: -98 | B32: =RADIANS(A32) -> -1.7104227 | C32: =DEGREES(ACOS(SIN(C$5)*SIN($C$6)+COS(C$5)*COS($C$6)*COS($B32))) -> 77.810845 | D32: =90-C32 -> 12.189155 | E32: =DEGREES(-ACOS((SIN(RADIANS(D32))*SIN($C$6)-SIN(C$5))/(COS(RADIANS(D32))*COS($C$6)))) -> -111.65343 | F32: =DEGREES(ACOS(SIN(G$5)*SIN($C$6)+COS(G$5)*COS($C$6)*COS($B32))) -> 86.537921 | G32: =90-F32 -> 3.4620787 | H32: =DEGREES(-ACOS((SIN(RADIANS(G32))*SIN($C$6)-SIN(G$5))/(COS(RADIANS(G32))*COS($C$6)))) -> -103.7413 | I32: =DEGREES(ACOS(SIN(J$5)*SIN($C$6)+COS(J$5)*COS($C$6)*COS($B32))) -> 95.329546 | J32: =90-I32 -> -5.3295461 | K32: =DEGREES(-ACOS((SIN(RADIANS(J32))*SIN($C$6)-SIN(J$5))/(COS(RADIANS(J32))*COS($C$6)))) -> -95.974867 | L32: =DEGREES(ACOS(SIN(M$5)*SIN($C$6)+COS(M$5)*COS($C$6)*COS($B32))) -> 104.02114 | M32: =90-L32 -> -14.021136 | N32: =DEGREES(-ACOS((SIN(RADIANS(M32))*SIN($C$6)-SIN(M$5))/(COS(RADIANS(M32))*COS($C$6)))) -> -87.983104 | O32: =DEGREES(ACOS(SIN(P$5)*SIN($C$6)+COS(P$5)*COS($C$6)*COS($B32))) -> 112.43065 | P32: =90-O32 -> -22.430648 | Q32: =DEGREES(-ACOS((SIN(RADIANS(P32))*SIN($C$6)-SIN(P$5))/(COS(RADIANS(P32))*COS($C$6)))) -> -79.370072 | R32: =DEGREES(ACOS(SIN(S$5)*SIN($C$6)+COS(S$5)*COS($C$6)*COS($B32))) -> 104.79665 | S32: =90-R32 -> -14.796647 | T32: =DEGREES(-ACOS((SIN(RADIANS(S32))*SIN($C$6)-SIN(S$5))/(COS(RADIANS(S32))*COS($C$6)))) -> -87.235662
A33: -97 | B33: =RADIANS(A33) -> -1.6929694 | C33: =DEGREES(ACOS(SIN(C$5)*SIN($C$6)+COS(C$5)*COS($C$6)*COS($B33))) -> 77.189072 | D33: =90-C33 -> 12.810928 | E33: =DEGREES(-ACOS((SIN(RADIANS(D33))*SIN($C$6)-SIN(C$5))/(COS(RADIANS(D33))*COS($C$6)))) -> -110.96249 | F33: =DEGREES(ACOS(SIN(G$5)*SIN($C$6)+COS(G$5)*COS($C$6)*COS($B33))) -> 85.888625 | G33: =90-F33 -> 4.1113746 | H33: =DEGREES(-ACOS((SIN(RADIANS(G33))*SIN($C$6)-SIN(G$5))/(COS(RADIANS(G33))*COS($C$6)))) -> -103.00681 | I33: =DEGREES(ACOS(SIN(J$5)*SIN($C$6)+COS(J$5)*COS($C$6)*COS($B33))) -> 94.665336 | J33: =90-I33 -> -4.6653361 | K33: =DEGREES(-ACOS((SIN(RADIANS(J33))*SIN($C$6)-SIN(J$5))/(COS(RADIANS(J33))*COS($C$6)))) -> -95.224464 | L33: =DEGREES(ACOS(SIN(M$5)*SIN($C$6)+COS(M$5)*COS($C$6)*COS($B33))) -> 103.35432 | M33: =90-L33 -> -13.35432 | N33: =DEGREES(-ACOS((SIN(RADIANS(M33))*SIN($C$6)-SIN(M$5))/(COS(RADIANS(M33))*COS($C$6)))) -> -87.245162 | O33: =DEGREES(ACOS(SIN(P$5)*SIN($C$6)+COS(P$5)*COS($C$6)*COS($B33))) -> 111.77546 | P33: =90-O33 -> -21.775462 | Q33: =DEGREES(-ACOS((SIN(RADIANS(P33))*SIN($C$6)-SIN(P$5))/(COS(RADIANS(P33))*COS($C$6)))) -> -78.676972 | R33: =DEGREES(ACOS(SIN(S$5)*SIN($C$6)+COS(S$5)*COS($C$6)*COS($B33))) -> 104.13025 | S33: =90-R33 -> -14.130249 | T33: =DEGREES(-ACOS((SIN(RADIANS(S33))*SIN($C$6)-SIN(S$5))/(COS(RADIANS(S33))*COS($C$6)))) -> -86.500359
A34: -96 | B34: =RADIANS(A34) -> -1.6755161 | C34: =DEGREES(ACOS(SIN(C$5)*SIN($C$6)+COS(C$5)*COS($C$6)*COS($B34))) -> 76.564422 | D34: =90-C34 -> 13.435578 | E34: =DEGREES(-ACOS((SIN(RADIANS(D34))*SIN($C$6)-SIN(C$5))/(COS(RADIANS(D34))*COS($C$6)))) -> -110.27257 | F34: =DEGREES(ACOS(SIN(G$5)*SIN($C$6)+COS(G$5)*COS($C$6)*COS($B34))) -> 85.237405 | G34: =90-F34 -> 4.7625945 | H34: =DEGREES(-ACOS((SIN(RADIANS(G34))*SIN($C$6)-SIN(G$5))/(COS(RADIANS(G34))*COS($C$6)))) -> -102.27343 | I34: =DEGREES(ACOS(SIN(J$5)*SIN($C$6)+COS(J$5)*COS($C$6)*COS($B34))) -> 94.000331 | J34: =90-I34 -> -4.0003309 | K34: =DEGREES(-ACOS((SIN(RADIANS(J34))*SIN($C$6)-SIN(J$5))/(COS(RADIANS(J34))*COS($C$6)))) -> -94.47548 | L34: =DEGREES(ACOS(SIN(M$5)*SIN($C$6)+COS(M$5)*COS($C$6)*COS($B34))) -> 102.68792 | M34: =90-L34 -> -12.687916 | N34: =DEGREES(-ACOS((SIN(RADIANS(M34))*SIN($C$6)-SIN(M$5))/(COS(RADIANS(M34))*COS($C$6)))) -> -86.508863 | O34: =DEGREES(ACOS(SIN(P$5)*SIN($C$6)+COS(P$5)*COS($C$6)*COS($B34))) -> 111.12186 | P34: =90-O34 -> -21.12186 | Q34: =DEGREES(-ACOS((SIN(RADIANS(P34))*SIN($C$6)-SIN(P$5))/(COS(RADIANS(P34))*COS($C$6)))) -> -77.985296 | R34: =DEGREES(ACOS(SIN(S$5)*SIN($C$6)+COS(S$5)*COS($C$6)*COS($B34))) -> 103.46437 | S34: =90-R34 -> -13.464373 | T34: =DEGREES(-ACOS((SIN(RADIANS(S34))*SIN($C$6)-SIN(S$5))/(COS(RADIANS(S34))*COS($C$6)))) -> -85.766702
A35: -95 | B35: =RADIANS(A35) -> -1.6580628 | C35: =DEGREES(ACOS(SIN(C$5)*SIN($C$6)+COS(C$5)*COS($C$6)*COS($B35))) -> 75.936989 | D35: =90-C35 -> 14.063011 | E35: =DEGREES(-ACOS((SIN(RADIANS(D35))*SIN($C$6)-SIN(C$5))/(COS(RADIANS(D35))*COS($C$6)))) -> -109.58352 | F35: =DEGREES(ACOS(SIN(G$5)*SIN($C$6)+COS(G$5)*COS($C$6)*COS($B35))) -> 84.584371 | G35: =90-F35 -> 5.4156292 | H35: =DEGREES(-ACOS((SIN(RADIANS(G35))*SIN($C$6)-SIN(G$5))/(COS(RADIANS(G35))*COS($C$6)))) -> -101.54099 | I35: =DEGREES(ACOS(SIN(J$5)*SIN($C$6)+COS(J$5)*COS($C$6)*COS($B35))) -> 93.334646 | J35: =90-I35 -> -3.3346455 | K35: =DEGREES(-ACOS((SIN(RADIANS(J35))*SIN($C$6)-SIN(J$5))/(COS(RADIANS(J35))*COS($C$6)))) -> -93.727712 | L35: =DEGREES(ACOS(SIN(M$5)*SIN($C$6)+COS(M$5)*COS($C$6)*COS($B35))) -> 102.02203 | M35: =90-L35 -> -12.022034 | N35: =DEGREES(-ACOS((SIN(RADIANS(M35))*SIN($C$6)-SIN(M$5))/(COS(RADIANS(M35))*COS($C$6)))) -> -85.773992 | O35: =DEGREES(ACOS(SIN(P$5)*SIN($C$6)+COS(P$5)*COS($C$6)*COS($B35))) -> 110.46993 | P35: =90-O35 -> -20.469934 | Q35: =DEGREES(-ACOS((SIN(RADIANS(P35))*SIN($C$6)-SIN(P$5))/(COS(RADIANS(P35))*COS($C$6)))) -> -77.294843 | R35: =DEGREES(ACOS(SIN(S$5)*SIN($C$6)+COS(S$5)*COS($C$6)*COS($B35))) -> 102.79913 | S35: =90-R35 -> -12.799128 | T35: =DEGREES(-ACOS((SIN(RADIANS(S35))*SIN($C$6)-SIN(S$5))/(COS(RADIANS(S35))*COS($C$6)))) -> -85.034479
A36: -94 | B36: =RADIANS(A36) -> -1.6406095 | C36: =DEGREES(ACOS(SIN(C$5)*SIN($C$6)+COS(C$5)*COS($C$6)*COS($B36))) -> 75.306867 | D36: =90-C36 -> 14.693133 | E36: =DEGREES(-ACOS((SIN(RADIANS(D36))*SIN($C$6)-SIN(C$5))/(COS(RADIANS(D36))*COS($C$6)))) -> -108.89519 | F36: =DEGREES(ACOS(SIN(G$5)*SIN($C$6)+COS(G$5)*COS($C$6)*COS($B36))) -> 83.92963 | G36: =90-F36 -> 6.07037 | H36: =DEGREES(-ACOS((SIN(RADIANS(G36))*SIN($C$6)-SIN(G$5))/(COS(RADIANS(G36))*COS($C$6)))) -> -100.80929 | I36: =DEGREES(ACOS(SIN(J$5)*SIN($C$6)+COS(J$5)*COS($C$6)*COS($B36))) -> 92.668394 | J36: =90-I36 -> -2.6683942 | K36: =DEGREES(-ACOS((SIN(RADIANS(J36))*SIN($C$6)-SIN(J$5))/(COS(RADIANS(J36))*COS($C$6)))) -> -92.980956 | L36: =DEGREES(ACOS(SIN(M$5)*SIN($C$6)+COS(M$5)*COS($C$6)*COS($B36))) -> 101.35678 | M36: =90-L36 -> -11.356782 | N36: =DEGREES(-ACOS((SIN(RADIANS(M36))*SIN($C$6)-SIN(M$5))/(COS(RADIANS(M36))*COS($C$6)))) -> -85.04034 | O36: =DEGREES(ACOS(SIN(P$5)*SIN($C$6)+COS(P$5)*COS($C$6)*COS($B36))) -> 109.81978 | P36: =90-O36 -> -19.819775 | Q36: =DEGREES(-ACOS((SIN(RADIANS(P36))*SIN($C$6)-SIN(P$5))/(COS(RADIANS(P36))*COS($C$6)))) -> -76.605417 | R36: =DEGREES(ACOS(SIN(S$5)*SIN($C$6)+COS(S$5)*COS($C$6)*COS($B36))) -> 102.13462 | S36: =90-R36 -> -12.13462 | T36: =DEGREES(-ACOS((SIN(RADIANS(S36))*SIN($C$6)-SIN(S$5))/(COS(RADIANS(S36))*COS($C$6)))) -> -84.30348
A37: -93 | B37: =RADIANS(A37) -> -1.6231562 | C37: =DEGREES(ACOS(SIN(C$5)*SIN($C$6)+COS(C$5)*COS($C$6)*COS($B37))) -> 74.67415 | D37: =90-C37 -> 15.32585 | E37: =DEGREES(-ACOS((SIN(RADIANS(D37))*SIN($C$6)-SIN(C$5))/(COS(RADIANS(D37))*COS($C$6)))) -> -108.20741 | F37: =DEGREES(ACOS(SIN(G$5)*SIN($C$6)+COS(G$5)*COS($C$6)*COS($B37))) -> 83.273291 | G37: =90-F37 -> 6.7267085 | H37: =DEGREES(-ACOS((SIN(RADIANS(G37))*SIN($C$6)-SIN(G$5))/(COS(RADIANS(G37))*COS($C$6)))) -> -100.07815 | I37: =DEGREES(ACOS(SIN(J$5)*SIN($C$6)+COS(J$5)*COS($C$6)*COS($B37))) -> 92.001691 | J37: =90-I37 -> -2.0016907 | K37: =DEGREES(-ACOS((SIN(RADIANS(J37))*SIN($C$6)-SIN(J$5))/(COS(RADIANS(J37))*COS($C$6)))) -> -92.235009 | L37: =DEGREES(ACOS(SIN(M$5)*SIN($C$6)+COS(M$5)*COS($C$6)*COS($B37))) -> 100.69227 | M37: =90-L37 -> -10.692269 | N37: =DEGREES(-ACOS((SIN(RADIANS(M37))*SIN($C$6)-SIN(M$5))/(COS(RADIANS(M37))*COS($C$6)))) -> -84.307701 | O37: =DEGREES(ACOS(SIN(P$5)*SIN($C$6)+COS(P$5)*COS($C$6)*COS($B37))) -> 109.17148 | P37: =90-O37 -> -19.171475 | Q37: =DEGREES(-ACOS((SIN(RADIANS(P37))*SIN($C$6)-SIN(P$5))/(COS(RADIANS(P37))*COS($C$6)))) -> -75.916825 | R37: =DEGREES(ACOS(SIN(S$5)*SIN($C$6)+COS(S$5)*COS($C$6)*COS($B37))) -> 101.47096 | S37: =90-R37 -> -11.470956 | T37: =DEGREES(-ACOS((SIN(RADIANS(S37))*SIN($C$6)-SIN(S$5))/(COS(RADIANS(S37))*COS($C$6)))) -> -83.573498
A38: -92 | B38: =RADIANS(A38) -> -1.6057029 | C38: =DEGREES(ACOS(SIN(C$5)*SIN($C$6)+COS(C$5)*COS($C$6)*COS($B38))) -> 74.03893 | D38: =90-C38 -> 15.96107 | E38: =DEGREES(-ACOS((SIN(RADIANS(D38))*SIN($C$6)-SIN(C$5))/(COS(RADIANS(D38))*COS($C$6)))) -> -107.52003 | F38: =DEGREES(ACOS(SIN(G$5)*SIN($C$6)+COS(G$5)*COS($C$6)*COS($B38))) -> 82.615463 | G38: =90-F38 -> 7.384537 | H38: =DEGREES(-ACOS((SIN(RADIANS(G38))*SIN($C$6)-SIN(G$5))/(COS(RADIANS(G38))*COS($C$6)))) -> -99.347375 | I38: =DEGREES(ACOS(SIN(J$5)*SIN($C$6)+COS(J$5)*COS($C$6)*COS($B38))) -> 91.334648 | J38: =90-I38 -> -1.3346485 | K38: =DEGREES(-ACOS((SIN(RADIANS(J38))*SIN($C$6)-SIN(J$5))/(COS(RADIANS(J38))*COS($C$6)))) -> -91.489669 | L38: =DEGREES(ACOS(SIN(M$5)*SIN($C$6)+COS(M$5)*COS($C$6)*COS($B38))) -> 100.0286 | M38: =90-L38 -> -10.028601 | N38: =DEGREES(-ACOS((SIN(RADIANS(M38))*SIN($C$6)-SIN(M$5))/(COS(RADIANS(M38))*COS($C$6)))) -> -83.57587 | O38: =DEGREES(ACOS(SIN(P$5)*SIN($C$6)+COS(P$5)*COS($C$6)*COS($B38))) -> 108.52513 | P38: =90-O38 -> -18.525126 | Q38: =DEGREES(-ACOS((SIN(RADIANS(P38))*SIN($C$6)-SIN(P$5))/(COS(RADIANS(P38))*COS($C$6)))) -> -75.22888 | R38: =DEGREES(ACOS(SIN(S$5)*SIN($C$6)+COS(S$5)*COS($C$6)*COS($B38))) -> 100.80824 | S38: =90-R38 -> -10.808244 | T38: =DEGREES(-ACOS((SIN(RADIANS(S38))*SIN($C$6)-SIN(S$5))/(COS(RADIANS(S38))*COS($C$6)))) -> -82.84433
A39: -91 | B39: =RADIANS(A39) -> -1.5882496 | C39: =DEGREES(ACOS(SIN(C$5)*SIN($C$6)+COS(C$5)*COS($C$6)*COS($B39))) -> 73.401301 | D39: =90-C39 -> 16.598699 | E39: =DEGREES(-ACOS((SIN(RADIANS(D39))*SIN($C$6)-SIN(C$5))/(COS(RADIANS(D39))*COS($C$6)))) -> -106.83288 | F39: =DEGREES(ACOS(SIN(G$5)*SIN($C$6)+COS(G$5)*COS($C$6)*COS($B39))) -> 81.956252 | G39: =90-F39 -> 8.0437478 | H39: =DEGREES(-ACOS((SIN(RADIANS(G39))*SIN($C$6)-SIN(G$5))/(COS(RADIANS(G39))*COS($C$6)))) -> -98.616781 | I39: =DEGREES(ACOS(SIN(J$5)*SIN($C$6)+COS(J$5)*COS($C$6)*COS($B39))) -> 90.667381 | J39: =90-I39 -> -0.66738063 | K39: =DEGREES(-ACOS((SIN(RADIANS(J39))*SIN($C$6)-SIN(J$5))/(COS(RADIANS(J39))*COS($C$6)))) -> -90.744734 | L39: =DEGREES(ACOS(SIN(M$5)*SIN($C$6)+COS(M$5)*COS($C$6)*COS($B39))) -> 99.365887 | M39: =90-L39 -> -9.3658872 | N39: =DEGREES(-ACOS((SIN(RADIANS(M39))*SIN($C$6)-SIN(M$5))/(COS(RADIANS(M39))*COS($C$6)))) -> -82.844645 | O39: =DEGREES(ACOS(SIN(P$5)*SIN($C$6)+COS(P$5)*COS($C$6)*COS($B39))) -> 107.88082 | P39: =90-O39 -> -17.880819 | Q39: =DEGREES(-ACOS((SIN(RADIANS(P39))*SIN($C$6)-SIN(P$5))/(COS(RADIANS(P39))*COS($C$6)))) -> -74.541399 | R39: =DEGREES(ACOS(SIN(S$5)*SIN($C$6)+COS(S$5)*COS($C$6)*COS($B39))) -> 100.14659 | S39: =90-R39 -> -10.146589 | T39: =DEGREES(-ACOS((SIN(RADIANS(S39))*SIN($C$6)-SIN(S$5))/(COS(RADIANS(S39))*COS($C$6)))) -> -82.115774
A40: -90 | B40: =RADIANS(A40) -> -1.5707963 | C40: =DEGREES(ACOS(SIN(C$5)*SIN($C$6)+COS(C$5)*COS($C$6)*COS($B40))) -> 72.761354 | D40: =90-C40 -> 17.238646 | E40: =DEGREES(-ACOS((SIN(RADIANS(D40))*SIN($C$6)-SIN(C$5))/(COS(RADIANS(D40))*COS($C$6)))) -> -106.1458 | F40: =DEGREES(ACOS(SIN(G$5)*SIN($C$6)+COS(G$5)*COS($C$6)*COS($B40))) -> 81.295766 | G40: =90-F40 -> 8.7042336 | H40: =DEGREES(-ACOS((SIN(RADIANS(G40))*SIN($C$6)-SIN(G$5))/(COS(RADIANS(G40))*COS($C$6)))) -> -97.886173 | I40: =DEGREES(ACOS(SIN(J$5)*SIN($C$6)+COS(J$5)*COS($C$6)*COS($B40))) -> 90 | J40: =90-I40 -> 0 | K40: =DEGREES(-ACOS((SIN(RADIANS(J40))*SIN($C$6)-SIN(J$5))/(COS(RADIANS(J40))*COS($C$6)))) -> -90 | L40: =DEGREES(ACOS(SIN(M$5)*SIN($C$6)+COS(M$5)*COS($C$6)*COS($B40))) -> 98.704234 | M40: =90-L40 -> -8.7042336 | N40: =DEGREES(-ACOS((SIN(RADIANS(M40))*SIN($C$6)-SIN(M$5))/(COS(RADIANS(M40))*COS($C$6)))) -> -82.113827 | O40: =DEGREES(ACOS(SIN(P$5)*SIN($C$6)+COS(P$5)*COS($C$6)*COS($B40))) -> 107.23865 | P40: =90-O40 -> -17.238646 | Q40: =DEGREES(-ACOS((SIN(RADIANS(P40))*SIN($C$6)-SIN(P$5))/(COS(RADIANS(P40))*COS($C$6)))) -> -73.854203 | R40: =DEGREES(ACOS(SIN(S$5)*SIN($C$6)+COS(S$5)*COS($C$6)*COS($B40))) -> 99.486098 | S40: =90-R40 -> -9.4860979 | T40: =DEGREES(-ACOS((SIN(RADIANS(S40))*SIN($C$6)-SIN(S$5))/(COS(RADIANS(S40))*COS($C$6)))) -> -81.387633 | V40: =E40 -> -106.1458 | Y40: =D40 -> 17.238646
A41: -89 | B41: =RADIANS(A41) -> -1.553343 | C41: =DEGREES(ACOS(SIN(C$5)*SIN($C$6)+COS(C$5)*COS($C$6)*COS($B41))) -> 72.119181 | D41: =90-C41 -> 17.880819 | E41: =DEGREES(-ACOS((SIN(RADIANS(D41))*SIN($C$6)-SIN(C$5))/(COS(RADIANS(D41))*COS($C$6)))) -> -105.4586 | F41: =DEGREES(ACOS(SIN(G$5)*SIN($C$6)+COS(G$5)*COS($C$6)*COS($B41))) -> 80.634113 | G41: =90-F41 -> 9.3658872 | H41: =DEGREES(-ACOS((SIN(RADIANS(G41))*SIN($C$6)-SIN(G$5))/(COS(RADIANS(G41))*COS($C$6)))) -> -97.155355 | I41: =DEGREES(ACOS(SIN(J$5)*SIN($C$6)+COS(J$5)*COS($C$6)*COS($B41))) -> 89.332619 | J41: =90-I41 -> 0.66738063 | K41: =DEGREES(-ACOS((SIN(RADIANS(J41))*SIN($C$6)-SIN(J$5))/(COS(RADIANS(J41))*COS($C$6)))) -> -89.255266 | L41: =DEGREES(ACOS(SIN(M$5)*SIN($C$6)+COS(M$5)*COS($C$6)*COS($B41))) -> 98.043748 | M41: =90-L41 -> -8.0437478 | N41: =DEGREES(-ACOS((SIN(RADIANS(M41))*SIN($C$6)-SIN(M$5))/(COS(RADIANS(M41))*COS($C$6)))) -> -81.383219 | O41: =DEGREES(ACOS(SIN(P$5)*SIN($C$6)+COS(P$5)*COS($C$6)*COS($B41))) -> 106.5987 | P41: =90-O41 -> -16.598699 | Q41: =DEGREES(-ACOS((SIN(RADIANS(P41))*SIN($C$6)-SIN(P$5))/(COS(RADIANS(P41))*COS($C$6)))) -> -73.167117 | R41: =DEGREES(ACOS(SIN(S$5)*SIN($C$6)+COS(S$5)*COS($C$6)*COS($B41))) -> 98.826877 | S41: =90-R41 -> -8.8268767 | T41: =DEGREES(-ACOS((SIN(RADIANS(S41))*SIN($C$6)-SIN(S$5))/(COS(RADIANS(S41))*COS($C$6)))) -> -80.659709 | V41: =H40 -> -97.886173 | Y41: =G40 -> 8.7042336
A42: -88 | B42: =RADIANS(A42) -> -1.5358897 | C42: =DEGREES(ACOS(SIN(C$5)*SIN($C$6)+COS(C$5)*COS($C$6)*COS($B42))) -> 71.474874 | D42: =90-C42 -> 18.525126 | E42: =DEGREES(-ACOS((SIN(RADIANS(D42))*SIN($C$6)-SIN(C$5))/(COS(RADIANS(D42))*COS($C$6)))) -> -104.77112 | F42: =DEGREES(ACOS(SIN(G$5)*SIN($C$6)+COS(G$5)*COS($C$6)*COS($B42))) -> 79.971399 | G42: =90-F42 -> 10.028601 | H42: =DEGREES(-ACOS((SIN(RADIANS(G42))*SIN($C$6)-SIN(G$5))/(COS(RADIANS(G42))*COS($C$6)))) -> -96.42413 | I42: =DEGREES(ACOS(SIN(J$5)*SIN($C$6)+COS(J$5)*COS($C$6)*COS($B42))) -> 88.665352 | J42: =90-I42 -> 1.3346485 | K42: =DEGREES(-ACOS((SIN(RADIANS(J42))*SIN($C$6)-SIN(J$5))/(COS(RADIANS(J42))*COS($C$6)))) -> -88.510331 | L42: =DEGREES(ACOS(SIN(M$5)*SIN($C$6)+COS(M$5)*COS($C$6)*COS($B42))) -> 97.384537 | M42: =90-L42 -> -7.384537 | N42: =DEGREES(-ACOS((SIN(RADIANS(M42))*SIN($C$6)-SIN(M$5))/(COS(RADIANS(M42))*COS($C$6)))) -> -80.652625 | O42: =DEGREES(ACOS(SIN(P$5)*SIN($C$6)+COS(P$5)*COS($C$6)*COS($B42))) -> 105.96107 | P42: =90-O42 -> -15.96107 | Q42: =DEGREES(-ACOS((SIN(RADIANS(P42))*SIN($C$6)-SIN(P$5))/(COS(RADIANS(P42))*COS($C$6)))) -> -72.479968 | R42: =DEGREES(ACOS(SIN(S$5)*SIN($C$6)+COS(S$5)*COS($C$6)*COS($B42))) -> 98.169031 | S42: =90-R42 -> -8.1690315 | T42: =DEGREES(-ACOS((SIN(RADIANS(S42))*SIN($C$6)-SIN(S$5))/(COS(RADIANS(S42))*COS($C$6)))) -> -79.93181 | V42: =K40 -> -90 | Y42: =J40 -> 0
A43: -87 | B43: =RADIANS(A43) -> -1.5184364 | C43: =DEGREES(ACOS(SIN(C$5)*SIN($C$6)+COS(C$5)*COS($C$6)*COS($B43))) -> 70.828525 | D43: =90-C43 -> 19.171475 | E43: =DEGREES(-ACOS((SIN(RADIANS(D43))*SIN($C$6)-SIN(C$5))/(COS(RADIANS(D43))*COS($C$6)))) -> -104.08318 | F43: =DEGREES(ACOS(SIN(G$5)*SIN($C$6)+COS(G$5)*COS($C$6)*COS($B43))) -> 79.307731 | G43: =90-F43 -> 10.692269 | H43: =DEGREES(-ACOS((SIN(RADIANS(G43))*SIN($C$6)-SIN(G$5))/(COS(RADIANS(G43))*COS($C$6)))) -> -95.692299 | I43: =DEGREES(ACOS(SIN(J$5)*SIN($C$6)+COS(J$5)*COS($C$6)*COS($B43))) -> 87.998309 | J43: =90-I43 -> 2.0016907 | K43: =DEGREES(-ACOS((SIN(RADIANS(J43))*SIN($C$6)-SIN(J$5))/(COS(RADIANS(J43))*COS($C$6)))) -> -87.764991 | L43: =DEGREES(ACOS(SIN(M$5)*SIN($C$6)+COS(M$5)*COS($C$6)*COS($B43))) -> 96.726709 | M43: =90-L43 -> -6.7267085 | N43: =DEGREES(-ACOS((SIN(RADIANS(M43))*SIN($C$6)-SIN(M$5))/(COS(RADIANS(M43))*COS($C$6)))) -> -79.921852 | O43: =DEGREES(ACOS(SIN(P$5)*SIN($C$6)+COS(P$5)*COS($C$6)*COS($B43))) -> 105.32585 | P43: =90-O43 -> -15.32585 | Q43: =DEGREES(-ACOS((SIN(RADIANS(P43))*SIN($C$6)-SIN(P$5))/(COS(RADIANS(P43))*COS($C$6)))) -> -71.792588 | R43: =DEGREES(ACOS(SIN(S$5)*SIN($C$6)+COS(S$5)*COS($C$6)*COS($B43))) -> 97.512669 | S43: =90-R43 -> -7.5126687 | T43: =DEGREES(-ACOS((SIN(RADIANS(S43))*SIN($C$6)-SIN(S$5))/(COS(RADIANS(S43))*COS($C$6)))) -> -79.203743 | V43: =N40 -> -82.113827 | Y43: =M40 -> -8.7042336
A44: -86 | B44: =RADIANS(A44) -> -1.5009832 | C44: =DEGREES(ACOS(SIN(C$5)*SIN($C$6)+COS(C$5)*COS($C$6)*COS($B44))) -> 70.180225 | D44: =90-C44 -> 19.819775 | E44: =DEGREES(-ACOS((SIN(RADIANS(D44))*SIN($C$6)-SIN(C$5))/(COS(RADIANS(D44))*COS($C$6)))) -> -103.39458 | F44: =DEGREES(ACOS(SIN(G$5)*SIN($C$6)+COS(G$5)*COS($C$6)*COS($B44))) -> 78.643218 | G44: =90-F44 -> 11.356782 | H44: =DEGREES(-ACOS((SIN(RADIANS(G44))*SIN($C$6)-SIN(G$5))/(COS(RADIANS(G44))*COS($C$6)))) -> -94.95966 | I44: =DEGREES(ACOS(SIN(J$5)*SIN($C$6)+COS(J$5)*COS($C$6)*COS($B44))) -> 87.331606 | J44: =90-I44 -> 2.6683942 | K44: =DEGREES(-ACOS((SIN(RADIANS(J44))*SIN($C$6)-SIN(J$5))/(COS(RADIANS(J44))*COS($C$6)))) -> -87.019044 | L44: =DEGREES(ACOS(SIN(M$5)*SIN($C$6)+COS(M$5)*COS($C$6)*COS($B44))) -> 96.07037 | M44: =90-L44 -> -6.07037 | N44: =DEGREES(-ACOS((SIN(RADIANS(M44))*SIN($C$6)-SIN(M$5))/(COS(RADIANS(M44))*COS($C$6)))) -> -79.190711 | O44: =DEGREES(ACOS(SIN(P$5)*SIN($C$6)+COS(P$5)*COS($C$6)*COS($B44))) -> 104.69313 | P44: =90-O44 -> -14.693133 | Q44: =DEGREES(-ACOS((SIN(RADIANS(P44))*SIN($C$6)-SIN(P$5))/(COS(RADIANS(P44))*COS($C$6)))) -> -71.104813 | R44: =DEGREES(ACOS(SIN(S$5)*SIN($C$6)+COS(S$5)*COS($C$6)*COS($B44))) -> 96.857895 | S44: =90-R44 -> -6.8578948 | T44: =DEGREES(-ACOS((SIN(RADIANS(S44))*SIN($C$6)-SIN(S$5))/(COS(RADIANS(S44))*COS($C$6)))) -> -78.47532 | V44: =Q40 -> -73.854203 | Y44: =P40 -> -17.238646
A45: -85 | B45: =RADIANS(A45) -> -1.4835299 | C45: =DEGREES(ACOS(SIN(C$5)*SIN($C$6)+COS(C$5)*COS($C$6)*COS($B45))) -> 69.530066 | D45: =90-C45 -> 20.469934 | E45: =DEGREES(-ACOS((SIN(RADIANS(D45))*SIN($C$6)-SIN(C$5))/(COS(RADIANS(D45))*COS($C$6)))) -> -102.70516 | F45: =DEGREES(ACOS(SIN(G$5)*SIN($C$6)+COS(G$5)*COS($C$6)*COS($B45))) -> 77.977966 | G45: =90-F45 -> 12.022034 | H45: =DEGREES(-ACOS((SIN(RADIANS(G45))*SIN($C$6)-SIN(G$5))/(COS(RADIANS(G45))*COS($C$6)))) -> -94.226008 | I45: =DEGREES(ACOS(SIN(J$5)*SIN($C$6)+COS(J$5)*COS($C$6)*COS($B45))) -> 86.665354 | J45: =90-I45 -> 3.3346455 | K45: =DEGREES(-ACOS((SIN(RADIANS(J45))*SIN($C$6)-SIN(J$5))/(COS(RADIANS(J45))*COS($C$6)))) -> -86.272288 | L45: =DEGREES(ACOS(SIN(M$5)*SIN($C$6)+COS(M$5)*COS($C$6)*COS($B45))) -> 95.415629 | M45: =90-L45 -> -5.4156292 | N45: =DEGREES(-ACOS((SIN(RADIANS(M45))*SIN($C$6)-SIN(M$5))/(COS(RADIANS(M45))*COS($C$6)))) -> -78.459011 | O45: =DEGREES(ACOS(SIN(P$5)*SIN($C$6)+COS(P$5)*COS($C$6)*COS($B45))) -> 104.06301 | P45: =90-O45 -> -14.063011 | Q45: =DEGREES(-ACOS((SIN(RADIANS(P45))*SIN($C$6)-SIN(P$5))/(COS(RADIANS(P45))*COS($C$6)))) -> -70.41648 | R45: =DEGREES(ACOS(SIN(S$5)*SIN($C$6)+COS(S$5)*COS($C$6)*COS($B45))) -> 96.204817 | S45: =90-R45 -> -6.2048167 | T45: =DEGREES(-ACOS((SIN(RADIANS(S45))*SIN($C$6)-SIN(S$5))/(COS(RADIANS(S45))*COS($C$6)))) -> -77.746354
A46: -84 | B46: =RADIANS(A46) -> -1.4660766 | C46: =DEGREES(ACOS(SIN(C$5)*SIN($C$6)+COS(C$5)*COS($C$6)*COS($B46))) -> 68.87814 | D46: =90-C46 -> 21.12186 | E46: =DEGREES(-ACOS((SIN(RADIANS(D46))*SIN($C$6)-SIN(C$5))/(COS(RADIANS(D46))*COS($C$6)))) -> -102.0147 | F46: =DEGREES(ACOS(SIN(G$5)*SIN($C$6)+COS(G$5)*COS($C$6)*COS($B46))) -> 77.312084 | G46: =90-F46 -> 12.687916 | H46: =DEGREES(-ACOS((SIN(RADIANS(G46))*SIN($C$6)-SIN(G$5))/(COS(RADIANS(G46))*COS($C$6)))) -> -93.491137 | I46: =DEGREES(ACOS(SIN(J$5)*SIN($C$6)+COS(J$5)*COS($C$6)*COS($B46))) -> 85.999669 | J46: =90-I46 -> 4.0003309 | K46: =DEGREES(-ACOS((SIN(RADIANS(J46))*SIN($C$6)-SIN(J$5))/(COS(RADIANS(J46))*COS($C$6)))) -> -85.52452 | L46: =DEGREES(ACOS(SIN(M$5)*SIN($C$6)+COS(M$5)*COS($C$6)*COS($B46))) -> 94.762595 | M46: =90-L46 -> -4.7625945 | N46: =DEGREES(-ACOS((SIN(RADIANS(M46))*SIN($C$6)-SIN(M$5))/(COS(RADIANS(M46))*COS($C$6)))) -> -77.726566 | O46: =DEGREES(ACOS(SIN(P$5)*SIN($C$6)+COS(P$5)*COS($C$6)*COS($B46))) -> 103.43558 | P46: =90-O46 -> -13.435578 | Q46: =DEGREES(-ACOS((SIN(RADIANS(P46))*SIN($C$6)-SIN(P$5))/(COS(RADIANS(P46))*COS($C$6)))) -> -69.727432 | R46: =DEGREES(ACOS(SIN(S$5)*SIN($C$6)+COS(S$5)*COS($C$6)*COS($B46))) -> 95.553542 | S46: =90-R46 -> -5.5535417 | T46: =DEGREES(-ACOS((SIN(RADIANS(S46))*SIN($C$6)-SIN(S$5))/(COS(RADIANS(S46))*COS($C$6)))) -> -77.016659
A47: -83 | B47: =RADIANS(A47) -> -1.4486233 | C47: =DEGREES(ACOS(SIN(C$5)*SIN($C$6)+COS(C$5)*COS($C$6)*COS($B47))) -> 68.224538 | D47: =90-C47 -> 21.775462 | E47: =DEGREES(-ACOS((SIN(RADIANS(D47))*SIN($C$6)-SIN(C$5))/(COS(RADIANS(D47))*COS($C$6)))) -> -101.32303 | F47: =DEGREES(ACOS(SIN(G$5)*SIN($C$6)+COS(G$5)*COS($C$6)*COS($B47))) -> 76.64568 | G47: =90-F47 -> 13.35432 | H47: =DEGREES(-ACOS((SIN(RADIANS(G47))*SIN($C$6)-SIN(G$5))/(COS(RADIANS(G47))*COS($C$6)))) -> -92.754838 | I47: =DEGREES(ACOS(SIN(J$5)*SIN($C$6)+COS(J$5)*COS($C$6)*COS($B47))) -> 85.334664 | J47: =90-I47 -> 4.6653361 | K47: =DEGREES(-ACOS((SIN(RADIANS(J47))*SIN($C$6)-SIN(J$5))/(COS(RADIANS(J47))*COS($C$6)))) -> -84.775536 | L47: =DEGREES(ACOS(SIN(M$5)*SIN($C$6)+COS(M$5)*COS($C$6)*COS($B47))) -> 94.111375 | M47: =90-L47 -> -4.1113746 | N47: =DEGREES(-ACOS((SIN(RADIANS(M47))*SIN($C$6)-SIN(M$5))/(COS(RADIANS(M47))*COS($C$6)))) -> -76.99319 | O47: =DEGREES(ACOS(SIN(P$5)*SIN($C$6)+COS(P$5)*COS($C$6)*COS($B47))) -> 102.81093 | P47: =90-O47 -> -12.810928 | Q47: =DEGREES(-ACOS((SIN(RADIANS(P47))*SIN($C$6)-SIN(P$5))/(COS(RADIANS(P47))*COS($C$6)))) -> -69.037513 | R47: =DEGREES(ACOS(SIN(S$5)*SIN($C$6)+COS(S$5)*COS($C$6)*COS($B47))) -> 94.904177 | S47: =90-R47 -> -4.9041775 | T47: =DEGREES(-ACOS((SIN(RADIANS(S47))*SIN($C$6)-SIN(S$5))/(COS(RADIANS(S47))*COS($C$6)))) -> -76.286052
A48: -82 | B48: =RADIANS(A48) -> -1.43117 | C48: =DEGREES(ACOS(SIN(C$5)*SIN($C$6)+COS(C$5)*COS($C$6)*COS($B48))) -> 67.569352 | D48: =90-C48 -> 22.430648 | E48: =DEGREES(-ACOS((SIN(RADIANS(D48))*SIN($C$6)-SIN(C$5))/(COS(RADIANS(D48))*COS($C$6)))) -> -100.62993 | F48: =DEGREES(ACOS(SIN(G$5)*SIN($C$6)+COS(G$5)*COS($C$6)*COS($B48))) -> 75.978864 | G48: =90-F48 -> 14.021136 | H48: =DEGREES(-ACOS((SIN(RADIANS(G48))*SIN($C$6)-SIN(G$5))/(COS(RADIANS(G48))*COS($C$6)))) -> -92.016896 | I48: =DEGREES(ACOS(SIN(J$5)*SIN($C$6)+COS(J$5)*COS($C$6)*COS($B48))) -> 84.670454 | J48: =90-I48 -> 5.3295461 | K48: =DEGREES(-ACOS((SIN(RADIANS(J48))*SIN($C$6)-SIN(J$5))/(COS(RADIANS(J48))*COS($C$6)))) -> -84.025133 | L48: =DEGREES(ACOS(SIN(M$5)*SIN($C$6)+COS(M$5)*COS($C$6)*COS($B48))) -> 93.462079 | M48: =90-L48 -> -3.4620787 | N48: =DEGREES(-ACOS((SIN(RADIANS(M48))*SIN($C$6)-SIN(M$5))/(COS(RADIANS(M48))*COS($C$6)))) -> -76.258699 | O48: =DEGREES(ACOS(SIN(P$5)*SIN($C$6)+COS(P$5)*COS($C$6)*COS($B48))) -> 102.18915 | P48: =90-O48 -> -12.189155 | Q48: =DEGREES(-ACOS((SIN(RADIANS(P48))*SIN($C$6)-SIN(P$5))/(COS(RADIANS(P48))*COS($C$6)))) -> -68.346571 | R48: =DEGREES(ACOS(SIN(S$5)*SIN($C$6)+COS(S$5)*COS($C$6)*COS($B48))) -> 94.256832 | S48: =90-R48 -> -4.2568323 | T48: =DEGREES(-ACOS((SIN(RADIANS(S48))*SIN($C$6)-SIN(S$5))/(COS(RADIANS(S48))*COS($C$6)))) -> -75.554351
A49: -81 | B49: =RADIANS(A49) -> -1.4137167 | C49: =DEGREES(ACOS(SIN(C$5)*SIN($C$6)+COS(C$5)*COS($C$6)*COS($B49))) -> 66.912676 | D49: =90-C49 -> 23.087324 | E49: =DEGREES(-ACOS((SIN(RADIANS(D49))*SIN($C$6)-SIN(C$5))/(COS(RADIANS(D49))*COS($C$6)))) -> -99.935198 | F49: =DEGREES(ACOS(SIN(G$5)*SIN($C$6)+COS(G$5)*COS($C$6)*COS($B49))) -> 75.311745 | G49: =90-F49 -> 14.688255 | H49: =DEGREES(-ACOS((SIN(RADIANS(G49))*SIN($C$6)-SIN(G$5))/(COS(RADIANS(G49))*COS($C$6)))) -> -91.277096 | I49: =DEGREES(ACOS(SIN(J$5)*SIN($C$6)+COS(J$5)*COS($C$6)*COS($B49))) -> 84.007155 | J49: =90-I49 -> 5.9928452 | K49: =DEGREES(-ACOS((SIN(RADIANS(J49))*SIN($C$6)-SIN(J$5))/(COS(RADIANS(J49))*COS($C$6)))) -> -83.273107 | L49: =DEGREES(ACOS(SIN(M$5)*SIN($C$6)+COS(M$5)*COS($C$6)*COS($B49))) -> 92.814817 | M49: =90-L49 -> -2.8148169 | N49: =DEGREES(-ACOS((SIN(RADIANS(M49))*SIN($C$6)-SIN(M$5))/(COS(RADIANS(M49))*COS($C$6)))) -> -75.522912 | O49: =DEGREES(ACOS(SIN(P$5)*SIN($C$6)+COS(P$5)*COS($C$6)*COS($B49))) -> 101.57035 | P49: =90-O49 -> -11.570354 | Q49: =DEGREES(-ACOS((SIN(RADIANS(P49))*SIN($C$6)-SIN(P$5))/(COS(RADIANS(P49))*COS($C$6)))) -> -67.654455 | R49: =DEGREES(ACOS(SIN(S$5)*SIN($C$6)+COS(S$5)*COS($C$6)*COS($B49))) -> 93.611615 | S49: =90-R49 -> -3.6116151 | T49: =DEGREES(-ACOS((SIN(RADIANS(S49))*SIN($C$6)-SIN(S$5))/(COS(RADIANS(S49))*COS($C$6)))) -> -74.821377
A50: -80 | B50: =RADIANS(A50) -> -1.3962634 | C50: =DEGREES(ACOS(SIN(C$5)*SIN($C$6)+COS(C$5)*COS($C$6)*COS($B50))) -> 66.254602 | D50: =90-C50 -> 23.745398 | E50: =DEGREES(-ACOS((SIN(RADIANS(D50))*SIN($C$6)-SIN(C$5))/(COS(RADIANS(D50))*COS($C$6)))) -> -99.238627 | F50: =DEGREES(ACOS(SIN(G$5)*SIN($C$6)+COS(G$5)*COS($C$6)*COS($B50))) -> 74.644434 | G50: =90-F50 -> 15.355566 | H50: =DEGREES(-ACOS((SIN(RADIANS(G50))*SIN($C$6)-SIN(G$5))/(COS(RADIANS(G50))*COS($C$6)))) -> -90.53522 | I50: =DEGREES(ACOS(SIN(J$5)*SIN($C$6)+COS(J$5)*COS($C$6)*COS($B50))) -> 83.344883 | J50: =90-I50 -> 6.6551169 | K50: =DEGREES(-ACOS((SIN(RADIANS(J50))*SIN($C$6)-SIN(J$5))/(COS(RADIANS(J50))*COS($C$6)))) -> -82.519251 | L50: =DEGREES(ACOS(SIN(M$5)*SIN($C$6)+COS(M$5)*COS($C$6)*COS($B50))) -> 92.1697 | M50: =90-L50 -> -2.1696999 | N50: =DEGREES(-ACOS((SIN(RADIANS(M50))*SIN($C$6)-SIN(M$5))/(COS(RADIANS(M50))*COS($C$6)))) -> -74.785646 | O50: =DEGREES(ACOS(SIN(P$5)*SIN($C$6)+COS(P$5)*COS($C$6)*COS($B50))) -> 100.95462 | P50: =90-O50 -> -10.954621 | Q50: =DEGREES(-ACOS((SIN(RADIANS(P50))*SIN($C$6)-SIN(P$5))/(COS(RADIANS(P50))*COS($C$6)))) -> -66.961019 | R50: =DEGREES(ACOS(SIN(S$5)*SIN($C$6)+COS(S$5)*COS($C$6)*COS($B50))) -> 92.968636 | S50: =90-R50 -> -2.9686356 | T50: =DEGREES(-ACOS((SIN(RADIANS(S50))*SIN($C$6)-SIN(S$5))/(COS(RADIANS(S50))*COS($C$6)))) -> -74.086951
A51: -79 | B51: =RADIANS(A51) -> -1.3788101 | C51: =DEGREES(ACOS(SIN(C$5)*SIN($C$6)+COS(C$5)*COS($C$6)*COS($B51))) -> 65.595223 | D51: =90-C51 -> 24.404777 | E51: =DEGREES(-ACOS((SIN(RADIANS(D51))*SIN($C$6)-SIN(C$5))/(COS(RADIANS(D51))*COS($C$6)))) -> -98.539998 | F51: =DEGREES(ACOS(SIN(G$5)*SIN($C$6)+COS(G$5)*COS($C$6)*COS($B51))) -> 73.977042 | G51: =90-F51 -> 16.022958 | H51: =DEGREES(-ACOS((SIN(RADIANS(G51))*SIN($C$6)-SIN(G$5))/(COS(RADIANS(G51))*COS($C$6)))) -> -89.791046 | I51: =DEGREES(ACOS(SIN(J$5)*SIN($C$6)+COS(J$5)*COS($C$6)*COS($B51))) -> 82.683756 | J51: =90-I51 -> 7.3162438 | K51: =DEGREES(-ACOS((SIN(RADIANS(J51))*SIN($C$6)-SIN(J$5))/(COS(RADIANS(J51))*COS($C$6)))) -> -81.763361 | L51: =DEGREES(ACOS(SIN(M$5)*SIN($C$6)+COS(M$5)*COS($C$6)*COS($B51))) -> 91.526839 | M51: =90-L51 -> -1.526839 | N51: =DEGREES(-ACOS((SIN(RADIANS(M51))*SIN($C$6)-SIN(M$5))/(COS(RADIANS(M51))*COS($C$6)))) -> -74.046724 | O51: =DEGREES(ACOS(SIN(P$5)*SIN($C$6)+COS(P$5)*COS($C$6)*COS($B51))) -> 100.34205 | P51: =90-O51 -> -10.342053 | Q51: =DEGREES(-ACOS((SIN(RADIANS(P51))*SIN($C$6)-SIN(P$5))/(COS(RADIANS(P51))*COS($C$6)))) -> -66.266119 | R51: =DEGREES(ACOS(SIN(S$5)*SIN($C$6)+COS(S$5)*COS($C$6)*COS($B51))) -> 92.328004 | S51: =90-R51 -> -2.3280042 | T51: =DEGREES(-ACOS((SIN(RADIANS(S51))*SIN($C$6)-SIN(S$5))/(COS(RADIANS(S51))*COS($C$6)))) -> -73.350898
A52: -78 | B52: =RADIANS(A52) -> -1.3613568 | C52: =DEGREES(ACOS(SIN(C$5)*SIN($C$6)+COS(C$5)*COS($C$6)*COS($B52))) -> 64.934634 | D52: =90-C52 -> 25.065366 | E52: =DEGREES(-ACOS((SIN(RADIANS(D52))*SIN($C$6)-SIN(C$5))/(COS(RADIANS(D52))*COS($C$6)))) -> -97.839087 | F52: =DEGREES(ACOS(SIN(G$5)*SIN($C$6)+COS(G$5)*COS($C$6)*COS($B52))) -> 73.309682 | G52: =90-F52 -> 16.690318 | H52: =DEGREES(-ACOS((SIN(RADIANS(G52))*SIN($C$6)-SIN(G$5))/(COS(RADIANS(G52))*COS($C$6)))) -> -89.044347 | I52: =DEGREES(ACOS(SIN(J$5)*SIN($C$6)+COS(J$5)*COS($C$6)*COS($B52))) -> 82.023893 | J52: =90-I52 -> 7.9761074 | K52: =DEGREES(-ACOS((SIN(RADIANS(J52))*SIN($C$6)-SIN(J$5))/(COS(RADIANS(J52))*COS($C$6)))) -> -81.005231 | L52: =DEGREES(ACOS(SIN(M$5)*SIN($C$6)+COS(M$5)*COS($C$6)*COS($B52))) -> 90.886347 | M52: =90-L52 -> -0.88634688 | N52: =DEGREES(-ACOS((SIN(RADIANS(M52))*SIN($C$6)-SIN(M$5))/(COS(RADIANS(M52))*COS($C$6)))) -> -73.305966 | O52: =DEGREES(ACOS(SIN(P$5)*SIN($C$6)+COS(P$5)*COS($C$6)*COS($B52))) -> 99.732746 | P52: =90-O52 -> -9.7327458 | Q52: =DEGREES(-ACOS((SIN(RADIANS(P52))*SIN($C$6)-SIN(P$5))/(COS(RADIANS(P52))*COS($C$6)))) -> -65.569613 | R52: =DEGREES(ACOS(SIN(S$5)*SIN($C$6)+COS(S$5)*COS($C$6)*COS($B52))) -> 91.689832 | S52: =90-R52 -> -1.6898323 | T52: =DEGREES(-ACOS((SIN(RADIANS(S52))*SIN($C$6)-SIN(S$5))/(COS(RADIANS(S52))*COS($C$6)))) -> -72.613041
A53: -77 | B53: =RADIANS(A53) -> -1.3439035 | C53: =DEGREES(ACOS(SIN(C$5)*SIN($C$6)+COS(C$5)*COS($C$6)*COS($B53))) -> 64.27293 | D53: =90-C53 -> 25.72707 | E53: =DEGREES(-ACOS((SIN(RADIANS(D53))*SIN($C$6)-SIN(C$5))/(COS(RADIANS(D53))*COS($C$6)))) -> -97.135667 | F53: =DEGREES(ACOS(SIN(G$5)*SIN($C$6)+COS(G$5)*COS($C$6)*COS($B53))) -> 72.642467 | G53: =90-F53 -> 17.357533 | H53: =DEGREES(-ACOS((SIN(RADIANS(G53))*SIN($C$6)-SIN(G$5))/(COS(RADIANS(G53))*COS($C$6)))) -> -88.294894 | I53: =DEGREES(ACOS(SIN(J$5)*SIN($C$6)+COS(J$5)*COS($C$6)*COS($B53))) -> 81.365412 | J53: =90-I53 -> 8.634588 | K53: =DEGREES(-ACOS((SIN(RADIANS(J53))*SIN($C$6)-SIN(J$5))/(COS(RADIANS(J53))*COS($C$6)))) -> -80.244652 | L53: =DEGREES(ACOS(SIN(M$5)*SIN($C$6)+COS(M$5)*COS($C$6)*COS($B53))) -> 90.248337 | M53: =90-L53 -> -0.24833672 | N53: =DEGREES(-ACOS((SIN(RADIANS(M53))*SIN($C$6)-SIN(M$5))/(COS(RADIANS(M53))*COS($C$6)))) -> -72.563197 | O53: =DEGREES(ACOS(SIN(P$5)*SIN($C$6)+COS(P$5)*COS($C$6)*COS($B53))) -> 99.126799 | P53: =90-O53 -> -9.1267986 | Q53: =DEGREES(-ACOS((SIN(RADIANS(P53))*SIN($C$6)-SIN(P$5))/(COS(RADIANS(P53))*COS($C$6)))) -> -64.871363 | R53: =DEGREES(ACOS(SIN(S$5)*SIN($C$6)+COS(S$5)*COS($C$6)*COS($B53))) -> 91.054232 | S53: =90-R53 -> -1.0542321 | T53: =DEGREES(-ACOS((SIN(RADIANS(S53))*SIN($C$6)-SIN(S$5))/(COS(RADIANS(S53))*COS($C$6)))) -> -71.873207
