Workbook
Name AL: #REF!
Name AL: #REF!
Name AL: #REF!
Name AL: #REF!
Name AL: #REF!
Name BE: Datos_ejercicios!#REF!
Name BE: #REF!
Name BE: #REF!
Name BE: #REF!
Name BE: Gdm!#REF!
Name BE: Gdm!#REF!
Name BEOP: #REF!
Name BEOP: #REF!
Name BEOP: #REF!
Name BEOP: #REF!
Name BEOP: #REF!
Name beta: #REF!
Name beta: #REF!
Name beta: #REF!
Name beta: #REF!
Name BOP: #REF!
Name BOP: #REF!
Name BOP: #REF!
Name BOP: #REF!
Name decli1: #REF!
Name decli1: #REF!
Name decli1: #REF!
Name decli1: TraySol!$C$5
Name decli1: #REF!
Name Hp: #REF!
Name Hp: #REF!
Name Hp: #REF!
Name Hp: #REF!
Name Hvp: #REF!
Name Hvp: #REF!
Name Hvp: #REF!
Name Hvp: #REF!
Name l: #REF!
Name l: #REF!
Name l: #REF!
Name l: #REF!
Name LAT: [1]Ghm!$C$4
Name LAT: [2]Ghm!$C$3
Name LAT: [2]Ghm!$C$3
Name LAT: [3]Ghm!$C$3
Name LAT: Ghm!$C$4
Name lm: #REF!
Name lm: #REF!
Name lm: #REF!
Name lm: #REF!

Sheet Instrucciones
A1: 1) Busque datos de partida fiables de la localidad bajo estudio: latitud y promedios diarios de irradiación sobre superficie horizontal (unidades deseables, kWh/m2)
A3: 2) Copie los datos en la fila 3 de la pestaña "Gdm"
B4: Pueden utilizarse otros datos de partida (promedios diarios mensuales y anual) en la fila 4, siempre que tengan las unidades esperadas (kWh/m2)
A6: 3) En la pestaña "Gdm", indique los valores alfa y beta que determinan, respectivamente, la orientación e inclinación de la superficie de captación,así como el coeficiente de reflectividad del suelo, rho (r)
B7: Los resultados de irradiación global (promedios mensuales de valores diarios, promedio anual de valores diarios y valor anual) se muestran en la columna S
A9: Nota: La pestaña "Ghm" contiene los cálculos horarios cuya suma proporciona los valores diarios. No permite modificaciones.
B10: Modelo de irradiancia difusa: Modelo de Perez & Seals [Richard Perez, Robert Seals, "A new simplifed version of the Perez diffuse irradiance model for tilted surfaces". Solar Energy 39 (3), 1987]
A12: 4) La pestaña "TraySol" calcula y representa las trayectorias del sol en días característicos de la localidad seleccionada (diagrama de trayectorias del sol simplificado).
B13: (Se muestra asimismo un ejemplo del diagrama de trayectorias del sol en Madrid).
B14: Admite la representación de la trayectoria de un día específico, indicando en la casilla S3 el día escogido.
A16: 5) La pestaña "Tabla_FS" muestra la tabla de coeficientes en los que se basa el método de análisis de sombras: "pesos" energéticos de las zonas del hemisferio celeste
B17: (A1, A2,…D14), expresados en % respecto de la irradiación global anual incidente esperada (sin sombras) en la localidad y superficie de captación seleccionas.
B18: Incluye una representación del diagrama de trayectorias del sol simplificado en Madrid, para identificación de las zonas.
A20: 6) La pestaña "Pobs_H" calcula y representa el perfil de obstáculos que afecta al punto más desfavorable de filas de módulos fotovoltaicos paralelas sobre el plano horizontal,
B21: a partir de datos introducidos por el usuario (localidad seleccionada en el paso 1).
A23: 7) La pestaña "Pobs_V" calcula y representa el perfil de obstáculos que afecta al punto más desfavorable de hileras de módulos fotovoltaicos paralelas sobre el plano vertical,
B24: a partir de datos introducidos por el usuario (localidad seleccionada en el paso 1).
A26: 8) La pestaña "Psombras_ej" representa un perfil de obstáculos cualquiera, definido por por sus coordenadas acimut (y: columna A) y elevación (g: columna B),
B27: en el diagrama de trayectorias del sol de la localidad seleccionada en el paso 1.

Sheet Gdm
A1: * RESULTADOS: IRRADIACIÓN GLOBAL (PROMEDIOS DIARIOS MENSUALES Y VALOR ANUAL)
D3: Promedio diario mensual (kWh/m2)
A4: PAIS | B4: Localidad | C4: Latitud (º) | D4: Ene | E4: Feb | F4: Mar | G4: Abr | H4: May | I4: Jun | J4: Jul | K4: Ago | L4: Sep | M4: Oct | N4: Nov | O4: Dic
A5: ESPAÑA-AEMET | B5: Madrid | C5: 40.45 | D5: 2.27 | E5: 3.25 | F5: 4.65 | G5: 5.75 | H5: 6.6 | I5: 7.74 | J5: 8.04 | K5: 7 | L5: 5.47 | M5: 3.56 | N5: 2.43 | O5: 1.87
A7: Latitud, F (º) = | B7: =C5 -> 40.45
A8: Inclinación, b (º)= | B8: 65
A9: Orientación, a (º) = | B9: 0 | C9: (0º: sur; 180º: norte; valores < 0: sureste/noreste; valores >0: suroeste/noroeste)
A10: Coeficiente r = | B10: 0.2 | C10: Coeficiente de reflexión del suelo (0,2 por defecto)
D12: (º) | F12: (º) | G12: (º) | H12: (rad) | I12: (º) | J12: (Wh/m2) | K12: (Wh/m2) | N12: (Wh/m2) | O12: (Wh/m2) | P12: (Wh/m2) | Q12: (Wh/m2) | R12: (Wh/m2) | S12: (Wh/m2)
A13: Mes | B13: Dia | C13: Eps.o | D13: Declinac | F13: gs (w=0) | G13: gs (w=12h) | H13: ws | I13: ws | J13: Bodm(0) | K13: Gdm(0) | L13: Ktm | M13: Kdm | N13: Ddm(0) | O13: Bdm(0) | P13: Bdm(a,b) | Q13: Ddm(a,b) | R13: Rdm(a,b) | S13: Gdm(a,b) | V13: Gdm(a,b)-Gdm(0) [%Gdm(0)]
A14: 1 | B14: 17 | C14: =1+0.033*COS(RADIANS(360/365*B14)) -> 1.031597 | D14: =23.45*SIN(RADIANS(360/365*(B14+284))) -> -20.916963 | E14: =TAN(RADIANS($D14))*TAN(RADIANS(B$7)) -> -0.32585505 | F14: =90-ABS($B$7)+D14*SIGN($B$7) -> 28.633037 | G14: =D14*SIGN($B$7)-(90-ABS($B$7)) -> -70.466963 | H14: =IF(E14>=1,-PI(),IF(E14<-1,0,-ACOS(-E14))) -> -1.2388803 | I14: =H14*180/PI() -> -70.982614 | J14: =IF(E14>1,(24*1367/PI())*$C14*SIN(RADIANS(D14))*SIN(RADIANS(B$7))*PI(),(24*1367/PI())*$C14*COS(RADIANS(D14))*COS(RADIANS(B$7))*(H14*COS(H14)-SIN(H14))) -> 4148.3944 | K14: =D$5*1000 -> 2270 | L14: =IF(J14-K14>0,K14/J14,0) -> 0.54719966 | M14: =IF(L14<>0,1-1.13*L14,0) -> 0.38166439 | N14: =M14*K14 -> 866.37816 | O14: =K14-N14 -> 1403.6218 | P14: =Ghm!L47 -> 3449.7371 | Q14: =Ghm!Z47 -> 1512.7483 | R14: =Ghm!AA47 -> 130.35744 | S14: =SUM(P14:R14) -> 5092.8428 | V14: =IF(K14<>0,(S14-K14)/K14,0) -> 1.2435431
A15: 2 | B15: 46 | C15: =1+0.033*COS(RADIANS(360/365*B15)) -> 1.0231834 | D15: =23.45*SIN(RADIANS(360/365*(B15+284))) -> -13.289156 | E15: =TAN(RADIANS($D15))*TAN(RADIANS(B$7)) -> -0.20136925 | F15: =90-ABS($B$7)+D15*SIGN($B$7) -> 36.260844 | G15: =D15*SIGN($B$7)-(90-ABS($B$7)) -> -62.839156 | H15: =IF(E15>=1,-PI(),IF(E15<-1,0,-ACOS(-E15))) -> -1.3680407 | I15: =H15*180/PI() -> -78.38296 | J15: =IF(E15>1,(24*1367/PI())*$C15*SIN(RADIANS(D15))*SIN(RADIANS(B$7))*PI(),(24*1367/PI())*$C15*COS(RADIANS(D15))*COS(RADIANS(B$7))*(H15*COS(H15)-SIN(H15))) -> 5571.3195 | K15: =E$5*1000 -> 3250 | L15: =IF(J15-K15>0,K15/J15,0) -> 0.58334476 | M15: =1-1.13*L15 -> 0.34082043 | N15: =M15*K15 -> 1107.6664 | O15: =K15-N15 -> 2142.3336 | P15: =Ghm!L83 -> 3880.8572 | Q15: =Ghm!Z83 -> 1608.6464 | R15: =Ghm!AA83 -> 186.3205 | S15: =SUM(P15:R15) -> 5675.8241 | V15: =IF(K15<>0,(S15-K15)/K15,0) -> 0.74640742
A16: 3 | B16: 75 | C16: =1+0.033*COS(RADIANS(360/365*B16)) -> 1.0091112 | D16: =23.45*SIN(RADIANS(360/365*(B16+284))) -> -2.4177348 | E16: =TAN(RADIANS($D16))*TAN(RADIANS(B$7)) -> -0.035997743 | F16: =90-ABS($B$7)+D16*SIGN($B$7) -> 47.132265 | G16: =D16*SIGN($B$7)-(90-ABS($B$7)) -> -51.967735 | H16: =IF(E16>=1,-PI(),IF(E16<-1,0,-ACOS(-E16))) -> -1.5347908 | I16: =H16*180/PI() -> -87.937036 | J16: =IF(E16>1,(24*1367/PI())*$C16*SIN(RADIANS(D16))*SIN(RADIANS(B$7))*PI(),(24*1367/PI())*$C16*COS(RADIANS(D16))*COS(RADIANS(B$7))*(H16*COS(H16)-SIN(H16))) -> 7564.3284 | K16: =F$5*1000 -> 4650 | L16: =IF(J16-K16>0,K16/J16,0) -> 0.61472741 | M16: =1-1.13*L16 -> 0.30535803 | N16: =M16*K16 -> 1419.9148 | O16: =K16-N16 -> 3230.0852 | P16: =Ghm!L119 -> 4132.8512 | Q16: =Ghm!Z119 -> 1706.7705 | R16: =Ghm!AA119 -> 266.54638 | S16: =SUM(P16:R16) -> 6106.1681 | V16: =IF(K16<>0,(S16-K16)/K16,0) -> 0.31315444
A17: 4 | B17: 105 | C17: =1+0.033*COS(RADIANS(360/365*B17)) -> 0.99226178 | D17: =23.45*SIN(RADIANS(360/365*(B17+284))) -> 9.4148933 | E17: =TAN(RADIANS($D17))*TAN(RADIANS(B$7)) -> 0.14137017 | F17: =90-ABS($B$7)+D17*SIGN($B$7) -> 58.964893 | G17: =D17*SIGN($B$7)-(90-ABS($B$7)) -> -40.135107 | H17: =IF(E17>=1,-PI(),IF(E17<-1,0,-ACOS(-E17))) -> -1.7126417 | I17: =H17*180/PI() -> -98.12714 | J17: =IF(E17>1,(24*1367/PI())*$C17*SIN(RADIANS(D17))*SIN(RADIANS(B$7))*PI(),(24*1367/PI())*$C17*COS(RADIANS(D17))*COS(RADIANS(B$7))*(H17*COS(H17)-SIN(H17))) -> 9584.5506 | K17: =G$5*1000 -> 5750 | L17: =IF(J17-K17>0,K17/J17,0) -> 0.5999238 | M17: =1-1.13*L17 -> 0.32208611 | N17: =M17*K17 -> 1851.9951 | O17: =K17-N17 -> 3898.0049 | P17: =Ghm!L155 -> 3406.3171 | Q17: =Ghm!Z155 -> 1787.8705 | R17: =Ghm!AA155 -> 329.31597 | S17: =SUM(P17:R17) -> 5523.5036 | V17: =IF(K17<>0,(S17-K17)/K17,0) -> -0.039390682
A18: 5 | B18: 135 | C18: =1+0.033*COS(RADIANS(360/365*B18)) -> 0.97743066 | D18: =23.45*SIN(RADIANS(360/365*(B18+284))) -> 18.791918 | E18: =TAN(RADIANS($D18))*TAN(RADIANS(B$7)) -> 0.29010518 | F18: =90-ABS($B$7)+D18*SIGN($B$7) -> 68.341918 | G18: =D18*SIGN($B$7)-(90-ABS($B$7)) -> -30.758082 | H18: =IF(E18>=1,-PI(),IF(E18<-1,0,-ACOS(-E18))) -> -1.8651331 | I18: =H18*180/PI() -> -106.86425 | J18: =IF(E18>1,(24*1367/PI())*$C18*SIN(RADIANS(D18))*SIN(RADIANS(B$7))*PI(),(24*1367/PI())*$C18*COS(RADIANS(D18))*COS(RADIANS(B$7))*(H18*COS(H18)-SIN(H18))) -> 11016.143 | K18: =H$5*1000 -> 6600 | L18: =IF(J18-K18>0,K18/J18,0) -> 0.59912074 | M18: =1-1.13*L18 -> 0.32299356 | N18: =M18*K18 -> 2131.7575 | O18: =K18-N18 -> 4468.2425 | P18: =IF($L18>0,Ghm!L191,0) -> 2860.8017 | Q18: =IF($L18>0,Ghm!Z191,0) -> 1774.1507 | R18: =IF($L18>0,Ghm!AA191,0) -> 381.0609 | S18: =SUM(P18:R18) -> 5016.0132 | V18: =IF(K18<>0,(S18-K18)/K18,0) -> -0.239998
A19: 6 | B19: 161 | C19: =1+0.033*COS(RADIANS(360/365*B19)) -> 0.96923446 | D19: =23.45*SIN(RADIANS(360/365*(B19+284))) -> 23.011637 | E19: =TAN(RADIANS($D19))*TAN(RADIANS(B$7)) -> 0.36209996 | F19: =90-ABS($B$7)+D19*SIGN($B$7) -> 72.561637 | G19: =D19*SIGN($B$7)-(90-ABS($B$7)) -> -26.538363 | H19: =IF(E19>=1,-PI(),IF(E19<-1,0,-ACOS(-E19))) -> -1.9413161 | I19: =H19*180/PI() -> -111.22922 | J19: =IF(E19>1,(24*1367/PI())*$C19*SIN(RADIANS(D19))*SIN(RADIANS(B$7))*PI(),(24*1367/PI())*$C19*COS(RADIANS(D19))*COS(RADIANS(B$7))*(H19*COS(H19)-SIN(H19))) -> 11591.987 | K19: =I$5*1000 -> 7740 | L19: =IF(J19-K19>0,K19/J19,0) -> 0.66770263 | M19: =1-1.13*L19 -> 0.24549603 | N19: =M19*K19 -> 1900.1393 | O19: =K19-N19 -> 5839.8607 | P19: =Ghm!L227 -> 3213.3241 | Q19: =Ghm!Z227 -> 1523.9078 | R19: =Ghm!AA227 -> 447.10196 | S19: =SUM(P19:R19) -> 5184.3338 | V19: =IF(K19<>0,(S19-K19)/K19,0) -> -0.33018943
A20: 7 | B20: 198 | C20: =1+0.033*COS(RADIANS(360/365*B20)) -> 0.96816773 | D20: =23.45*SIN(RADIANS(360/365*(B20+284))) -> 21.183694 | E20: =TAN(RADIANS($D20))*TAN(RADIANS(B$7)) -> 0.33041199 | F20: =90-ABS($B$7)+D20*SIGN($B$7) -> 70.733694 | G20: =D20*SIGN($B$7)-(90-ABS($B$7)) -> -28.366306 | H20: =IF(E20>=1,-PI(),IF(E20<-1,0,-ACOS(-E20))) -> -1.9075364 | I20: =H20*180/PI() -> -109.29378 | J20: =IF(E20>1,(24*1367/PI())*$C20*SIN(RADIANS(D20))*SIN(RADIANS(B$7))*PI(),(24*1367/PI())*$C20*COS(RADIANS(D20))*COS(RADIANS(B$7))*(H20*COS(H20)-SIN(H20))) -> 11292.734 | K20: =J$5*1000 -> 8040 | L20: =IF(J20-K20>0,K20/J20,0) -> 0.71196223 | M20: =1-1.13*L20 -> 0.19548268 | N20: =M20*K20 -> 1571.6808 | O20: =K20-N20 -> 6468.3192 | P20: =Ghm!L263 -> 3786.0591 | Q20: =Ghm!Z263 -> 1330.3382 | R20: =Ghm!AA263 -> 464.44422 | S20: =SUM(P20:R20) -> 5580.8415 | V20: =IF(K20<>0,(S20-K20)/K20,0) -> -0.30586549
A21: 8 | B21: 228 | C21: =1+0.033*COS(RADIANS(360/365*B21)) -> 0.97661532 | D21: =23.45*SIN(RADIANS(360/365*(B21+284))) -> 13.45496 | E21: =TAN(RADIANS($D21))*TAN(RADIANS(B$7)) -> 0.20397586 | F21: =90-ABS($B$7)+D21*SIGN($B$7) -> 63.00496 | G21: =D21*SIGN($B$7)-(90-ABS($B$7)) -> -36.09504 | H21: =IF(E21>=1,-PI(),IF(E21<-1,0,-ACOS(-E21))) -> -1.7762138 | I21: =H21*180/PI() -> -101.76955 | J21: =IF(E21>1,(24*1367/PI())*$C21*SIN(RADIANS(D21))*SIN(RADIANS(B$7))*PI(),(24*1367/PI())*$C21*COS(RADIANS(D21))*COS(RADIANS(B$7))*(H21*COS(H21)-SIN(H21))) -> 10124.075 | K21: =K$5*1000 -> 7000 | L21: =IF(J21-K21>0,K21/J21,0) -> 0.69142122 | M21: =1-1.13*L21 -> 0.21869402 | N21: =M21*K21 -> 1530.8581 | O21: =K21-N21 -> 5469.1419 | P21: =Ghm!L299 -> 4166.823 | Q21: =Ghm!Z299 -> 1455.2454 | R21: =Ghm!AA299 -> 402.78594 | S21: =SUM(P21:R21) -> 6024.8543 | V21: =IF(K21<>0,(S21-K21)/K21,0) -> -0.13930653
A22: 9 | B22: 258 | C22: =1+0.033*COS(RADIANS(360/365*B22)) -> 0.99116213 | D22: =23.45*SIN(RADIANS(360/365*(B22+284))) -> 2.2168868 | E22: =TAN(RADIANS($D22))*TAN(RADIANS(B$7)) -> 0.033004187 | F22: =90-ABS($B$7)+D22*SIGN($B$7) -> 51.766887 | G22: =D22*SIGN($B$7)-(90-ABS($B$7)) -> -47.333113 | H22: =IF(E22>=1,-PI(),IF(E22<-1,0,-ACOS(-E22))) -> -1.6038065 | I22: =H22*180/PI() -> -91.891344 | J22: =IF(E22>1,(24*1367/PI())*$C22*SIN(RADIANS(D22))*SIN(RADIANS(B$7))*PI(),(24*1367/PI())*$C22*COS(RADIANS(D22))*COS(RADIANS(B$7))*(H22*COS(H22)-SIN(H22))) -> 8283.1216 | K22: =L$5*1000 -> 5470 | L22: =IF(J22-K22>0,K22/J22,0) -> 0.66037905 | M22: =1-1.13*L22 -> 0.25377167 | N22: =M22*K22 -> 1388.131 | O22: =K22-N22 -> 4081.869 | P22: =Ghm!L335 -> 4496.73 | Q22: =Ghm!Z335 -> 1569.2488 | R22: =Ghm!AA335 -> 313.81512 | S22: =SUM(P22:R22) -> 6379.7939 | V22: =IF(K22<>0,(S22-K22)/K22,0) -> 0.16632429
A23: 10 | B23: 289 | C23: =1+0.033*COS(RADIANS(360/365*B23)) -> 1.0085639 | D23: =23.45*SIN(RADIANS(360/365*(B23+284))) -> -9.966258 | E23: =TAN(RADIANS($D23))*TAN(RADIANS(B$7)) -> -0.1498139 | F23: =90-ABS($B$7)+D23*SIGN($B$7) -> 39.583742 | G23: =D23*SIGN($B$7)-(90-ABS($B$7)) -> -59.516258 | H23: =IF(E23>=1,-PI(),IF(E23<-1,0,-ACOS(-E23))) -> -1.4204163 | I23: =H23*180/PI() -> -81.383858 | J23: =IF(E23>1,(24*1367/PI())*$C23*SIN(RADIANS(D23))*SIN(RADIANS(B$7))*PI(),(24*1367/PI())*$C23*COS(RADIANS(D23))*COS(RADIANS(B$7))*(H23*COS(H23)-SIN(H23))) -> 6125.104 | K23: =M$5*1000 -> 3560 | L23: =IF(J23-K23>0,K23/J23,0) -> 0.58121463 | M23: =1-1.13*L23 -> 0.34322747 | N23: =M23*K23 -> 1221.8898 | O23: =K23-N23 -> 2338.1102 | P23: =Ghm!L371 -> 3758.1383 | Q23: =Ghm!Z371 -> 1636.7877 | R23: =Ghm!AA371 -> 203.18144 | S23: =SUM(P23:R23) -> 5598.1074 | V23: =IF(K23<>0,(S23-K23)/K23,0) -> 0.57250209
A24: 11 | B24: 319 | C24: =1+0.033*COS(RADIANS(360/365*B24)) -> 1.0231834 | D24: =23.45*SIN(RADIANS(360/365*(B24+284))) -> -19.147817 | E24: =TAN(RADIANS($D24))*TAN(RADIANS(B$7)) -> -0.29602681 | F24: =90-ABS($B$7)+D24*SIGN($B$7) -> 30.402183 | G24: =D24*SIGN($B$7)-(90-ABS($B$7)) -> -68.697817 | H24: =IF(E24>=1,-PI(),IF(E24<-1,0,-ACOS(-E24))) -> -1.270266 | I24: =H24*180/PI() -> -72.780881 | J24: =IF(E24>1,(24*1367/PI())*$C24*SIN(RADIANS(D24))*SIN(RADIANS(B$7))*PI(),(24*1367/PI())*$C24*COS(RADIANS(D24))*COS(RADIANS(B$7))*(H24*COS(H24)-SIN(H24))) -> 4448.6029 | K24: =N$5*1000 -> 2430 | L24: =IF(J24-K24>0,K24/J24,0) -> 0.54623891 | M24: =1-1.13*L24 -> 0.38275003 | N24: =M24*K24 -> 930.08257 | O24: =K24-N24 -> 1499.9174 | P24: =Ghm!L407 -> 3412.9687 | Q24: =Ghm!Z407 -> 1548.5009 | R24: =Ghm!AA407 -> 139.70814 | S24: =SUM(P24:R24) -> 5101.1778 | V24: =IF(K24<>0,(S24-K24)/K24,0) -> 1.0992501
A25: 12 | B25: 345 | C25: =1+0.033*COS(RADIANS(360/365*B25)) -> 1.0310635 | D25: =23.45*SIN(RADIANS(360/365*(B25+284))) -> -23.120484 | E25: =TAN(RADIANS($D25))*TAN(RADIANS(B$7)) -> -0.36401334 | F25: =90-ABS($B$7)+D25*SIGN($B$7) -> 26.429516 | G25: =D25*SIGN($B$7)-(90-ABS($B$7)) -> -72.670484 | H25: =IF(E25>=1,-PI(),IF(E25<-1,0,-ACOS(-E25))) -> -1.1982231 | I25: =H25*180/PI() -> -68.653126 | J25: =IF(E25>1,(24*1367/PI())*$C25*SIN(RADIANS(D25))*SIN(RADIANS(B$7))*PI(),(24*1367/PI())*$C25*COS(RADIANS(D25))*COS(RADIANS(B$7))*(H25*COS(H25)-SIN(H25))) -> 3731.8456 | K25: =O$5*1000 -> 1870 | L25: =IF(J25-K25>0,K25/J25,0) -> 0.50109254 | M25: =1-1.13*L25 -> 0.43376543 | N25: =M25*K25 -> 811.14135 | O25: =K25-N25 -> 1058.8587 | P25: =Ghm!L443 -> 2859.2487 | Q25: =Ghm!Z443 -> 1500.5592 | R25: =Ghm!AA443 -> 107.0083 | S25: =SUM(P25:R25) -> 4466.8161 | V25: =IF(K25<>0,(S25-K25)/K25,0) -> 1.3886717
J26: =1000*J30/365 -> 7800.8936 | K26: =1000*K30/365 -> 4894.2192 | L26: Prom.diario | S26: =1000*S30/365 -> 5476.8282 | T26: Promedio diario anual | V26: =IF(K30<>0,(S30-K30)/K30,0) -> 0.11904024
F28: =1784/1517 -> 1.1760053 | J28: Ba(0) | K28: Ga(0) | P28: Ba(a,b) | Q28: Da(a,b) | R28: Ra(a,b) | S28: Ga(a,b)
J29: (kWh/m2) | K29: (kWh/m2) | P29: (kWh/m2) | Q29: (kWh/m2) | R29: (kWh/m2) | S29: (kWh/m2)
I30: Extra-atmosférica anual | J30: =(31*J14+28*J15+31*J16+30*J17+31*J18+30*J19+31*J20+31*J21+30*J22+31*J23+30*J24+31*J25)/1000 -> 2847.3262 | K30: =(31*K14+28*K15+31*K16+30*K17+31*K18+30*K19+31*K20+31*K21+30*K22+31*K23+30*K24+31*K25)/1000 -> 1786.39 | L30: Global anual | P30: =(31*P14+28*P15+31*P16+30*P17+31*P18+30*P19+31*P20+31*P21+30*P22+31*P23+30*P24+31*P25)/1000 -> 1319.9676 | Q30: =(31*Q14+28*Q15+31*Q16+30*Q17+31*Q18+30*Q19+31*Q20+31*Q21+30*Q22+31*Q23+30*Q24+31*Q25)/1000 -> 576.34254 | R30: =(31*R14+28*R15+31*R16+30*R17+31*R18+30*R19+31*R20+31*R21+30*R22+31*R23+30*R24+31*R25)/1000 -> 102.73213 | S30: =(31*S14+28*S15+31*S16+30*S17+31*S18+30*S19+31*S20+31*S21+30*S22+31*S23+30*S24+31*S25)/1000 -> 1999.0423 | T30: Global anual
K31: =K30/J30 -> 0.62739212 | P31: =P30/$S$30 -> 0.6603 | Q31: =Q30/$S$30 -> 0.28830933 | R31: =R30/$S$30 -> 0.051390675 | S31: =S30/$S$30 -> 1

Sheet Ghm
A1: * CÁLCULOS HORARIOS (Difusa: Modelo Perez-Seals, 1987) | M1: * Para análisis de sombras (Pestaña "Tabla_FS"): Irradiación horaria potencialmente interceptable (kWh/m2)
N2: Mes
A3: DATOS GENERALES: | C3: (rad) | E3: Para cálculos de difusa: | H3: Tabla de Pérez | M3: W (h) | N3: 1 | O3: 2 | P3: 3 | Q3: 4 | R3: 5 | S3: 6 | T3: 7 | U3: 8 | V3: 9 | W3: 10 | X3: 11 | Y3: 12
A4: Latitud (º) = | B4: =Gdm!B7 -> 40.45 | C4: =RADIANS(B4) -> 0.70598568 | E4: einf | F4: k31 | G4: k32 | H4: k33 | I4: k41 | J4: k42 | K4: k43 | M4: -6.5 | N4: =AC28 -> 0 | O4: =AC64 -> 0 | P4: =AC100 -> 0 | Q4: =AC136 -> 0 | R4: =AC172 -> 0 | S4: =AC208 -> 0 | T4: =AC244 -> 0 | U4: =AC280 -> 0 | V4: =AC316 -> 0 | W4: =AC352 -> 0 | X4: =AC388 -> 0 | Y4: =AC424 -> 0
A5: Beta, b (º) = | B5: =Gdm!B8 -> 65 | C5: =RADIANS(B5) -> 1.134464 | E5: 1 | F5: -0.011 | G5: 0.748 | H5: -0.08 | I5: -0.048 | J5: 0.073 | K5: -0.024 | M5: -5.5 | N5: =AC29 -> 0 | O5: =AC65 -> 0 | P5: =AC101 -> 61.244346 | Q5: =AC137 -> 23.04669 | R5: =AC173 -> 0 | S5: =AC209 -> 0 | T5: =AC245 -> 0 | U5: =AC281 -> 11.587191 | V5: =AC317 -> 53.979475 | W5: =AC353 -> 0 | X5: =AC389 -> 0 | Y5: =AC425 -> 0
A6: Alfa, a (º) = | B6: =Gdm!B9 -> 0 | C6: =RADIANS(B6) -> 0 | E6: 1.056 | F6: -0.038 | G6: 1.115 | H6: -0.109 | I6: -0.023 | J6: 0.106 | K6: -0.037 | M6: -4.5 | N6: =AC30 -> 184.16077 | O6: =AC66 -> 200.86631 | P6: =AC102 -> 196.77258 | Q6: =AC138 -> 153.58761 | R6: =AC174 -> 114.37025 | S6: =AC210 -> 109.76035 | T6: =AC246 -> 132.07497 | U6: =AC282 -> 169.24106 | V6: =AC318 -> 204.13232 | W6: =AC354 -> 190.3521 | X6: =AC390 -> 182.22461 | Y6: =AC426 -> 157.03422
A7: Rho = | B7: =Gdm!B10 -> 0.2 | E7: 1.253 | F7: 0.166 | G7: 0.909 | H7: -0.179 | I7: 0.062 | J7: -0.021 | K7: -0.05 | M7: -3.5 | N7: =AC31 -> 321.00088 | O7: =AC67 -> 354.0739 | P7: =AC103 -> 362.93627 | Q7: =AC139 -> 305.749 | R7: =AC175 -> 255.85001 | S7: =AC211 -> 267.33577 | T7: =AC247 -> 303.68535 | U7: =AC283 -> 344.83999 | V7: =AC319 -> 380.25872 | W7: =AC355 -> 344.75797 | X7: =AC391 -> 318.90006 | Y7: =AC427 -> 276.54901
E8: 1.586 | F8: 0.419 | G8: 0.646 | H8: -0.262 | I8: 0.14 | J8: -0.167 | K8: -0.042 | M8: -2.5 | N8: =AC32 -> 470.02624 | O8: =AC68 -> 515.32492 | P8: =AC104 -> 528.89031 | Q8: =AC140 -> 455.55101 | R8: =AC176 -> 393.01403 | S8: =AC212 -> 415.9512 | T8: =AC248 -> 465.01096 | U8: =AC284 -> 517.89046 | V8: =AC320 -> 557.35259 | W8: =AC356 -> 502.64705 | X8: =AC392 -> 466.78467 | Y8: =AC428 -> 409.20029
E9: 2.134 | F9: 0.71 | G9: 0.025 | H9: -0.29 | I9: 0.243 | J9: -0.511 | K9: -0.004 | M9: -1.5 | N9: =AC33 -> 594.69268 | O9: =AC69 -> 647.47247 | P9: =AC105 -> 663.24479 | Q9: =AC141 -> 576.33715 | R9: =AC177 -> 503.14109 | S9: =AC213 -> 533.55384 | T9: =AC249 -> 591.46555 | U9: =AC285 -> 652.90538 | V9: =AC321 -> 697.5549 | W9: =AC357 -> 631.55812 | X9: =AC393 -> 590.1009 | Y9: =AC429 -> 521.87292
E10: 3.23 | F10: 0.857 | G10: -0.37 | H10: -0.279 | I10: 0.267 | J10: -0.792 | K10: 0.076 | M10: -0.5 | N10: =AC34 -> 665.09523 | O10: =AC70 -> 721.82582 | P10: =AC106 -> 738.56769 | Q10: =AC142 -> 644.219 | R10: =AC178 -> 565.37888 | S10: =AC214 -> 599.56918 | T10: =AC250 -> 669.86532 | U10: =AC286 -> 728.09031 | V10: =AC322 -> 775.8369 | W10: =AC358 -> 704.06338 | X10: =AC394 -> 659.72072 | Y10: =AC430 -> 585.70262
E11: 5.98 | F11: 0.734 | G11: -0.073 | H11: -0.228 | I11: 0.231 | J11: -1.18 | K11: 0.199 | M11: 0.5 | N11: =AC35 -> 665.09523 | O11: =AC71 -> 721.82582 | P11: =AC107 -> 738.56769 | Q11: =AC143 -> 644.219 | R11: =AC179 -> 565.37888 | S11: =AC215 -> 599.56918 | T11: =AC251 -> 669.86532 | U11: =AC287 -> 728.09031 | V11: =AC323 -> 775.8369 | W11: =AC359 -> 704.06338 | X11: =AC395 -> 659.72072 | Y11: =AC431 -> 585.70262
E12: 10.08 | F12: 0.421 | G12: -0.661 | H12: 0.097 | I12: 0.119 | J12: -2.125 | K12: 0.446 | M12: 1.5 | N12: =AC36 -> 594.69268 | O12: =AC72 -> 647.47247 | P12: =AC108 -> 663.24479 | Q12: =AC144 -> 576.33715 | R12: =AC180 -> 503.14109 | S12: =AC216 -> 533.55384 | T12: =AC252 -> 591.46555 | U12: =AC288 -> 652.90538 | V12: =AC324 -> 697.5549 | W12: =AC360 -> 631.55812 | X12: =AC396 -> 590.1009 | Y12: =AC432 -> 521.87292
A13: MES: | B13: =Gdm!A14 -> 1 | M13: 2.5 | N13: =AC37 -> 470.02624 | O13: =AC73 -> 515.32492 | P13: =AC109 -> 528.89031 | Q13: =AC145 -> 455.55101 | R13: =AC181 -> 393.01403 | S13: =AC217 -> 415.9512 | T13: =AC253 -> 465.01096 | U13: =AC289 -> 517.89046 | V13: =AC325 -> 557.35259 | W13: =AC361 -> 502.64705 | X13: =AC397 -> 466.78467 | Y13: =AC433 -> 409.20029
A14: Epsilon_0 = | B14: =Gdm!C14 -> 1.031597 | M14: 3.5 | N14: =AC38 -> 321.00088 | O14: =AC74 -> 354.0739 | P14: =AC110 -> 362.93627 | Q14: =AC146 -> 305.749 | R14: =AC182 -> 255.85001 | S14: =AC218 -> 267.33577 | T14: =AC254 -> 303.68535 | U14: =AC290 -> 344.83999 | V14: =AC326 -> 380.25872 | W14: =AC362 -> 344.75797 | X14: =AC398 -> 318.90006 | Y14: =AC434 -> 276.54901
A15: Declinación (º)= | B15: =Gdm!D14 -> -20.916963 | M15: 4.5 | N15: =AC39 -> 184.16077 | O15: =AC75 -> 200.86631 | P15: =AC111 -> 196.77258 | Q15: =AC147 -> 153.58761 | R15: =AC183 -> 114.37025 | S15: =AC219 -> 109.76035 | T15: =AC255 -> 132.07497 | U15: =AC291 -> 169.24106 | V15: =AC327 -> 204.13232 | W15: =AC363 -> 190.3521 | X15: =AC399 -> 182.22461 | Y15: =AC435 -> 157.03422
A16: Ws (rad)= | B16: =Gdm!H14 -> -1.2388803 | C16: Ws (º): | D16: =B16*180/PI() -> -70.982614 | M16: 5.5 | N16: =AC40 -> 0 | O16: =AC76 -> 0 | P16: =AC112 -> 61.244346 | Q16: =AC148 -> 23.04669 | R16: =AC184 -> 0 | S16: =AC220 -> 0 | T16: =AC256 -> 0 | U16: =AC292 -> 11.587191 | V16: =AC328 -> 53.979475 | W16: =AC364 -> 0 | X16: =AC400 -> 0 | Y16: =AC436 -> 0
A17: Ddm(0) (Wh/m2) = | B17: =Gdm!N14 -> 866.37816 | C17: Ws (h): | D17: =D16/15 -> -4.7321743 | M17: 6.5 | N17: =AC41 -> 0 | O17: =AC77 -> 0 | P17: =AC113 -> 0 | Q17: =AC149 -> 0 | R17: =AC185 -> 0 | S17: =AC221 -> 0 | T17: =AC257 -> 0 | U17: =AC293 -> 0 | V17: =AC329 -> 0 | W17: =AC365 -> 0 | X17: =AC401 -> 0 | Y17: =AC437 -> 0
A18: Gdm(0) (Wh/m2) = | B18: =Gdm!K14 -> 2270
A19: a= | B19: =0.409-0.5016*SIN(B16+PI()/3) -> 0.50456038
A20: b= | B20: =0.6609+0.4767*SIN(B16+PI()/3) -> 0.57008335
Z21: D=Dc+Di+bh
A22: w (h) | B22: w (rad) | C22: rd | D22: D(0) | E22: rg | F22: G(0) | G22: B(0) | H22: Cos(qZS) | I22: qZS (rad) | J22: Cos(qS) | K22: qS (rad) | L22: B(a,b) | M22: epsilon | N22: AM | O22: delta | P22: k31 | Q22: k32 | R22: k33 | S22: k41 | T22: k42 | U22: k43 | V22: k3 | W22: k4 | X22: Dc(a,b) | Y22: Di+bh (a,b) | Z22: D(a,b) | AA22: R(a,b) | AB22: G(a,b)= Ghm(a,b) | AC22: B(a,b)+Dc(a,b)
A23: -11.5 | B23: =A23*PI()/12 -> -3.010693 | C23: =IF($B$16<>0,(PI()/24)*(COS($B23)-COS($B$16))/($B$16*COS($B$16)-SIN($B$16)),0) -> -0.3183061 | D23: =IF(C23>0,$B$17*C23,0) -> 0 | E23: =C23*($B$19+$B$20*COS(B23)) -> 0.019303939 | F23: =IF(C23>0,$B$18*E23,0) -> 0 | G23: =IF(AND(F23>0,F23>D23),F23-D23,0) -> 0 | H23: =SIN(RADIANS($B$15))*SIN(LAT)+COS(RADIANS($B$15))*COS(LAT)*COS(B23) -> -0.93636766 | I23: =ACOS(H23) -> 2.7829316 | J23: =SIN(RADIANS($B$15))*SIN(LAT)*COS($C$5)-SIN(RADIANS($B$15))*COS(LAT)*SIN($C$5)*COS($C$6)+COS(RADIANS($B$15))*COS(LAT)*COS($C$5)*COS(B23)+COS(RADIANS($B$15))*SIN(LAT)*SIN($C$5)*COS($C$6)*COS(B23)+COS(RADIANS($B$15))*SIN($C$6)*SIN(B23)*SIN($C$5) -> -0.6940515 | K23: =ACOS(J23) -> 2.3378979 | L23: =(G23/H23)*MAX(0,J23) -> 0 | M23: =IF(D23=0,0,1+G23/(D23*H23)) -> 0 | N23: =1/H23 -> -1.0679566 | O23: =D23*N23/1367 -> 0 | P23: =IF($M23=0,0,IF(AND($M23>=$E$5,$M23<$E$6),$F$5,IF(AND($M23>=$E$6,$M23<$E$7),$F$6,IF(AND($M23>=$E$7,$M23<$E$8),$F$7,IF(AND($M23>=$E$8,$M23<$E$9),$F$8,IF(AND($M23>=$E$9,$M23<$E$10),$F$9,IF(AND($M23>=$E$10,$M23<$E$11),$F$10,IF(AND($M23>=$E$11,$M23<$E$12),$F$11,IF($M23>=$E$12,$F$12,"error"))))))))) -> 0 | Q23: =IF($M23=0,0,IF(AND($M23>=$E$5,$M23<$E$6),$G$5,IF(AND($M23>=$E$6,$M23<$E$7),$G$6,IF(AND($M23>=$E$7,$M23<$E$8),$G$7,IF(AND($M23>=$E$8,$M23<$E$9),$G$8,IF(AND($M23>=$E$9,$M23<$E$10),$G$9,IF(AND($M23>=$E$10,$M23<$E$11),$G$10,IF(AND($M23>=$E$11,$M23<$E$12),$G$11,IF($M23>=$E$12,$G$12,"error"))))))))) -> 0 | R23: =IF($M23=0,0,IF(AND($M23>=$E$5,$M23<$E$6),$H$5,IF(AND($M23>=$E$6,$M23<$E$7),$H$6,IF(AND($M23>=$E$7,$M23<$E$8),$H$7,IF(AND($M23>=$E$8,$M23<$E$9),$H$8,IF(AND($M23>=$E$9,$M23<$E$10),$H$9,IF(AND($M23>=$E$10,$M23<$E$11),$H$10,IF(AND($M23>=$E$11,$M23<$E$12),$H$11,IF($M23>=$E$12,$H$12,"error"))))))))) -> 0 | S23: =IF($M23=0,0,IF(AND($M23>=$E$5,$M23<$E$6),$I$5,IF(AND($M23>=$E$6,$M23<$E$7),$I$6,IF(AND($M23>=$E$7,$M23<$E$8),$I$7,IF(AND($M23>=$E$8,$M23<$E$9),$I$8,IF(AND($M23>=$E$9,$M23<$E$10),$I$9,IF(AND($M23>=$E$10,$M23<$E$11),$I$10,IF(AND($M23>=$E$11,$M23<$E$12),$I$11,IF($M23>=$E$12,$I$12,"error"))))))))) -> 0 | T23: =IF($M23=0,0,IF(AND($M23>=$E$5,$M23<$E$6),$J$5,IF(AND($M23>=$E$6,$M23<$E$7),$J$6,IF(AND($M23>=$E$7,$M23<$E$8),$J$7,IF(AND($M23>=$E$8,$M23<$E$9),$J$8,IF(AND($M23>=$E$9,$M23<$E$10),$J$9,IF(AND($M23>=$E$10,$M23<$E$11),$J$10,IF(AND($M23>=$E$11,$M23<$E$12),$J$11,IF($M23>=$E$12,$J$12,"error"))))))))) -> 0 | U23: =IF($M23=0,0,IF(AND($M23>=$E$5,$M23<$E$6),$K$5,IF(AND($M23>=$E$6,$M23<$E$7),$K$6,IF(AND($M23>=$E$7,$M23<$E$8),$K$7,IF(AND($M23>=$E$8,$M23<$E$9),$K$8,IF(AND($M23>=$E$9,$M23<$E$10),$K$9,IF(AND($M23>=$E$10,$M23<$E$11),$K$10,IF(AND($M23>=$E$11,$M23<$E$12),$K$11,IF($M23>=$E$12,$K$12,"error"))))))))) -> 0 | V23: =P23+Q23*O23+R23*I23 -> 0 | W23: =S23+T23*O23+U23*I23 -> 0 | X23: =D23*V23*MAX(0,J23)/H23 -> 0 | Y23: =D23*(0.5*(1+COS($C$5))*(1-V23)+W23*SIN(ABS($C$5))) -> 0 | Z23: =X23+Y23 -> 0 | AA23: =IF(F23>0,F23*$B$7*(1-COS($C$5))/2,0) -> 0 | AB23: =L23+Z23+AA23 -> 0 | AC23: =L23+X23 -> 0
A24: -10.5 | B24: =A24*PI()/12 -> -2.7488936 | C24: =IF($B$16<>0,(PI()/24)*(COS($B24)-COS($B$16))/($B$16*COS($B$16)-SIN($B$16)),0) -> -0.30197993 | D24: =IF(C24>0,$B$17*C24,0) -> 0 | E24: =C24*($B$19+$B$20*COS(B24)) -> 0.0066822012 | F24: =IF(C24>0,$B$18*E24,0) -> 0 | G24: =IF(AND(F24>0,F24>D24),F24-D24,0) -> 0 | H24: =SIN(RADIANS($B$15))*SIN(LAT)+COS(RADIANS($B$15))*COS(LAT)*COS(B24) -> -0.88834064 | I24: =ACOS(H24) -> 2.6645151 | J24: =SIN(RADIANS($B$15))*SIN(LAT)*COS($C$5)-SIN(RADIANS($B$15))*COS(LAT)*SIN($C$5)*COS($C$6)+COS(RADIANS($B$15))*COS(LAT)*COS($C$5)*COS(B24)+COS(RADIANS($B$15))*SIN(LAT)*SIN($C$5)*COS($C$6)*COS(B24)+COS(RADIANS($B$15))*SIN($C$6)*SIN(B24)*SIN($C$5) -> -0.63664425 | K24: =ACOS(J24) -> 2.2609352 | L24: =(G24/H24)*MAX(0,J24) -> 0 | M24: =IF(D24=0,0,1+G24/(D24*H24)) -> 0 | N24: =1/H24 -> -1.1256943 | O24: =D24*N24/1367 -> 0 | P24: =IF($M24=0,0,IF(AND($M24>=$E$5,$M24<$E$6),$F$5,IF(AND($M24>=$E$6,$M24<$E$7),$F$6,IF(AND($M24>=$E$7,$M24<$E$8),$F$7,IF(AND($M24>=$E$8,$M24<$E$9),$F$8,IF(AND($M24>=$E$9,$M24<$E$10),$F$9,IF(AND($M24>=$E$10,$M24<$E$11),$F$10,IF(AND($M24>=$E$11,$M24<$E$12),$F$11,IF($M24>=$E$12,$F$12,"error"))))))))) -> 0 | Q24: =IF($M24=0,0,IF(AND($M24>=$E$5,$M24<$E$6),$G$5,IF(AND($M24>=$E$6,$M24<$E$7),$G$6,IF(AND($M24>=$E$7,$M24<$E$8),$G$7,IF(AND($M24>=$E$8,$M24<$E$9),$G$8,IF(AND($M24>=$E$9,$M24<$E$10),$G$9,IF(AND($M24>=$E$10,$M24<$E$11),$G$10,IF(AND($M24>=$E$11,$M24<$E$12),$G$11,IF($M24>=$E$12,$G$12,"error"))))))))) -> 0 | R24: =IF($M24=0,0,IF(AND($M24>=$E$5,$M24<$E$6),$H$5,IF(AND($M24>=$E$6,$M24<$E$7),$H$6,IF(AND($M24>=$E$7,$M24<$E$8),$H$7,IF(AND($M24>=$E$8,$M24<$E$9),$H$8,IF(AND($M24>=$E$9,$M24<$E$10),$H$9,IF(AND($M24>=$E$10,$M24<$E$11),$H$10,IF(AND($M24>=$E$11,$M24<$E$12),$H$11,IF($M24>=$E$12,$H$12,"error"))))))))) -> 0 | S24: =IF($M24=0,0,IF(AND($M24>=$E$5,$M24<$E$6),$I$5,IF(AND($M24>=$E$6,$M24<$E$7),$I$6,IF(AND($M24>=$E$7,$M24<$E$8),$I$7,IF(AND($M24>=$E$8,$M24<$E$9),$I$8,IF(AND($M24>=$E$9,$M24<$E$10),$I$9,IF(AND($M24>=$E$10,$M24<$E$11),$I$10,IF(AND($M24>=$E$11,$M24<$E$12),$I$11,IF($M24>=$E$12,$I$12,"error"))))))))) -> 0 | T24: =IF($M24=0,0,IF(AND($M24>=$E$5,$M24<$E$6),$J$5,IF(AND($M24>=$E$6,$M24<$E$7),$J$6,IF(AND($M24>=$E$7,$M24<$E$8),$J$7,IF(AND($M24>=$E$8,$M24<$E$9),$J$8,IF(AND($M24>=$E$9,$M24<$E$10),$J$9,IF(AND($M24>=$E$10,$M24<$E$11),$J$10,IF(AND($M24>=$E$11,$M24<$E$12),$J$11,IF($M24>=$E$12,$J$12,"error"))))))))) -> 0 | U24: =IF($M24=0,0,IF(AND($M24>=$E$5,$M24<$E$6),$K$5,IF(AND($M24>=$E$6,$M24<$E$7),$K$6,IF(AND($M24>=$E$7,$M24<$E$8),$K$7,IF(AND($M24>=$E$8,$M24<$E$9),$K$8,IF(AND($M24>=$E$9,$M24<$E$10),$K$9,IF(AND($M24>=$E$10,$M24<$E$11),$K$10,IF(AND($M24>=$E$11,$M24<$E$12),$K$11,IF($M24>=$E$12,$K$12,"error"))))))))) -> 0 | V24: =P24+Q24*O24+R24*I24 -> 0 | W24: =S24+T24*O24+U24*I24 -> 0 | X24: =D24*V24*MAX(0,J24)/H24 -> 0 | Y24: =D24*(0.5*(1+COS($C$5))*(1-V24)+W24*SIN(ABS($C$5))) -> 0 | Z24: =X24+Y24 -> 0 | AA24: =IF(F24>0,F24*$B$7*(1-COS($C$5))/2,0) -> 0 | AB24: =L24+Z24+AA24 -> 0 | AC24: =L24+X24 -> 0
A25: -9.5 | B25: =A25*PI()/12 -> -2.4870942 | C25: =IF($B$16<>0,(PI()/24)*(COS($B25)-COS($B$16))/($B$16*COS($B$16)-SIN($B$16)),0) -> -0.2704402 | D25: =IF(C25>0,$B$17*C25,0) -> 0 | E25: =C25*($B$19+$B$20*COS(B25)) -> -0.014139383 | F25: =IF(C25>0,$B$18*E25,0) -> 0 | G25: =IF(AND(F25>0,F25>D25),F25-D25,0) -> 0 | H25: =SIN(RADIANS($B$15))*SIN(LAT)+COS(RADIANS($B$15))*COS(LAT)*COS(B25) -> -0.79555957 | I25: =ACOS(H25) -> 2.4907269 | J25: =SIN(RADIANS($B$15))*SIN(LAT)*COS($C$5)-SIN(RADIANS($B$15))*COS(LAT)*SIN($C$5)*COS($C$6)+COS(RADIANS($B$15))*COS(LAT)*COS($C$5)*COS(B25)+COS(RADIANS($B$15))*SIN(LAT)*SIN($C$5)*COS($C$6)*COS(B25)+COS(RADIANS($B$15))*SIN($C$6)*SIN(B25)*SIN($C$5) -> -0.52574197 | K25: =ACOS(J25) -> 2.1243834 | L25: =(G25/H25)*MAX(0,J25) -> 0 | M25: =IF(D25=0,0,1+G25/(D25*H25)) -> 0 | N25: =1/H25 -> -1.2569769 | O25: =D25*N25/1367 -> 0 | P25: =IF($M25=0,0,IF(AND($M25>=$E$5,$M25<$E$6),$F$5,IF(AND($M25>=$E$6,$M25<$E$7),$F$6,IF(AND($M25>=$E$7,$M25<$E$8),$F$7,IF(AND($M25>=$E$8,$M25<$E$9),$F$8,IF(AND($M25>=$E$9,$M25<$E$10),$F$9,IF(AND($M25>=$E$10,$M25<$E$11),$F$10,IF(AND($M25>=$E$11,$M25<$E$12),$F$11,IF($M25>=$E$12,$F$12,"error"))))))))) -> 0 | Q25: =IF($M25=0,0,IF(AND($M25>=$E$5,$M25<$E$6),$G$5,IF(AND($M25>=$E$6,$M25<$E$7),$G$6,IF(AND($M25>=$E$7,$M25<$E$8),$G$7,IF(AND($M25>=$E$8,$M25<$E$9),$G$8,IF(AND($M25>=$E$9,$M25<$E$10),$G$9,IF(AND($M25>=$E$10,$M25<$E$11),$G$10,IF(AND($M25>=$E$11,$M25<$E$12),$G$11,IF($M25>=$E$12,$G$12,"error"))))))))) -> 0 | R25: =IF($M25=0,0,IF(AND($M25>=$E$5,$M25<$E$6),$H$5,IF(AND($M25>=$E$6,$M25<$E$7),$H$6,IF(AND($M25>=$E$7,$M25<$E$8),$H$7,IF(AND($M25>=$E$8,$M25<$E$9),$H$8,IF(AND($M25>=$E$9,$M25<$E$10),$H$9,IF(AND($M25>=$E$10,$M25<$E$11),$H$10,IF(AND($M25>=$E$11,$M25<$E$12),$H$11,IF($M25>=$E$12,$H$12,"error"))))))))) -> 0 | S25: =IF($M25=0,0,IF(AND($M25>=$E$5,$M25<$E$6),$I$5,IF(AND($M25>=$E$6,$M25<$E$7),$I$6,IF(AND($M25>=$E$7,$M25<$E$8),$I$7,IF(AND($M25>=$E$8,$M25<$E$9),$I$8,IF(AND($M25>=$E$9,$M25<$E$10),$I$9,IF(AND($M25>=$E$10,$M25<$E$11),$I$10,IF(AND($M25>=$E$11,$M25<$E$12),$I$11,IF($M25>=$E$12,$I$12,"error"))))))))) -> 0 | T25: =IF($M25=0,0,IF(AND($M25>=$E$5,$M25<$E$6),$J$5,IF(AND($M25>=$E$6,$M25<$E$7),$J$6,IF(AND($M25>=$E$7,$M25<$E$8),$J$7,IF(AND($M25>=$E$8,$M25<$E$9),$J$8,IF(AND($M25>=$E$9,$M25<$E$10),$J$9,IF(AND($M25>=$E$10,$M25<$E$11),$J$10,IF(AND($M25>=$E$11,$M25<$E$12),$J$11,IF($M25>=$E$12,$J$12,"error"))))))))) -> 0 | U25: =IF($M25=0,0,IF(AND($M25>=$E$5,$M25<$E$6),$K$5,IF(AND($M25>=$E$6,$M25<$E$7),$K$6,IF(AND($M25>=$E$7,$M25<$E$8),$K$7,IF(AND($M25>=$E$8,$M25<$E$9),$K$8,IF(AND($M25>=$E$9,$M25<$E$10),$K$9,IF(AND($M25>=$E$10,$M25<$E$11),$K$10,IF(AND($M25>=$E$11,$M25<$E$12),$K$11,IF($M25>=$E$12,$K$12,"error"))))))))) -> 0 | V25: =P25+Q25*O25+R25*I25 -> 0 | W25: =S25+T25*O25+U25*I25 -> 0 | X25: =D25*V25*MAX(0,J25)/H25 -> 0 | Y25: =D25*(0.5*(1+COS($C$5))*(1-V25)+W25*SIN(ABS($C$5))) -> 0 | Z25: =X25+Y25 -> 0 | AA25: =IF(F25>0,F25*$B$7*(1-COS($C$5))/2,0) -> 0 | AB25: =L25+Z25+AA25 -> 0 | AC25: =L25+X25 -> 0
A26: -8.5 | B26: =A26*PI()/12 -> -2.2252948 | C26: =IF($B$16<>0,(PI()/24)*(COS($B26)-COS($B$16))/($B$16*COS($B$16)-SIN($B$16)),0) -> -0.22583629 | D26: =IF(C26>0,$B$17*C26,0) -> 0 | E26: =C26*($B$19+$B$20*COS(B26)) -> -0.035572743 | F26: =IF(C26>0,$B$18*E26,0) -> 0 | G26: =IF(AND(F26>0,F26>D26),F26-D26,0) -> 0 | H26: =SIN(RADIANS($B$15))*SIN(LAT)+COS(RADIANS($B$15))*COS(LAT)*COS(B26) -> -0.66434731 | I26: =ACOS(H26) -> 2.2974166 | J26: =SIN(RADIANS($B$15))*SIN(LAT)*COS($C$5)-SIN(RADIANS($B$15))*COS(LAT)*SIN($C$5)*COS($C$6)+COS(RADIANS($B$15))*COS(LAT)*COS($C$5)*COS(B26)+COS(RADIANS($B$15))*SIN(LAT)*SIN($C$5)*COS($C$6)*COS(B26)+COS(RADIANS($B$15))*SIN($C$6)*SIN(B26)*SIN($C$5) -> -0.36890246 | K26: =ACOS(J26) -> 1.9486242 | L26: =(G26/H26)*MAX(0,J26) -> 0 | M26: =IF(D26=0,0,1+G26/(D26*H26)) -> 0 | N26: =1/H26 -> -1.5052368 | O26: =D26*N26/1367 -> 0 | P26: =IF($M26=0,0,IF(AND($M26>=$E$5,$M26<$E$6),$F$5,IF(AND($M26>=$E$6,$M26<$E$7),$F$6,IF(AND($M26>=$E$7,$M26<$E$8),$F$7,IF(AND($M26>=$E$8,$M26<$E$9),$F$8,IF(AND($M26>=$E$9,$M26<$E$10),$F$9,IF(AND($M26>=$E$10,$M26<$E$11),$F$10,IF(AND($M26>=$E$11,$M26<$E$12),$F$11,IF($M26>=$E$12,$F$12,"error"))))))))) -> 0 | Q26: =IF($M26=0,0,IF(AND($M26>=$E$5,$M26<$E$6),$G$5,IF(AND($M26>=$E$6,$M26<$E$7),$G$6,IF(AND($M26>=$E$7,$M26<$E$8),$G$7,IF(AND($M26>=$E$8,$M26<$E$9),$G$8,IF(AND($M26>=$E$9,$M26<$E$10),$G$9,IF(AND($M26>=$E$10,$M26<$E$11),$G$10,IF(AND($M26>=$E$11,$M26<$E$12),$G$11,IF($M26>=$E$12,$G$12,"error"))))))))) -> 0 | R26: =IF($M26=0,0,IF(AND($M26>=$E$5,$M26<$E$6),$H$5,IF(AND($M26>=$E$6,$M26<$E$7),$H$6,IF(AND($M26>=$E$7,$M26<$E$8),$H$7,IF(AND($M26>=$E$8,$M26<$E$9),$H$8,IF(AND($M26>=$E$9,$M26<$E$10),$H$9,IF(AND($M26>=$E$10,$M26<$E$11),$H$10,IF(AND($M26>=$E$11,$M26<$E$12),$H$11,IF($M26>=$E$12,$H$12,"error"))))))))) -> 0 | S26: =IF($M26=0,0,IF(AND($M26>=$E$5,$M26<$E$6),$I$5,IF(AND($M26>=$E$6,$M26<$E$7),$I$6,IF(AND($M26>=$E$7,$M26<$E$8),$I$7,IF(AND($M26>=$E$8,$M26<$E$9),$I$8,IF(AND($M26>=$E$9,$M26<$E$10),$I$9,IF(AND($M26>=$E$10,$M26<$E$11),$I$10,IF(AND($M26>=$E$11,$M26<$E$12),$I$11,IF($M26>=$E$12,$I$12,"error"))))))))) -> 0 | T26: =IF($M26=0,0,IF(AND($M26>=$E$5,$M26<$E$6),$J$5,IF(AND($M26>=$E$6,$M26<$E$7),$J$6,IF(AND($M26>=$E$7,$M26<$E$8),$J$7,IF(AND($M26>=$E$8,$M26<$E$9),$J$8,IF(AND($M26>=$E$9,$M26<$E$10),$J$9,IF(AND($M26>=$E$10,$M26<$E$11),$J$10,IF(AND($M26>=$E$11,$M26<$E$12),$J$11,IF($M26>=$E$12,$J$12,"error"))))))))) -> 0 | U26: =IF($M26=0,0,IF(AND($M26>=$E$5,$M26<$E$6),$K$5,IF(AND($M26>=$E$6,$M26<$E$7),$K$6,IF(AND($M26>=$E$7,$M26<$E$8),$K$7,IF(AND($M26>=$E$8,$M26<$E$9),$K$8,IF(AND($M26>=$E$9,$M26<$E$10),$K$9,IF(AND($M26>=$E$10,$M26<$E$11),$K$10,IF(AND($M26>=$E$11,$M26<$E$12),$K$11,IF($M26>=$E$12,$K$12,"error"))))))))) -> 0 | V26: =P26+Q26*O26+R26*I26 -> 0 | W26: =S26+T26*O26+U26*I26 -> 0 | X26: =D26*V26*MAX(0,J26)/H26 -> 0 | Y26: =D26*(0.5*(1+COS($C$5))*(1-V26)+W26*SIN(ABS($C$5))) -> 0 | Z26: =X26+Y26 -> 0 | AA26: =IF(F26>0,F26*$B$7*(1-COS($C$5))/2,0) -> 0 | AB26: =L26+Z26+AA26 -> 0 | AC26: =L26+X26 -> 0
A27: -7.5 | B27: =A27*PI()/12 -> -1.9634954 | C27: =IF($B$16<>0,(PI()/24)*(COS($B27)-COS($B$16))/($B$16*COS($B$16)-SIN($B$16)),0) -> -0.17120788 | D27: =IF(C27>0,$B$17*C27,0) -> 0 | E27: =C27*($B$19+$B$20*COS(B27)) -> -0.049033751 | F27: =IF(C27>0,$B$18*E27,0) -> 0 | G27: =IF(AND(F27>0,F27>D27),F27-D27,0) -> 0 | H27: =SIN(RADIANS($B$15))*SIN(LAT)+COS(RADIANS($B$15))*COS(LAT)*COS(B27) -> -0.50364577 | I27: =ACOS(H27) -> 2.09861 | J27: =SIN(RADIANS($B$15))*SIN(LAT)*COS($C$5)-SIN(RADIANS($B$15))*COS(LAT)*SIN($C$5)*COS($C$6)+COS(RADIANS($B$15))*COS(LAT)*COS($C$5)*COS(B27)+COS(RADIANS($B$15))*SIN(LAT)*SIN($C$5)*COS($C$6)*COS(B27)+COS(RADIANS($B$15))*SIN($C$6)*SIN(B27)*SIN($C$5) -> -0.17681407 | K27: =ACOS(J27) -> 1.7485449 | L27: =(G27/H27)*MAX(0,J27) -> 0 | M27: =IF(D27=0,0,1+G27/(D27*H27)) -> 0 | N27: =1/H27 -> -1.9855225 | O27: =D27*N27/1367 -> 0 | P27: =IF($M27=0,0,IF(AND($M27>=$E$5,$M27<$E$6),$F$5,IF(AND($M27>=$E$6,$M27<$E$7),$F$6,IF(AND($M27>=$E$7,$M27<$E$8),$F$7,IF(AND($M27>=$E$8,$M27<$E$9),$F$8,IF(AND($M27>=$E$9,$M27<$E$10),$F$9,IF(AND($M27>=$E$10,$M27<$E$11),$F$10,IF(AND($M27>=$E$11,$M27<$E$12),$F$11,IF($M27>=$E$12,$F$12,"error"))))))))) -> 0 | Q27: =IF($M27=0,0,IF(AND($M27>=$E$5,$M27<$E$6),$G$5,IF(AND($M27>=$E$6,$M27<$E$7),$G$6,IF(AND($M27>=$E$7,$M27<$E$8),$G$7,IF(AND($M27>=$E$8,$M27<$E$9),$G$8,IF(AND($M27>=$E$9,$M27<$E$10),$G$9,IF(AND($M27>=$E$10,$M27<$E$11),$G$10,IF(AND($M27>=$E$11,$M27<$E$12),$G$11,IF($M27>=$E$12,$G$12,"error"))))))))) -> 0 | R27: =IF($M27=0,0,IF(AND($M27>=$E$5,$M27<$E$6),$H$5,IF(AND($M27>=$E$6,$M27<$E$7),$H$6,IF(AND($M27>=$E$7,$M27<$E$8),$H$7,IF(AND($M27>=$E$8,$M27<$E$9),$H$8,IF(AND($M27>=$E$9,$M27<$E$10),$H$9,IF(AND($M27>=$E$10,$M27<$E$11),$H$10,IF(AND($M27>=$E$11,$M27<$E$12),$H$11,IF($M27>=$E$12,$H$12,"error"))))))))) -> 0 | S27: =IF($M27=0,0,IF(AND($M27>=$E$5,$M27<$E$6),$I$5,IF(AND($M27>=$E$6,$M27<$E$7),$I$6,IF(AND($M27>=$E$7,$M27<$E$8),$I$7,IF(AND($M27>=$E$8,$M27<$E$9),$I$8,IF(AND($M27>=$E$9,$M27<$E$10),$I$9,IF(AND($M27>=$E$10,$M27<$E$11),$I$10,IF(AND($M27>=$E$11,$M27<$E$12),$I$11,IF($M27>=$E$12,$I$12,"error"))))))))) -> 0 | T27: =IF($M27=0,0,IF(AND($M27>=$E$5,$M27<$E$6),$J$5,IF(AND($M27>=$E$6,$M27<$E$7),$J$6,IF(AND($M27>=$E$7,$M27<$E$8),$J$7,IF(AND($M27>=$E$8,$M27<$E$9),$J$8,IF(AND($M27>=$E$9,$M27<$E$10),$J$9,IF(AND($M27>=$E$10,$M27<$E$11),$J$10,IF(AND($M27>=$E$11,$M27<$E$12),$J$11,IF($M27>=$E$12,$J$12,"error"))))))))) -> 0 | U27: =IF($M27=0,0,IF(AND($M27>=$E$5,$M27<$E$6),$K$5,IF(AND($M27>=$E$6,$M27<$E$7),$K$6,IF(AND($M27>=$E$7,$M27<$E$8),$K$7,IF(AND($M27>=$E$8,$M27<$E$9),$K$8,IF(AND($M27>=$E$9,$M27<$E$10),$K$9,IF(AND($M27>=$E$10,$M27<$E$11),$K$10,IF(AND($M27>=$E$11,$M27<$E$12),$K$11,IF($M27>=$E$12,$K$12,"error"))))))))) -> 0 | V27: =P27+Q27*O27+R27*I27 -> 0 | W27: =S27+T27*O27+U27*I27 -> 0 | X27: =D27*V27*MAX(0,J27)/H27 -> 0 | Y27: =D27*(0.5*(1+COS($C$5))*(1-V27)+W27*SIN(ABS($C$5))) -> 0 | Z27: =X27+Y27 -> 0 | AA27: =IF(F27>0,F27*$B$7*(1-COS($C$5))/2,0) -> 0 | AB27: =L27+Z27+AA27 -> 0 | AC27: =L27+X27 -> 0
A28: -6.5 | B28: =A28*PI()/12 -> -1.701696 | C28: =IF($B$16<>0,(PI()/24)*(COS($B28)-COS($B$16))/($B$16*COS($B$16)-SIN($B$16)),0) -> -0.1102778 | D28: =IF(C28>0,$B$17*C28,0) -> 0 | E28: =C28*($B$19+$B$20*COS(B28)) -> -0.047435947 | F28: =IF(C28>0,$B$18*E28,0) -> 0 | G28: =IF(AND(F28>0,F28>D28),F28-D28,0) -> 0 | H28: =SIN(RADIANS($B$15))*SIN(LAT)+COS(RADIANS($B$15))*COS(LAT)*COS(B28) -> -0.32440649 | I28: =ACOS(H28) -> 1.9011805 | J28: =SIN(RADIANS($B$15))*SIN(LAT)*COS($C$5)-SIN(RADIANS($B$15))*COS(LAT)*SIN($C$5)*COS($C$6)+COS(RADIANS($B$15))*COS(LAT)*COS($C$5)*COS(B28)+COS(RADIANS($B$15))*SIN(LAT)*SIN($C$5)*COS($C$6)*COS(B28)+COS(RADIANS($B$15))*SIN($C$6)*SIN(B28)*SIN($C$5) -> 0.037432688 | K28: =ACOS(J28) -> 1.5333549 | L28: =(G28/H28)*MAX(0,J28) -> 0 | M28: =IF(D28=0,0,1+G28/(D28*H28)) -> 0 | N28: =1/H28 -> -3.0825524 | O28: =D28*N28/1367 -> 0 | P28: =IF($M28=0,0,IF(AND($M28>=$E$5,$M28<$E$6),$F$5,IF(AND($M28>=$E$6,$M28<$E$7),$F$6,IF(AND($M28>=$E$7,$M28<$E$8),$F$7,IF(AND($M28>=$E$8,$M28<$E$9),$F$8,IF(AND($M28>=$E$9,$M28<$E$10),$F$9,IF(AND($M28>=$E$10,$M28<$E$11),$F$10,IF(AND($M28>=$E$11,$M28<$E$12),$F$11,IF($M28>=$E$12,$F$12,"error"))))))))) -> 0 | Q28: =IF($M28=0,0,IF(AND($M28>=$E$5,$M28<$E$6),$G$5,IF(AND($M28>=$E$6,$M28<$E$7),$G$6,IF(AND($M28>=$E$7,$M28<$E$8),$G$7,IF(AND($M28>=$E$8,$M28<$E$9),$G$8,IF(AND($M28>=$E$9,$M28<$E$10),$G$9,IF(AND($M28>=$E$10,$M28<$E$11),$G$10,IF(AND($M28>=$E$11,$M28<$E$12),$G$11,IF($M28>=$E$12,$G$12,"error"))))))))) -> 0 | R28: =IF($M28=0,0,IF(AND($M28>=$E$5,$M28<$E$6),$H$5,IF(AND($M28>=$E$6,$M28<$E$7),$H$6,IF(AND($M28>=$E$7,$M28<$E$8),$H$7,IF(AND($M28>=$E$8,$M28<$E$9),$H$8,IF(AND($M28>=$E$9,$M28<$E$10),$H$9,IF(AND($M28>=$E$10,$M28<$E$11),$H$10,IF(AND($M28>=$E$11,$M28<$E$12),$H$11,IF($M28>=$E$12,$H$12,"error"))))))))) -> 0 | S28: =IF($M28=0,0,IF(AND($M28>=$E$5,$M28<$E$6),$I$5,IF(AND($M28>=$E$6,$M28<$E$7),$I$6,IF(AND($M28>=$E$7,$M28<$E$8),$I$7,IF(AND($M28>=$E$8,$M28<$E$9),$I$8,IF(AND($M28>=$E$9,$M28<$E$10),$I$9,IF(AND($M28>=$E$10,$M28<$E$11),$I$10,IF(AND($M28>=$E$11,$M28<$E$12),$I$11,IF($M28>=$E$12,$I$12,"error"))))))))) -> 0 | T28: =IF($M28=0,0,IF(AND($M28>=$E$5,$M28<$E$6),$J$5,IF(AND($M28>=$E$6,$M28<$E$7),$J$6,IF(AND($M28>=$E$7,$M28<$E$8),$J$7,IF(AND($M28>=$E$8,$M28<$E$9),$J$8,IF(AND($M28>=$E$9,$M28<$E$10),$J$9,IF(AND($M28>=$E$10,$M28<$E$11),$J$10,IF(AND($M28>=$E$11,$M28<$E$12),$J$11,IF($M28>=$E$12,$J$12,"error"))))))))) -> 0 | U28: =IF($M28=0,0,IF(AND($M28>=$E$5,$M28<$E$6),$K$5,IF(AND($M28>=$E$6,$M28<$E$7),$K$6,IF(AND($M28>=$E$7,$M28<$E$8),$K$7,IF(AND($M28>=$E$8,$M28<$E$9),$K$8,IF(AND($M28>=$E$9,$M28<$E$10),$K$9,IF(AND($M28>=$E$10,$M28<$E$11),$K$10,IF(AND($M28>=$E$11,$M28<$E$12),$K$11,IF($M28>=$E$12,$K$12,"error"))))))))) -> 0 | V28: =P28+Q28*O28+R28*I28 -> 0 | W28: =S28+T28*O28+U28*I28 -> 0 | X28: =D28*V28*MAX(0,J28)/H28 -> 0 | Y28: =D28*(0.5*(1+COS($C$5))*(1-V28)+W28*SIN(ABS($C$5))) -> 0 | Z28: =X28+Y28 -> 0 | AA28: =IF(F28>0,F28*$B$7*(1-COS($C$5))/2,0) -> 0 | AB28: =L28+Z28+AA28 -> 0 | AC28: =L28+X28 -> 0
A29: -5.5 | B29: =A29*PI()/12 -> -1.4398966 | C29: =IF($B$16<>0,(PI()/24)*(COS($B29)-COS($B$16))/($B$16*COS($B$16)-SIN($B$16)),0) -> -0.047198339 | D29: =IF(C29>0,$B$17*C29,0) -> 0 | E29: =C29*($B$19+$B$20*COS(B29)) -> -0.027326478 | F29: =IF(C29>0,$B$18*E29,0) -> 0 | G29: =IF(AND(F29>0,F29>D29),F29-D29,0) -> 0 | H29: =SIN(RADIANS($B$15))*SIN(LAT)+COS(RADIANS($B$15))*COS(LAT)*COS(B29) -> -0.13884433 | I29: =ACOS(H29) -> 1.7100907 | J29: =SIN(RADIANS($B$15))*SIN(LAT)*COS($C$5)-SIN(RADIANS($B$15))*COS(LAT)*SIN($C$5)*COS($C$6)+COS(RADIANS($B$15))*COS(LAT)*COS($C$5)*COS(B29)+COS(RADIANS($B$15))*SIN(LAT)*SIN($C$5)*COS($C$6)*COS(B29)+COS(RADIANS($B$15))*SIN($C$6)*SIN(B29)*SIN($C$5) -> 0.25923725 | K29: =ACOS(J29) -> 1.308564 | L29: =(G29/H29)*MAX(0,J29) -> 0 | M29: =IF(D29=0,0,1+G29/(D29*H29)) -> 0 | N29: =1/H29 -> -7.2023105 | O29: =D29*N29/1367 -> 0 | P29: =IF($M29=0,0,IF(AND($M29>=$E$5,$M29<$E$6),$F$5,IF(AND($M29>=$E$6,$M29<$E$7),$F$6,IF(AND($M29>=$E$7,$M29<$E$8),$F$7,IF(AND($M29>=$E$8,$M29<$E$9),$F$8,IF(AND($M29>=$E$9,$M29<$E$10),$F$9,IF(AND($M29>=$E$10,$M29<$E$11),$F$10,IF(AND($M29>=$E$11,$M29<$E$12),$F$11,IF($M29>=$E$12,$F$12,"error"))))))))) -> 0 | Q29: =IF($M29=0,0,IF(AND($M29>=$E$5,$M29<$E$6),$G$5,IF(AND($M29>=$E$6,$M29<$E$7),$G$6,IF(AND($M29>=$E$7,$M29<$E$8),$G$7,IF(AND($M29>=$E$8,$M29<$E$9),$G$8,IF(AND($M29>=$E$9,$M29<$E$10),$G$9,IF(AND($M29>=$E$10,$M29<$E$11),$G$10,IF(AND($M29>=$E$11,$M29<$E$12),$G$11,IF($M29>=$E$12,$G$12,"error"))))))))) -> 0 | R29: =IF($M29=0,0,IF(AND($M29>=$E$5,$M29<$E$6),$H$5,IF(AND($M29>=$E$6,$M29<$E$7),$H$6,IF(AND($M29>=$E$7,$M29<$E$8),$H$7,IF(AND($M29>=$E$8,$M29<$E$9),$H$8,IF(AND($M29>=$E$9,$M29<$E$10),$H$9,IF(AND($M29>=$E$10,$M29<$E$11),$H$10,IF(AND($M29>=$E$11,$M29<$E$12),$H$11,IF($M29>=$E$12,$H$12,"error"))))))))) -> 0 | S29: =IF($M29=0,0,IF(AND($M29>=$E$5,$M29<$E$6),$I$5,IF(AND($M29>=$E$6,$M29<$E$7),$I$6,IF(AND($M29>=$E$7,$M29<$E$8),$I$7,IF(AND($M29>=$E$8,$M29<$E$9),$I$8,IF(AND($M29>=$E$9,$M29<$E$10),$I$9,IF(AND($M29>=$E$10,$M29<$E$11),$I$10,IF(AND($M29>=$E$11,$M29<$E$12),$I$11,IF($M29>=$E$12,$I$12,"error"))))))))) -> 0 | T29: =IF($M29=0,0,IF(AND($M29>=$E$5,$M29<$E$6),$J$5,IF(AND($M29>=$E$6,$M29<$E$7),$J$6,IF(AND($M29>=$E$7,$M29<$E$8),$J$7,IF(AND($M29>=$E$8,$M29<$E$9),$J$8,IF(AND($M29>=$E$9,$M29<$E$10),$J$9,IF(AND($M29>=$E$10,$M29<$E$11),$J$10,IF(AND($M29>=$E$11,$M29<$E$12),$J$11,IF($M29>=$E$12,$J$12,"error"))))))))) -> 0 | U29: =IF($M29=0,0,IF(AND($M29>=$E$5,$M29<$E$6),$K$5,IF(AND($M29>=$E$6,$M29<$E$7),$K$6,IF(AND($M29>=$E$7,$M29<$E$8),$K$7,IF(AND($M29>=$E$8,$M29<$E$9),$K$8,IF(AND($M29>=$E$9,$M29<$E$10),$K$9,IF(AND($M29>=$E$10,$M29<$E$11),$K$10,IF(AND($M29>=$E$11,$M29<$E$12),$K$11,IF($M29>=$E$12,$K$12,"error"))))))))) -> 0 | V29: =P29+Q29*O29+R29*I29 -> 0 | W29: =S29+T29*O29+U29*I29 -> 0 | X29: =D29*V29*MAX(0,J29)/H29 -> 0 | Y29: =D29*(0.5*(1+COS($C$5))*(1-V29)+W29*SIN(ABS($C$5))) -> 0 | Z29: =X29+Y29 -> 0 | AA29: =IF(F29>0,F29*$B$7*(1-COS($C$5))/2,0) -> 0 | AB29: =L29+Z29+AA29 -> 0 | AC29: =L29+X29 -> 0
A30: -4.5 | B30: =A30*PI()/12 -> -1.1780972 | C30: =IF($B$16<>0,(PI()/24)*(COS($B30)-COS($B$16))/($B$16*COS($B$16)-SIN($B$16)),0) -> 0.01373174 | D30: =IF(C30>0,$B$17*C30,0) -> 11.896879 | E30: =C30*($B$19+$B$20*COS(B30)) -> 0.009924228 | F30: =IF(C30>0,$B$18*E30,0) -> 22.527998 | G30: =IF(AND(F30>0,F30>D30),F30-D30,0) -> 10.631118 | H30: =SIN(RADIANS($B$15))*SIN(LAT)+COS(RADIANS($B$15))*COS(LAT)*COS(B30) -> 0.040394944 | I30: =ACOS(H30) -> 1.5303904 | J30: =SIN(RADIANS($B$15))*SIN(LAT)*COS($C$5)-SIN(RADIANS($B$15))*COS(LAT)*SIN($C$5)*COS($C$6)+COS(RADIANS($B$15))*COS(LAT)*COS($C$5)*COS(B30)+COS(RADIANS($B$15))*SIN(LAT)*SIN($C$5)*COS($C$6)*COS(B30)+COS(RADIANS($B$15))*SIN($C$6)*SIN(B30)*SIN($C$5) -> 0.47348401 | K30: =ACOS(J30) -> 1.0775542 | L30: =(G30/H30)*MAX(0,J30) -> 124.61125 | M30: =IF(D30=0,0,1+G30/(D30*H30)) -> 23.121719 | N30: =1/H30 -> 24.755573 | O30: =D30*N30/1367 -> 0.21544555 | P30: =IF($M30=0,0,IF(AND($M30>=$E$5,$M30<$E$6),$F$5,IF(AND($M30>=$E$6,$M30<$E$7),$F$6,IF(AND($M30>=$E$7,$M30<$E$8),$F$7,IF(AND($M30>=$E$8,$M30<$E$9),$F$8,IF(AND($M30>=$E$9,$M30<$E$10),$F$9,IF(AND($M30>=$E$10,$M30<$E$11),$F$10,IF(AND($M30>=$E$11,$M30<$E$12),$F$11,IF($M30>=$E$12,$F$12,"error"))))))))) -> 0.421 | Q30: =IF($M30=0,0,IF(AND($M30>=$E$5,$M30<$E$6),$G$5,IF(AND($M30>=$E$6,$M30<$E$7),$G$6,IF(AND($M30>=$E$7,$M30<$E$8),$G$7,IF(AND($M30>=$E$8,$M30<$E$9),$G$8,IF(AND($M30>=$E$9,$M30<$E$10),$G$9,IF(AND($M30>=$E$10,$M30<$E$11),$G$10,IF(AND($M30>=$E$11,$M30<$E$12),$G$11,IF($M30>=$E$12,$G$12,"error"))))))))) -> -0.661 | R30: =IF($M30=0,0,IF(AND($M30>=$E$5,$M30<$E$6),$H$5,IF(AND($M30>=$E$6,$M30<$E$7),$H$6,IF(AND($M30>=$E$7,$M30<$E$8),$H$7,IF(AND($M30>=$E$8,$M30<$E$9),$H$8,IF(AND($M30>=$E$9,$M30<$E$10),$H$9,IF(AND($M30>=$E$10,$M30<$E$11),$H$10,IF(AND($M30>=$E$11,$M30<$E$12),$H$11,IF($M30>=$E$12,$H$12,"error"))))))))) -> 0.097 | S30: =IF($M30=0,0,IF(AND($M30>=$E$5,$M30<$E$6),$I$5,IF(AND($M30>=$E$6,$M30<$E$7),$I$6,IF(AND($M30>=$E$7,$M30<$E$8),$I$7,IF(AND($M30>=$E$8,$M30<$E$9),$I$8,IF(AND($M30>=$E$9,$M30<$E$10),$I$9,IF(AND($M30>=$E$10,$M30<$E$11),$I$10,IF(AND($M30>=$E$11,$M30<$E$12),$I$11,IF($M30>=$E$12,$I$12,"error"))))))))) -> 0.119 | T30: =IF($M30=0,0,IF(AND($M30>=$E$5,$M30<$E$6),$J$5,IF(AND($M30>=$E$6,$M30<$E$7),$J$6,IF(AND($M30>=$E$7,$M30<$E$8),$J$7,IF(AND($M30>=$E$8,$M30<$E$9),$J$8,IF(AND($M30>=$E$9,$M30<$E$10),$J$9,IF(AND($M30>=$E$10,$M30<$E$11),$J$10,IF(AND($M30>=$E$11,$M30<$E$12),$J$11,IF($M30>=$E$12,$J$12,"error"))))))))) -> -2.125 | U30: =IF($M30=0,0,IF(AND($M30>=$E$5,$M30<$E$6),$K$5,IF(AND($M30>=$E$6,$M30<$E$7),$K$6,IF(AND($M30>=$E$7,$M30<$E$8),$K$7,IF(AND($M30>=$E$8,$M30<$E$9),$K$8,IF(AND($M30>=$E$9,$M30<$E$10),$K$9,IF(AND($M30>=$E$10,$M30<$E$11),$K$10,IF(AND($M30>=$E$11,$M30<$E$12),$K$11,IF($M30>=$E$12,$K$12,"error"))))))))) -> 0.446 | V30: =P30+Q30*O30+R30*I30 -> 0.42703836 | W30: =S30+T30*O30+U30*I30 -> 0.34373232 | X30: =D30*V30*MAX(0,J30)/H30 -> 59.549518 | Y30: =D30*(0.5*(1+COS($C$5))*(1-V30)+W30*SIN(ABS($C$5))) -> 8.5548095 | Z30: =X30+Y30 -> 68.104327 | AA30: =IF(F30>0,F30*$B$7*(1-COS($C$5))/2,0) -> 1.3007254 | AB30: =L30+Z30+AA30 -> 194.0163 | AC30: =L30+X30 -> 184.16077
A31: -3.5 | B31: =A31*PI()/12 -> -0.91629786 | C31: =IF($B$16<>0,(PI()/24)*(COS($B31)-COS($B$16))/($B$16*COS($B$16)-SIN($B$16)),0) -> 0.068360153 | D31: =IF(C31>0,$B$17*C31,0) -> 59.225744 | E31: =C31*($B$19+$B$20*COS(B31)) -> 0.058215857 | F31: =IF(C31>0,$B$18*E31,0) -> 132.15 | G31: =IF(AND(F31>0,F31>D31),F31-D31,0) -> 72.924252 | H31: =SIN(RADIANS($B$15))*SIN(LAT)+COS(RADIANS($B$15))*COS(LAT)*COS(B31) -> 0.20109648 | I31: =ACOS(H31) -> 1.3683192 | J31: =SIN(RADIANS($B$15))*SIN(LAT)*COS($C$5)-SIN(RADIANS($B$15))*COS(LAT)*SIN($C$5)*COS($C$6)+COS(RADIANS($B$15))*COS(LAT)*COS($C$5)*COS(B31)+COS(RADIANS($B$15))*SIN(LAT)*SIN($C$5)*COS($C$6)*COS(B31)+COS(RADIANS($B$15))*SIN($C$6)*SIN(B31)*SIN($C$5) -> 0.6655724 | K31: =ACOS(J31) -> 0.84253582 | L31: =(G31/H31)*MAX(0,J31) -> 241.35862 | M31: =IF(D31=0,0,1+G31/(D31*H31)) -> 7.1228974 | N31: =1/H31 -> 4.9727373 | O31: =D31*N31/1367 -> 0.21544555 | P31: =IF($M31=0,0,IF(AND($M31>=$E$5,$M31<$E$6),$F$5,IF(AND($M31>=$E$6,$M31<$E$7),$F$6,IF(AND($M31>=$E$7,$M31<$E$8),$F$7,IF(AND($M31>=$E$8,$M31<$E$9),$F$8,IF(AND($M31>=$E$9,$M31<$E$10),$F$9,IF(AND($M31>=$E$10,$M31<$E$11),$F$10,IF(AND($M31>=$E$11,$M31<$E$12),$F$11,IF($M31>=$E$12,$F$12,"error"))))))))) -> 0.734 | Q31: =IF($M31=0,0,IF(AND($M31>=$E$5,$M31<$E$6),$G$5,IF(AND($M31>=$E$6,$M31<$E$7),$G$6,IF(AND($M31>=$E$7,$M31<$E$8),$G$7,IF(AND($M31>=$E$8,$M31<$E$9),$G$8,IF(AND($M31>=$E$9,$M31<$E$10),$G$9,IF(AND($M31>=$E$10,$M31<$E$11),$G$10,IF(AND($M31>=$E$11,$M31<$E$12),$G$11,IF($M31>=$E$12,$G$12,"error"))))))))) -> -0.073 | R31: =IF($M31=0,0,IF(AND($M31>=$E$5,$M31<$E$6),$H$5,IF(AND($M31>=$E$6,$M31<$E$7),$H$6,IF(AND($M31>=$E$7,$M31<$E$8),$H$7,IF(AND($M31>=$E$8,$M31<$E$9),$H$8,IF(AND($M31>=$E$9,$M31<$E$10),$H$9,IF(AND($M31>=$E$10,$M31<$E$11),$H$10,IF(AND($M31>=$E$11,$M31<$E$12),$H$11,IF($M31>=$E$12,$H$12,"error"))))))))) -> -0.228 | S31: =IF($M31=0,0,IF(AND($M31>=$E$5,$M31<$E$6),$I$5,IF(AND($M31>=$E$6,$M31<$E$7),$I$6,IF(AND($M31>=$E$7,$M31<$E$8),$I$7,IF(AND($M31>=$E$8,$M31<$E$9),$I$8,IF(AND($M31>=$E$9,$M31<$E$10),$I$9,IF(AND($M31>=$E$10,$M31<$E$11),$I$10,IF(AND($M31>=$E$11,$M31<$E$12),$I$11,IF($M31>=$E$12,$I$12,"error"))))))))) -> 0.231 | T31: =IF($M31=0,0,IF(AND($M31>=$E$5,$M31<$E$6),$J$5,IF(AND($M31>=$E$6,$M31<$E$7),$J$6,IF(AND($M31>=$E$7,$M31<$E$8),$J$7,IF(AND($M31>=$E$8,$M31<$E$9),$J$8,IF(AND($M31>=$E$9,$M31<$E$10),$J$9,IF(AND($M31>=$E$10,$M31<$E$11),$J$10,IF(AND($M31>=$E$11,$M31<$E$12),$J$11,IF($M31>=$E$12,$J$12,"error"))))))))) -> -1.18 | U31: =IF($M31=0,0,IF(AND($M31>=$E$5,$M31<$E$6),$K$5,IF(AND($M31>=$E$6,$M31<$E$7),$K$6,IF(AND($M31>=$E$7,$M31<$E$8),$K$7,IF(AND($M31>=$E$8,$M31<$E$9),$K$8,IF(AND($M31>=$E$9,$M31<$E$10),$K$9,IF(AND($M31>=$E$10,$M31<$E$11),$K$10,IF(AND($M31>=$E$11,$M31<$E$12),$K$11,IF($M31>=$E$12,$K$12,"error"))))))))) -> 0.199 | V31: =P31+Q31*O31+R31*I31 -> 0.4062957 | W31: =S31+T31*O31+U31*I31 -> 0.24906977 | X31: =D31*V31*MAX(0,J31)/H31 -> 79.64226 | Y31: =D31*(0.5*(1+COS($C$5))*(1-V31)+W31*SIN(ABS($C$5))) -> 38.38072 | Z31: =X31+Y31 -> 118.02298 | AA31: =IF(F31>0,F31*$B$7*(1-COS($C$5))/2,0) -> 7.6300994 | AB31: =L31+Z31+AA31 -> 367.0117 | AC31: =L31+X31 -> 321.00088
A32: -2.5 | B32: =A32*PI()/12 -> -0.65449847 | C32: =IF($B$16<>0,(PI()/24)*(COS($B32)-COS($B$16))/($B$16*COS($B$16)-SIN($B$16)),0) -> 0.11296407 | D32: =IF(C32>0,$B$17*C32,0) -> 97.8696 | E32: =C32*($B$19+$B$20*COS(B32)) -> 0.1080883 | F32: =IF(C32>0,$B$18*E32,0) -> 245.36044 | G32: =IF(AND(F32>0,F32>D32),F32-D32,0) -> 147.49084 | H32: =SIN(RADIANS($B$15))*SIN(LAT)+COS(RADIANS($B$15))*COS(LAT)*COS(B32) -> 0.33230874 | I32: =ACOS(H32) -> 1.232046 | J32: =SIN(RADIANS($B$15))*SIN(LAT)*COS($C$5)-SIN(RADIANS($B$15))*COS(LAT)*SIN($C$5)*COS($C$6)+COS(RADIANS($B$15))*COS(LAT)*COS($C$5)*COS(B32)+COS(RADIANS($B$15))*SIN(LAT)*SIN($C$5)*COS($C$6)*COS(B32)+COS(RADIANS($B$15))*SIN($C$6)*SIN(B32)*SIN($C$5) -> 0.82241191 | K32: =ACOS(J32) -> 0.60515855 | L32: =(G32/H32)*MAX(0,J32) -> 365.01665 | M32: =IF(D32=0,0,1+G32/(D32*H32)) -> 5.5349811 | N32: =1/H32 -> 3.0092497 | O32: =D32*N32/1367 -> 0.21544555 | P32: =IF($M32=0,0,IF(AND($M32>=$E$5,$M32<$E$6),$F$5,IF(AND($M32>=$E$6,$M32<$E$7),$F$6,IF(AND($M32>=$E$7,$M32<$E$8),$F$7,IF(AND($M32>=$E$8,$M32<$E$9),$F$8,IF(AND($M32>=$E$9,$M32<$E$10),$F$9,IF(AND($M32>=$E$10,$M32<$E$11),$F$10,IF(AND($M32>=$E$11,$M32<$E$12),$F$11,IF($M32>=$E$12,$F$12,"error"))))))))) -> 0.857 | Q32: =IF($M32=0,0,IF(AND($M32>=$E$5,$M32<$E$6),$G$5,IF(AND($M32>=$E$6,$M32<$E$7),$G$6,IF(AND($M32>=$E$7,$M32<$E$8),$G$7,IF(AND($M32>=$E$8,$M32<$E$9),$G$8,IF(AND($M32>=$E$9,$M32<$E$10),$G$9,IF(AND($M32>=$E$10,$M32<$E$11),$G$10,IF(AND($M32>=$E$11,$M32<$E$12),$G$11,IF($M32>=$E$12,$G$12,"error"))))))))) -> -0.37 | R32: =IF($M32=0,0,IF(AND($M32>=$E$5,$M32<$E$6),$H$5,IF(AND($M32>=$E$6,$M32<$E$7),$H$6,IF(AND($M32>=$E$7,$M32<$E$8),$H$7,IF(AND($M32>=$E$8,$M32<$E$9),$H$8,IF(AND($M32>=$E$9,$M32<$E$10),$H$9,IF(AND($M32>=$E$10,$M32<$E$11),$H$10,IF(AND($M32>=$E$11,$M32<$E$12),$H$11,IF($M32>=$E$12,$H$12,"error"))))))))) -> -0.279 | S32: =IF($M32=0,0,IF(AND($M32>=$E$5,$M32<$E$6),$I$5,IF(AND($M32>=$E$6,$M32<$E$7),$I$6,IF(AND($M32>=$E$7,$M32<$E$8),$I$7,IF(AND($M32>=$E$8,$M32<$E$9),$I$8,IF(AND($M32>=$E$9,$M32<$E$10),$I$9,IF(AND($M32>=$E$10,$M32<$E$11),$I$10,IF(AND($M32>=$E$11,$M32<$E$12),$I$11,IF($M32>=$E$12,$I$12,"error"))))))))) -> 0.267 | T32: =IF($M32=0,0,IF(AND($M32>=$E$5,$M32<$E$6),$J$5,IF(AND($M32>=$E$6,$M32<$E$7),$J$6,IF(AND($M32>=$E$7,$M32<$E$8),$J$7,IF(AND($M32>=$E$8,$M32<$E$9),$J$8,IF(AND($M32>=$E$9,$M32<$E$10),$J$9,IF(AND($M32>=$E$10,$M32<$E$11),$J$10,IF(AND($M32>=$E$11,$M32<$E$12),$J$11,IF($M32>=$E$12,$J$12,"error"))))))))) -> -0.792 | U32: =IF($M32=0,0,IF(AND($M32>=$E$5,$M32<$E$6),$K$5,IF(AND($M32>=$E$6,$M32<$E$7),$K$6,IF(AND($M32>=$E$7,$M32<$E$8),$K$7,IF(AND($M32>=$E$8,$M32<$E$9),$K$8,IF(AND($M32>=$E$9,$M32<$E$10),$K$9,IF(AND($M32>=$E$10,$M32<$E$11),$K$10,IF(AND($M32>=$E$11,$M32<$E$12),$K$11,IF($M32>=$E$12,$K$12,"error"))))))))) -> 0.076 | V32: =P32+Q32*O32+R32*I32 -> 0.43354433 | W32: =S32+T32*O32+U32*I32 -> 0.19000262 | X32: =D32*V32*MAX(0,J32)/H32 -> 105.00958 | Y32: =D32*(0.5*(1+COS($C$5))*(1-V32)+W32*SIN(ABS($C$5))) -> 56.287346 | Z32: =X32+Y32 -> 161.29693 | AA32: =IF(F32>0,F32*$B$7*(1-COS($C$5))/2,0) -> 14.166664 | AB32: =L32+Z32+AA32 -> 540.48025 | AC32: =L32+X32 -> 470.02624
A33: -1.5 | B33: =A33*PI()/12 -> -0.39269908 | C33: =IF($B$16<>0,(PI()/24)*(COS($B33)-COS($B$16))/($B$16*COS($B$16)-SIN($B$16)),0) -> 0.1445038 | D33: =IF(C33>0,$B$17*C33,0) -> 125.19493 | E33: =C33*($B$19+$B$20*COS(B33)) -> 0.14901935 | F33: =IF(C33>0,$B$18*E33,0) -> 338.27393 | G33: =IF(AND(F33>0,F33>D33),F33-D33,0) -> 213.079 | H33: =SIN(RADIANS($B$15))*SIN(LAT)+COS(RADIANS($B$15))*COS(LAT)*COS(B33) -> 0.42508982 | I33: =ACOS(H33) -> 1.1317352 | J33: =SIN(RADIANS($B$15))*SIN(LAT)*COS($C$5)-SIN(RADIANS($B$15))*COS(LAT)*SIN($C$5)*COS($C$6)+COS(RADIANS($B$15))*COS(LAT)*COS($C$5)*COS(B33)+COS(RADIANS($B$15))*SIN(LAT)*SIN($C$5)*COS($C$6)*COS(B33)+COS(RADIANS($B$15))*SIN($C$6)*SIN(B33)*SIN($C$5) -> 0.93331419 | K33: =ACOS(J33) -> 0.36726134 | L33: =(G33/H33)*MAX(0,J33) -> 467.82973 | M33: =IF(D33=0,0,1+G33/(D33*H33)) -> 5.0038076 | N33: =1/H33 -> 2.352444 | O33: =D33*N33/1367 -> 0.21544555 | P33: =IF($M33=0,0,IF(AND($M33>=$E$5,$M33<$E$6),$F$5,IF(AND($M33>=$E$6,$M33<$E$7),$F$6,IF(AND($M33>=$E$7,$M33<$E$8),$F$7,IF(AND($M33>=$E$8,$M33<$E$9),$F$8,IF(AND($M33>=$E$9,$M33<$E$10),$F$9,IF(AND($M33>=$E$10,$M33<$E$11),$F$10,IF(AND($M33>=$E$11,$M33<$E$12),$F$11,IF($M33>=$E$12,$F$12,"error"))))))))) -> 0.857 | Q33: =IF($M33=0,0,IF(AND($M33>=$E$5,$M33<$E$6),$G$5,IF(AND($M33>=$E$6,$M33<$E$7),$G$6,IF(AND($M33>=$E$7,$M33<$E$8),$G$7,IF(AND($M33>=$E$8,$M33<$E$9),$G$8,IF(AND($M33>=$E$9,$M33<$E$10),$G$9,IF(AND($M33>=$E$10,$M33<$E$11),$G$10,IF(AND($M33>=$E$11,$M33<$E$12),$G$11,IF($M33>=$E$12,$G$12,"error"))))))))) -> -0.37 | R33: =IF($M33=0,0,IF(AND($M33>=$E$5,$M33<$E$6),$H$5,IF(AND($M33>=$E$6,$M33<$E$7),$H$6,IF(AND($M33>=$E$7,$M33<$E$8),$H$7,IF(AND($M33>=$E$8,$M33<$E$9),$H$8,IF(AND($M33>=$E$9,$M33<$E$10),$H$9,IF(AND($M33>=$E$10,$M33<$E$11),$H$10,IF(AND($M33>=$E$11,$M33<$E$12),$H$11,IF($M33>=$E$12,$H$12,"error"))))))))) -> -0.279 | S33: =IF($M33=0,0,IF(AND($M33>=$E$5,$M33<$E$6),$I$5,IF(AND($M33>=$E$6,$M33<$E$7),$I$6,IF(AND($M33>=$E$7,$M33<$E$8),$I$7,IF(AND($M33>=$E$8,$M33<$E$9),$I$8,IF(AND($M33>=$E$9,$M33<$E$10),$I$9,IF(AND($M33>=$E$10,$M33<$E$11),$I$10,IF(AND($M33>=$E$11,$M33<$E$12),$I$11,IF($M33>=$E$12,$I$12,"error"))))))))) -> 0.267 | T33: =IF($M33=0,0,IF(AND($M33>=$E$5,$M33<$E$6),$J$5,IF(AND($M33>=$E$6,$M33<$E$7),$J$6,IF(AND($M33>=$E$7,$M33<$E$8),$J$7,IF(AND($M33>=$E$8,$M33<$E$9),$J$8,IF(AND($M33>=$E$9,$M33<$E$10),$J$9,IF(AND($M33>=$E$10,$M33<$E$11),$J$10,IF(AND($M33>=$E$11,$M33<$E$12),$J$11,IF($M33>=$E$12,$J$12,"error"))))))))) -> -0.792 | U33: =IF($M33=0,0,IF(AND($M33>=$E$5,$M33<$E$6),$K$5,IF(AND($M33>=$E$6,$M33<$E$7),$K$6,IF(AND($M33>=$E$7,$M33<$E$8),$K$7,IF(AND($M33>=$E$8,$M33<$E$9),$K$8,IF(AND($M33>=$E$9,$M33<$E$10),$K$9,IF(AND($M33>=$E$10,$M33<$E$11),$K$10,IF(AND($M33>=$E$11,$M33<$E$12),$K$11,IF($M33>=$E$12,$K$12,"error"))))))))) -> 0.076 | V33: =P33+Q33*O33+R33*I33 -> 0.46153102 | W33: =S33+T33*O33+U33*I33 -> 0.182379 | X33: =D33*V33*MAX(0,J33)/H33 -> 126.86295 | Y33: =D33*(0.5*(1+COS($C$5))*(1-V33)+W33*SIN(ABS($C$5))) -> 68.645559 | Z33: =X33+Y33 -> 195.50851 | AA33: =IF(F33>0,F33*$B$7*(1-COS($C$5))/2,0) -> 19.531319 | AB33: =L33+Z33+AA33 -> 682.86956 | AC33: =L33+X33 -> 594.69268
A34: -0.5 | B34: =A34*PI()/12 -> -0.13089969 | C34: =IF($B$16<>0,(PI()/24)*(COS($B34)-COS($B$16))/($B$16*COS($B$16)-SIN($B$16)),0) -> 0.16082996 | D34: =IF(C34>0,$B$17*C34,0) -> 139.33957 | E34: =C34*($B$19+$B$20*COS(B34)) -> 0.17205052 | F34: =IF(C34>0,$B$18*E34,0) -> 390.55468 | G34: =IF(AND(F34>0,F34>D34),F34-D34,0) -> 251.21511 | H34: =SIN(RADIANS($B$15))*SIN(LAT)+COS(RADIANS($B$15))*COS(LAT)*COS(B34) -> 0.47311684 | I34: =ACOS(H34) -> 1.0779711 | J34: =SIN(RADIANS($B$15))*SIN(LAT)*COS($C$5)-SIN(RADIANS($B$15))*COS(LAT)*SIN($C$5)*COS($C$6)+COS(RADIANS($B$15))*COS(LAT)*COS($C$5)*COS(B34)+COS(RADIANS($B$15))*SIN(LAT)*SIN($C$5)*COS($C$6)*COS(B34)+COS(RADIANS($B$15))*SIN($C$6)*SIN(B34)*SIN($C$5) -> 0.99072144 | K34: =ACOS(J34) -> 0.13633009 | L34: =(G34/H34)*MAX(0,J34) -> 526.05228 | M34: =IF(D34=0,0,1+G34/(D34*H34)) -> 4.8106837 | N34: =1/H34 -> 2.1136428 | O34: =D34*N34/1367 -> 0.21544555 | P34: =IF($M34=0,0,IF(AND($M34>=$E$5,$M34<$E$6),$F$5,IF(AND($M34>=$E$6,$M34<$E$7),$F$6,IF(AND($M34>=$E$7,$M34<$E$8),$F$7,IF(AND($M34>=$E$8,$M34<$E$9),$F$8,IF(AND($M34>=$E$9,$M34<$E$10),$F$9,IF(AND($M34>=$E$10,$M34<$E$11),$F$10,IF(AND($M34>=$E$11,$M34<$E$12),$F$11,IF($M34>=$E$12,$F$12,"error"))))))))) -> 0.857 | Q34: =IF($M34=0,0,IF(AND($M34>=$E$5,$M34<$E$6),$G$5,IF(AND($M34>=$E$6,$M34<$E$7),$G$6,IF(AND($M34>=$E$7,$M34<$E$8),$G$7,IF(AND($M34>=$E$8,$M34<$E$9),$G$8,IF(AND($M34>=$E$9,$M34<$E$10),$G$9,IF(AND($M34>=$E$10,$M34<$E$11),$G$10,IF(AND($M34>=$E$11,$M34<$E$12),$G$11,IF($M34>=$E$12,$G$12,"error"))))))))) -> -0.37 | R34: =IF($M34=0,0,IF(AND($M34>=$E$5,$M34<$E$6),$H$5,IF(AND($M34>=$E$6,$M34<$E$7),$H$6,IF(AND($M34>=$E$7,$M34<$E$8),$H$7,IF(AND($M34>=$E$8,$M34<$E$9),$H$8,IF(AND($M34>=$E$9,$M34<$E$10),$H$9,IF(AND($M34>=$E$10,$M34<$E$11),$H$10,IF(AND($M34>=$E$11,$M34<$E$12),$H$11,IF($M34>=$E$12,$H$12,"error"))))))))) -> -0.279 | S34: =IF($M34=0,0,IF(AND($M34>=$E$5,$M34<$E$6),$I$5,IF(AND($M34>=$E$6,$M34<$E$7),$I$6,IF(AND($M34>=$E$7,$M34<$E$8),$I$7,IF(AND($M34>=$E$8,$M34<$E$9),$I$8,IF(AND($M34>=$E$9,$M34<$E$10),$I$9,IF(AND($M34>=$E$10,$M34<$E$11),$I$10,IF(AND($M34>=$E$11,$M34<$E$12),$I$11,IF($M34>=$E$12,$I$12,"error"))))))))) -> 0.267 | T34: =IF($M34=0,0,IF(AND($M34>=$E$5,$M34<$E$6),$J$5,IF(AND($M34>=$E$6,$M34<$E$7),$J$6,IF(AND($M34>=$E$7,$M34<$E$8),$J$7,IF(AND($M34>=$E$8,$M34<$E$9),$J$8,IF(AND($M34>=$E$9,$M34<$E$10),$J$9,IF(AND($M34>=$E$10,$M34<$E$11),$J$10,IF(AND($M34>=$E$11,$M34<$E$12),$J$11,IF($M34>=$E$12,$J$12,"error"))))))))) -> -0.792 | U34: =IF($M34=0,0,IF(AND($M34>=$E$5,$M34<$E$6),$K$5,IF(AND($M34>=$E$6,$M34<$E$7),$K$6,IF(AND($M34>=$E$7,$M34<$E$8),$K$7,IF(AND($M34>=$E$8,$M34<$E$9),$K$8,IF(AND($M34>=$E$9,$M34<$E$10),$K$9,IF(AND($M34>=$E$10,$M34<$E$11),$K$10,IF(AND($M34>=$E$11,$M34<$E$12),$K$11,IF($M34>=$E$12,$K$12,"error"))))))))) -> 0.076 | V34: =P34+Q34*O34+R34*I34 -> 0.47653122 | W34: =S34+T34*O34+U34*I34 -> 0.17829292 | X34: =D34*V34*MAX(0,J34)/H34 -> 139.04295 | Y34: =D34*(0.5*(1+COS($C$5))*(1-V34)+W34*SIN(ABS($C$5))) -> 74.398464 | Z34: =X34+Y34 -> 213.44141 | AA34: =IF(F34>0,F34*$B$7*(1-COS($C$5))/2,0) -> 22.549914 | AB34: =L34+Z34+AA34 -> 762.04361 | AC34: =L34+X34 -> 665.09523
... A46: 11.5 | B46: =A46*PI()/12 -> 3.010693 | C46: =IF($B$16<>0,(PI()/24)*(COS($B46)-COS($B$16))/($B$16*COS($B$16)-SIN($B$16)),0) -> -0.3183061 | D46: =IF(C46>0,$B$17*C46,0) -> 0 | E46: =C46*($B$19+$B$20*COS(B46)) -> 0.019303939 | F46: =IF(C46>0,$B$18*E46,0) -> 0 | G46: =IF(AND(F46>0,F46>D46),F46-D46,0) -> 0 | H46: =SIN(RADIANS($B$15))*SIN(LAT)+COS(RADIANS($B$15))*COS(LAT)*COS(B46) -> -0.93636766 | I46: =ACOS(H46) -> 2.7829316 | J46: =SIN(RADIANS($B$15))*SIN(LAT)*COS($C$5)-SIN(RADIANS($B$15))*COS(LAT)*SIN($C$5)*COS($C$6)+COS(RADIANS($B$15))*COS(LAT)*COS($C$5)*COS(B46)+COS(RADIANS($B$15))*SIN(LAT)*SIN($C$5)*COS($C$6)*COS(B46)+COS(RADIANS($B$15))*SIN($C$6)*SIN(B46)*SIN($C$5) -> -0.6940515 | K46: =ACOS(J46) -> 2.3378979 | L46: =(G46/H46)*MAX(0,J46) -> 0 | M46: =IF(D46=0,0,1+G46/(D46*H46)) -> 0 | N46: =1/H46 -> -1.0679566 | O46: =D46*N46/1367 -> 0 | P46: =IF($M46=0,0,IF(AND($M46>=$E$5,$M46<$E$6),$F$5,IF(AND($M46>=$E$6,$M46<$E$7),$F$6,IF(AND($M46>=$E$7,$M46<$E$8),$F$7,IF(AND($M46>=$E$8,$M46<$E$9),$F$8,IF(AND($M46>=$E$9,$M46<$E$10),$F$9,IF(AND($M46>=$E$10,$M46<$E$11),$F$10,IF(AND($M46>=$E$11,$M46<$E$12),$F$11,IF($M46>=$E$12,$F$12,"error"))))))))) -> 0 | Q46: =IF($M46=0,0,IF(AND($M46>=$E$5,$M46<$E$6),$G$5,IF(AND($M46>=$E$6,$M46<$E$7),$G$6,IF(AND($M46>=$E$7,$M46<$E$8),$G$7,IF(AND($M46>=$E$8,$M46<$E$9),$G$8,IF(AND($M46>=$E$9,$M46<$E$10),$G$9,IF(AND($M46>=$E$10,$M46<$E$11),$G$10,IF(AND($M46>=$E$11,$M46<$E$12),$G$11,IF($M46>=$E$12,$G$12,"error"))))))))) -> 0 | R46: =IF($M46=0,0,IF(AND($M46>=$E$5,$M46<$E$6),$H$5,IF(AND($M46>=$E$6,$M46<$E$7),$H$6,IF(AND($M46>=$E$7,$M46<$E$8),$H$7,IF(AND($M46>=$E$8,$M46<$E$9),$H$8,IF(AND($M46>=$E$9,$M46<$E$10),$H$9,IF(AND($M46>=$E$10,$M46<$E$11),$H$10,IF(AND($M46>=$E$11,$M46<$E$12),$H$11,IF($M46>=$E$12,$H$12,"error"))))))))) -> 0 | S46: =IF($M46=0,0,IF(AND($M46>=$E$5,$M46<$E$6),$I$5,IF(AND($M46>=$E$6,$M46<$E$7),$I$6,IF(AND($M46>=$E$7,$M46<$E$8),$I$7,IF(AND($M46>=$E$8,$M46<$E$9),$I$8,IF(AND($M46>=$E$9,$M46<$E$10),$I$9,IF(AND($M46>=$E$10,$M46<$E$11),$I$10,IF(AND($M46>=$E$11,$M46<$E$12),$I$11,IF($M46>=$E$12,$I$12,"error"))))))))) -> 0 | T46: =IF($M46=0,0,IF(AND($M46>=$E$5,$M46<$E$6),$J$5,IF(AND($M46>=$E$6,$M46<$E$7),$J$6,IF(AND($M46>=$E$7,$M46<$E$8),$J$7,IF(AND($M46>=$E$8,$M46<$E$9),$J$8,IF(AND($M46>=$E$9,$M46<$E$10),$J$9,IF(AND($M46>=$E$10,$M46<$E$11),$J$10,IF(AND($M46>=$E$11,$M46<$E$12),$J$11,IF($M46>=$E$12,$J$12,"error"))))))))) -> 0 | U46: =IF($M46=0,0,IF(AND($M46>=$E$5,$M46<$E$6),$K$5,IF(AND($M46>=$E$6,$M46<$E$7),$K$6,IF(AND($M46>=$E$7,$M46<$E$8),$K$7,IF(AND($M46>=$E$8,$M46<$E$9),$K$8,IF(AND($M46>=$E$9,$M46<$E$10),$K$9,IF(AND($M46>=$E$10,$M46<$E$11),$K$10,IF(AND($M46>=$E$11,$M46<$E$12),$K$11,IF($M46>=$E$12,$K$12,"error"))))))))) -> 0 | V46: =P46+Q46*O46+R46*I46 -> 0 | W46: =S46+T46*O46+U46*I46 -> 0 | X46: =D46*V46*MAX(0,J46)/H46 -> 0 | Y46: =D46*(0.5*(1+COS($C$5))*(1-V46)+W46*SIN(ABS($C$5))) -> 0 | Z46: =X46+Y46 -> 0 | AA46: =IF(F46>0,F46*$B$7*(1-COS($C$5))/2,0) -> 0 | AB46: =L46+Z46+AA46 -> 0 | AC46: =L46+X46 -> 0
D47: =SUM(D23:D46) -> 867.05344 | F47: =SUM(F23:F46) -> 2257.7341 | G47: =SUM(G23:G46) -> 1390.6806 | L47: =SUM(L23:L46) -> 3449.7371 | Z47: =SUM(Z23:Z46) -> 1512.7483 | AA47: =SUM(AA23:AA46) -> 130.35744 | AB47: =SUM(AB23:AB46) -> 5092.8428 | AC47: =SUM(AC23:AC46) -> 4469.9516
A49: MES: | B49: =Gdm!A15 -> 2
A50: Epsilon_0 = | B50: =Gdm!C15 -> 1.0231834
A51: Declinación (º)= | B51: =Gdm!D15 -> -13.289156
A52: Ws (rad)= | B52: =Gdm!H15 -> -1.3680407 | C52: Ws (º): | D52: =B52*180/PI() -> -78.38296
A53: Ddm(0) (Wh/m2) = | B53: =Gdm!N15 -> 1107.6664 | C53: Ws (h): | D53: =D52/15 -> -5.2255306
A54: Gdm(0) (Wh/m2) = | B54: =Gdm!K15 -> 3250
A55: a= | B55: =0.409-0.5016*SIN(B52+PI()/3) -> 0.56718799
A56: b= | B56: =0.6609+0.4767*SIN(B52+PI()/3) -> 0.51056464
Z57: D=Dc+Di+bh
A58: w (h) | B58: w (rad) | C58: rd | D58: D(0) | E58: rg | F58: G(0) | G58: B(0) | H58: Cos(qZS) | I58: qZS (rad) | J58: Cos(qS) | K58: qS (rad) | L58: B(a,b) | M58: epsilon | N58: AM | O58: delta | P58: k31 | Q58: k32 | R58: k33 | S58: k41 | T58: k42 | U58: k43 | V58: k3 | W58: k4 | X58: Dc(a,b) | Y58: Di+bh (a,b) | Z58: D(a,b) | AA58: R(a,b) | AB58: G(a,b)=Ghm(a,b) | AC58: B(a,b)+Dc(a,b)
A59: -11.5 | B59: =A59*PI()/12 -> -3.010693 | C59: =IF($B$52<>0,(PI()/24)*(COS($B59)-COS($B$52))/($B$52*COS($B$52)-SIN($B$52)),0) -> -0.22177762 | D59: =IF(C59>0,$B$53*C59,0) -> 0 | E59: =C59*($B$55+$B$56*COS(B59)) -> -0.013526507 | F59: =IF(C59>0,$B$54*E59,0) -> 0 | G59: =IF(AND(F59>0,F59>D59),F59-D59,0) -> 0 | H59: =SIN(RADIANS($B$51))*SIN(LAT)+COS(RADIANS($B$51))*COS(LAT)*COS(B59) -> -0.88339265 | I59: =ACOS(H59) -> 2.6538493 | J59: =SIN(RADIANS($B$51))*SIN(LAT)*COS($C$5)-SIN(RADIANS($B$51))*COS(LAT)*SIN($C$5)*COS($C$6)+COS(RADIANS($B$51))*COS(LAT)*COS($C$5)*COS(B59)+COS(RADIANS($B$51))*SIN(LAT)*SIN($C$5)*COS($C$6)*COS(B59)+COS(RADIANS($B$51))*SIN($C$6)*SIN(B59)*SIN($C$5) -> -0.7821626 | K59: =ACOS(J59) -> 2.4689255 | L59: =(G59/H59)*MAX(0,J59) -> 0 | M59: =IF(D59=0,0,1+G59/(D59*H59)) -> 0 | N59: =1/H59 -> -1.1319995 | O59: =D59*N59/1367 -> 0 | P59: =IF($M59=0,0,IF(AND($M59>=$E$5,$M59<$E$6),$F$5,IF(AND($M59>=$E$6,$M59<$E$7),$F$6,IF(AND($M59>=$E$7,$M59<$E$8),$F$7,IF(AND($M59>=$E$8,$M59<$E$9),$F$8,IF(AND($M59>=$E$9,$M59<$E$10),$F$9,IF(AND($M59>=$E$10,$M59<$E$11),$F$10,IF(AND($M59>=$E$11,$M59<$E$12),$F$11,IF($M59>=$E$12,$F$12,"error"))))))))) -> 0 | Q59: =IF($M59=0,0,IF(AND($M59>=$E$5,$M59<$E$6),$G$5,IF(AND($M59>=$E$6,$M59<$E$7),$G$6,IF(AND($M59>=$E$7,$M59<$E$8),$G$7,IF(AND($M59>=$E$8,$M59<$E$9),$G$8,IF(AND($M59>=$E$9,$M59<$E$10),$G$9,IF(AND($M59>=$E$10,$M59<$E$11),$G$10,IF(AND($M59>=$E$11,$M59<$E$12),$G$11,IF($M59>=$E$12,$G$12,"error"))))))))) -> 0 | R59: =IF($M59=0,0,IF(AND($M59>=$E$5,$M59<$E$6),$H$5,IF(AND($M59>=$E$6,$M59<$E$7),$H$6,IF(AND($M59>=$E$7,$M59<$E$8),$H$7,IF(AND($M59>=$E$8,$M59<$E$9),$H$8,IF(AND($M59>=$E$9,$M59<$E$10),$H$9,IF(AND($M59>=$E$10,$M59<$E$11),$H$10,IF(AND($M59>=$E$11,$M59<$E$12),$H$11,IF($M59>=$E$12,$H$12,"error"))))))))) -> 0 | S59: =IF($M59=0,0,IF(AND($M59>=$E$5,$M59<$E$6),$I$5,IF(AND($M59>=$E$6,$M59<$E$7),$I$6,IF(AND($M59>=$E$7,$M59<$E$8),$I$7,IF(AND($M59>=$E$8,$M59<$E$9),$I$8,IF(AND($M59>=$E$9,$M59<$E$10),$I$9,IF(AND($M59>=$E$10,$M59<$E$11),$I$10,IF(AND($M59>=$E$11,$M59<$E$12),$I$11,IF($M59>=$E$12,$I$12,"error"))))))))) -> 0 | T59: =IF($M59=0,0,IF(AND($M59>=$E$5,$M59<$E$6),$J$5,IF(AND($M59>=$E$6,$M59<$E$7),$J$6,IF(AND($M59>=$E$7,$M59<$E$8),$J$7,IF(AND($M59>=$E$8,$M59<$E$9),$J$8,IF(AND($M59>=$E$9,$M59<$E$10),$J$9,IF(AND($M59>=$E$10,$M59<$E$11),$J$10,IF(AND($M59>=$E$11,$M59<$E$12),$J$11,IF($M59>=$E$12,$J$12,"error"))))))))) -> 0 | U59: =IF($M59=0,0,IF(AND($M59>=$E$5,$M59<$E$6),$K$5,IF(AND($M59>=$E$6,$M59<$E$7),$K$6,IF(AND($M59>=$E$7,$M59<$E$8),$K$7,IF(AND($M59>=$E$8,$M59<$E$9),$K$8,IF(AND($M59>=$E$9,$M59<$E$10),$K$9,IF(AND($M59>=$E$10,$M59<$E$11),$K$10,IF(AND($M59>=$E$11,$M59<$E$12),$K$11,IF($M59>=$E$12,$K$12,"error"))))))))) -> 0 | V59: =P59+Q59*O59+R59*I59 -> 0 | W59: =S59+T59*O59+U59*I59 -> 0 | X59: =D59*V59*MAX(0,J59)/H59 -> 0 | Y59: =D59*(0.5*(1+COS($C$5))*(1-V59)+W59*SIN(ABS($C$5))) -> 0 | Z59: =X59+Y59 -> 0 | AA59: =IF(F59>0,F59*$B$7*(1-COS($C$5))/2,0) -> 0 | AB59: =L59+Z59+AA59 -> 0 | AC59: =L59+X59 -> 0
A60: -10.5 | B60: =A60*PI()/12 -> -2.7488936 | C60: =IF($B$52<>0,(PI()/24)*(COS($B60)-COS($B$52))/($B$52*COS($B$52)-SIN($B$52)),0) -> -0.20921533 | D60: =IF(C60>0,$B$53*C60,0) -> 0 | E60: =C60*($B$55+$B$56*COS(B60)) -> -0.019977507 | F60: =IF(C60>0,$B$54*E60,0) -> 0 | G60: =IF(AND(F60>0,F60>D60),F60-D60,0) -> 0 | H60: =SIN(RADIANS($B$51))*SIN(LAT)+COS(RADIANS($B$51))*COS(LAT)*COS(B60) -> -0.83335408 | I60: =ACOS(H60) -> 2.5559446 | J60: =SIN(RADIANS($B$51))*SIN(LAT)*COS($C$5)-SIN(RADIANS($B$51))*COS(LAT)*SIN($C$5)*COS($C$6)+COS(RADIANS($B$51))*COS(LAT)*COS($C$5)*COS(B60)+COS(RADIANS($B$51))*SIN(LAT)*SIN($C$5)*COS($C$6)*COS(B60)+COS(RADIANS($B$51))*SIN($C$6)*SIN(B60)*SIN($C$5) -> -0.72235092 | K60: =ACOS(J60) -> 2.3779922 | L60: =(G60/H60)*MAX(0,J60) -> 0 | M60: =IF(D60=0,0,1+G60/(D60*H60)) -> 0 | N60: =1/H60 -> -1.1999701 | O60: =D60*N60/1367 -> 0 | P60: =IF($M60=0,0,IF(AND($M60>=$E$5,$M60<$E$6),$F$5,IF(AND($M60>=$E$6,$M60<$E$7),$F$6,IF(AND($M60>=$E$7,$M60<$E$8),$F$7,IF(AND($M60>=$E$8,$M60<$E$9),$F$8,IF(AND($M60>=$E$9,$M60<$E$10),$F$9,IF(AND($M60>=$E$10,$M60<$E$11),$F$10,IF(AND($M60>=$E$11,$M60<$E$12),$F$11,IF($M60>=$E$12,$F$12,"error"))))))))) -> 0 | Q60: =IF($M60=0,0,IF(AND($M60>=$E$5,$M60<$E$6),$G$5,IF(AND($M60>=$E$6,$M60<$E$7),$G$6,IF(AND($M60>=$E$7,$M60<$E$8),$G$7,IF(AND($M60>=$E$8,$M60<$E$9),$G$8,IF(AND($M60>=$E$9,$M60<$E$10),$G$9,IF(AND($M60>=$E$10,$M60<$E$11),$G$10,IF(AND($M60>=$E$11,$M60<$E$12),$G$11,IF($M60>=$E$12,$G$12,"error"))))))))) -> 0 | R60: =IF($M60=0,0,IF(AND($M60>=$E$5,$M60<$E$6),$H$5,IF(AND($M60>=$E$6,$M60<$E$7),$H$6,IF(AND($M60>=$E$7,$M60<$E$8),$H$7,IF(AND($M60>=$E$8,$M60<$E$9),$H$8,IF(AND($M60>=$E$9,$M60<$E$10),$H$9,IF(AND($M60>=$E$10,$M60<$E$11),$H$10,IF(AND($M60>=$E$11,$M60<$E$12),$H$11,IF($M60>=$E$12,$H$12,"error"))))))))) -> 0 | S60: =IF($M60=0,0,IF(AND($M60>=$E$5,$M60<$E$6),$I$5,IF(AND($M60>=$E$6,$M60<$E$7),$I$6,IF(AND($M60>=$E$7,$M60<$E$8),$I$7,IF(AND($M60>=$E$8,$M60<$E$9),$I$8,IF(AND($M60>=$E$9,$M60<$E$10),$I$9,IF(AND($M60>=$E$10,$M60<$E$11),$I$10,IF(AND($M60>=$E$11,$M60<$E$12),$I$11,IF($M60>=$E$12,$I$12,"error"))))))))) -> 0 | T60: =IF($M60=0,0,IF(AND($M60>=$E$5,$M60<$E$6),$J$5,IF(AND($M60>=$E$6,$M60<$E$7),$J$6,IF(AND($M60>=$E$7,$M60<$E$8),$J$7,IF(AND($M60>=$E$8,$M60<$E$9),$J$8,IF(AND($M60>=$E$9,$M60<$E$10),$J$9,IF(AND($M60>=$E$10,$M60<$E$11),$J$10,IF(AND($M60>=$E$11,$M60<$E$12),$J$11,IF($M60>=$E$12,$J$12,"error"))))))))) -> 0 | U60: =IF($M60=0,0,IF(AND($M60>=$E$5,$M60<$E$6),$K$5,IF(AND($M60>=$E$6,$M60<$E$7),$K$6,IF(AND($M60>=$E$7,$M60<$E$8),$K$7,IF(AND($M60>=$E$8,$M60<$E$9),$K$8,IF(AND($M60>=$E$9,$M60<$E$10),$K$9,IF(AND($M60>=$E$10,$M60<$E$11),$K$10,IF(AND($M60>=$E$11,$M60<$E$12),$K$11,IF($M60>=$E$12,$K$12,"error"))))))))) -> 0 | V60: =P60+Q60*O60+R60*I60 -> 0 | W60: =S60+T60*O60+U60*I60 -> 0 | X60: =D60*V60*MAX(0,J60)/H60 -> 0 | Y60: =D60*(0.5*(1+COS($C$5))*(1-V60)+W60*SIN(ABS($C$5))) -> 0 | Z60: =X60+Y60 -> 0 | AA60: =IF(F60>0,F60*$B$7*(1-COS($C$5))/2,0) -> 0 | AB60: =L60+Z60+AA60 -> 0 | AC60: =L60+X60 -> 0
A61: -9.5 | B61: =A61*PI()/12 -> -2.4870942 | C61: =IF($B$52<>0,(PI()/24)*(COS($B61)-COS($B$52))/($B$52*COS($B$52)-SIN($B$52)),0) -> -0.18494685 | D61: =IF(C61>0,$B$53*C61,0) -> 0 | E61: =C61*($B$55+$B$56*COS(B61)) -> -0.029985402 | F61: =IF(C61>0,$B$54*E61,0) -> 0 | G61: =IF(AND(F61>0,F61>D61),F61-D61,0) -> 0 | H61: =SIN(RADIANS($B$51))*SIN(LAT)+COS(RADIANS($B$51))*COS(LAT)*COS(B61) -> -0.73668698 | I61: =ACOS(H61) -> 2.3989543 | J61: =SIN(RADIANS($B$51))*SIN(LAT)*COS($C$5)-SIN(RADIANS($B$51))*COS(LAT)*SIN($C$5)*COS($C$6)+COS(RADIANS($B$51))*COS(LAT)*COS($C$5)*COS(B61)+COS(RADIANS($B$51))*SIN(LAT)*SIN($C$5)*COS($C$6)*COS(B61)+COS(RADIANS($B$51))*SIN($C$6)*SIN(B61)*SIN($C$5) -> -0.60680363 | K61: =ACOS(J61) -> 2.2228294 | L61: =(G61/H61)*MAX(0,J61) -> 0 | M61: =IF(D61=0,0,1+G61/(D61*H61)) -> 0 | N61: =1/H61 -> -1.3574286 | O61: =D61*N61/1367 -> 0 | P61: =IF($M61=0,0,IF(AND($M61>=$E$5,$M61<$E$6),$F$5,IF(AND($M61>=$E$6,$M61<$E$7),$F$6,IF(AND($M61>=$E$7,$M61<$E$8),$F$7,IF(AND($M61>=$E$8,$M61<$E$9),$F$8,IF(AND($M61>=$E$9,$M61<$E$10),$F$9,IF(AND($M61>=$E$10,$M61<$E$11),$F$10,IF(AND($M61>=$E$11,$M61<$E$12),$F$11,IF($M61>=$E$12,$F$12,"error"))))))))) -> 0 | Q61: =IF($M61=0,0,IF(AND($M61>=$E$5,$M61<$E$6),$G$5,IF(AND($M61>=$E$6,$M61<$E$7),$G$6,IF(AND($M61>=$E$7,$M61<$E$8),$G$7,IF(AND($M61>=$E$8,$M61<$E$9),$G$8,IF(AND($M61>=$E$9,$M61<$E$10),$G$9,IF(AND($M61>=$E$10,$M61<$E$11),$G$10,IF(AND($M61>=$E$11,$M61<$E$12),$G$11,IF($M61>=$E$12,$G$12,"error"))))))))) -> 0 | R61: =IF($M61=0,0,IF(AND($M61>=$E$5,$M61<$E$6),$H$5,IF(AND($M61>=$E$6,$M61<$E$7),$H$6,IF(AND($M61>=$E$7,$M61<$E$8),$H$7,IF(AND($M61>=$E$8,$M61<$E$9),$H$8,IF(AND($M61>=$E$9,$M61<$E$10),$H$9,IF(AND($M61>=$E$10,$M61<$E$11),$H$10,IF(AND($M61>=$E$11,$M61<$E$12),$H$11,IF($M61>=$E$12,$H$12,"error"))))))))) -> 0 | S61: =IF($M61=0,0,IF(AND($M61>=$E$5,$M61<$E$6),$I$5,IF(AND($M61>=$E$6,$M61<$E$7),$I$6,IF(AND($M61>=$E$7,$M61<$E$8),$I$7,IF(AND($M61>=$E$8,$M61<$E$9),$I$8,IF(AND($M61>=$E$9,$M61<$E$10),$I$9,IF(AND($M61>=$E$10,$M61<$E$11),$I$10,IF(AND($M61>=$E$11,$M61<$E$12),$I$11,IF($M61>=$E$12,$I$12,"error"))))))))) -> 0 | T61: =IF($M61=0,0,IF(AND($M61>=$E$5,$M61<$E$6),$J$5,IF(AND($M61>=$E$6,$M61<$E$7),$J$6,IF(AND($M61>=$E$7,$M61<$E$8),$J$7,IF(AND($M61>=$E$8,$M61<$E$9),$J$8,IF(AND($M61>=$E$9,$M61<$E$10),$J$9,IF(AND($M61>=$E$10,$M61<$E$11),$J$10,IF(AND($M61>=$E$11,$M61<$E$12),$J$11,IF($M61>=$E$12,$J$12,"error"))))))))) -> 0 | U61: =IF($M61=0,0,IF(AND($M61>=$E$5,$M61<$E$6),$K$5,IF(AND($M61>=$E$6,$M61<$E$7),$K$6,IF(AND($M61>=$E$7,$M61<$E$8),$K$7,IF(AND($M61>=$E$8,$M61<$E$9),$K$8,IF(AND($M61>=$E$9,$M61<$E$10),$K$9,IF(AND($M61>=$E$10,$M61<$E$11),$K$10,IF(AND($M61>=$E$11,$M61<$E$12),$K$11,IF($M61>=$E$12,$K$12,"error"))))))))) -> 0 | V61: =P61+Q61*O61+R61*I61 -> 0 | W61: =S61+T61*O61+U61*I61 -> 0 | X61: =D61*V61*MAX(0,J61)/H61 -> 0 | Y61: =D61*(0.5*(1+COS($C$5))*(1-V61)+W61*SIN(ABS($C$5))) -> 0 | Z61: =X61+Y61 -> 0 | AA61: =IF(F61>0,F61*$B$7*(1-COS($C$5))/2,0) -> 0 | AB61: =L61+Z61+AA61 -> 0 | AC61: =L61+X61 -> 0
A62: -8.5 | B62: =A62*PI()/12 -> -2.2252948 | C62: =IF($B$52<>0,(PI()/24)*(COS($B62)-COS($B$52))/($B$52*COS($B$52)-SIN($B$52)),0) -> -0.15062603 | D62: =IF(C62>0,$B$53*C62,0) -> 0 | E62: =C62*($B$55+$B$56*COS(B62)) -> -0.03861689 | F62: =IF(C62>0,$B$54*E62,0) -> 0 | G62: =IF(AND(F62>0,F62>D62),F62-D62,0) -> 0 | H62: =SIN(RADIANS($B$51))*SIN(LAT)+COS(RADIANS($B$51))*COS(LAT)*COS(B62) -> -0.59997906 | I62: =ACOS(H62) -> 2.2142713 | J62: =SIN(RADIANS($B$51))*SIN(LAT)*COS($C$5)-SIN(RADIANS($B$51))*COS(LAT)*SIN($C$5)*COS($C$6)+COS(RADIANS($B$51))*COS(LAT)*COS($C$5)*COS(B62)+COS(RADIANS($B$51))*SIN(LAT)*SIN($C$5)*COS($C$6)*COS(B62)+COS(RADIANS($B$51))*SIN($C$6)*SIN(B62)*SIN($C$5) -> -0.44339509 | K62: =ACOS(J62) -> 2.0301793 | L62: =(G62/H62)*MAX(0,J62) -> 0 | M62: =IF(D62=0,0,1+G62/(D62*H62)) -> 0 | N62: =1/H62 -> -1.6667248 | O62: =D62*N62/1367 -> 0 | P62: =IF($M62=0,0,IF(AND($M62>=$E$5,$M62<$E$6),$F$5,IF(AND($M62>=$E$6,$M62<$E$7),$F$6,IF(AND($M62>=$E$7,$M62<$E$8),$F$7,IF(AND($M62>=$E$8,$M62<$E$9),$F$8,IF(AND($M62>=$E$9,$M62<$E$10),$F$9,IF(AND($M62>=$E$10,$M62<$E$11),$F$10,IF(AND($M62>=$E$11,$M62<$E$12),$F$11,IF($M62>=$E$12,$F$12,"error"))))))))) -> 0 | Q62: =IF($M62=0,0,IF(AND($M62>=$E$5,$M62<$E$6),$G$5,IF(AND($M62>=$E$6,$M62<$E$7),$G$6,IF(AND($M62>=$E$7,$M62<$E$8),$G$7,IF(AND($M62>=$E$8,$M62<$E$9),$G$8,IF(AND($M62>=$E$9,$M62<$E$10),$G$9,IF(AND($M62>=$E$10,$M62<$E$11),$G$10,IF(AND($M62>=$E$11,$M62<$E$12),$G$11,IF($M62>=$E$12,$G$12,"error"))))))))) -> 0 | R62: =IF($M62=0,0,IF(AND($M62>=$E$5,$M62<$E$6),$H$5,IF(AND($M62>=$E$6,$M62<$E$7),$H$6,IF(AND($M62>=$E$7,$M62<$E$8),$H$7,IF(AND($M62>=$E$8,$M62<$E$9),$H$8,IF(AND($M62>=$E$9,$M62<$E$10),$H$9,IF(AND($M62>=$E$10,$M62<$E$11),$H$10,IF(AND($M62>=$E$11,$M62<$E$12),$H$11,IF($M62>=$E$12,$H$12,"error"))))))))) -> 0 | S62: =IF($M62=0,0,IF(AND($M62>=$E$5,$M62<$E$6),$I$5,IF(AND($M62>=$E$6,$M62<$E$7),$I$6,IF(AND($M62>=$E$7,$M62<$E$8),$I$7,IF(AND($M62>=$E$8,$M62<$E$9),$I$8,IF(AND($M62>=$E$9,$M62<$E$10),$I$9,IF(AND($M62>=$E$10,$M62<$E$11),$I$10,IF(AND($M62>=$E$11,$M62<$E$12),$I$11,IF($M62>=$E$12,$I$12,"error"))))))))) -> 0 | T62: =IF($M62=0,0,IF(AND($M62>=$E$5,$M62<$E$6),$J$5,IF(AND($M62>=$E$6,$M62<$E$7),$J$6,IF(AND($M62>=$E$7,$M62<$E$8),$J$7,IF(AND($M62>=$E$8,$M62<$E$9),$J$8,IF(AND($M62>=$E$9,$M62<$E$10),$J$9,IF(AND($M62>=$E$10,$M62<$E$11),$J$10,IF(AND($M62>=$E$11,$M62<$E$12),$J$11,IF($M62>=$E$12,$J$12,"error"))))))))) -> 0 | U62: =IF($M62=0,0,IF(AND($M62>=$E$5,$M62<$E$6),$K$5,IF(AND($M62>=$E$6,$M62<$E$7),$K$6,IF(AND($M62>=$E$7,$M62<$E$8),$K$7,IF(AND($M62>=$E$8,$M62<$E$9),$K$8,IF(AND($M62>=$E$9,$M62<$E$10),$K$9,IF(AND($M62>=$E$10,$M62<$E$11),$K$10,IF(AND($M62>=$E$11,$M62<$E$12),$K$11,IF($M62>=$E$12,$K$12,"error"))))))))) -> 0 | V62: =P62+Q62*O62+R62*I62 -> 0 | W62: =S62+T62*O62+U62*I62 -> 0 | X62: =D62*V62*MAX(0,J62)/H62 -> 0 | Y62: =D62*(0.5*(1+COS($C$5))*(1-V62)+W62*SIN(ABS($C$5))) -> 0 | Z62: =X62+Y62 -> 0 | AA62: =IF(F62>0,F62*$B$7*(1-COS($C$5))/2,0) -> 0 | AB62: =L62+Z62+AA62 -> 0 | AC62: =L62+X62 -> 0
A63: -7.5 | B63: =A63*PI()/12 -> -1.9634954 | C63: =IF($B$52<>0,(PI()/24)*(COS($B63)-COS($B$52))/($B$52*COS($B$52)-SIN($B$52)),0) -> -0.10859179 | D63: =IF(C63>0,$B$53*C63,0) -> 0 | E63: =C63*($B$55+$B$56*COS(B63)) -> -0.040374792 | F63: =IF(C63>0,$B$54*E63,0) -> 0 | G63: =IF(AND(F63>0,F63>D63),F63-D63,0) -> 0 | H63: =SIN(RADIANS($B$51))*SIN(LAT)+COS(RADIANS($B$51))*COS(LAT)*COS(B63) -> -0.43254673 | I63: =ACOS(H63) -> 2.0181118 | J63: =SIN(RADIANS($B$51))*SIN(LAT)*COS($C$5)-SIN(RADIANS($B$51))*COS(LAT)*SIN($C$5)*COS($C$6)+COS(RADIANS($B$51))*COS(LAT)*COS($C$5)*COS(B63)+COS(RADIANS($B$51))*SIN(LAT)*SIN($C$5)*COS($C$6)*COS(B63)+COS(RADIANS($B$51))*SIN($C$6)*SIN(B63)*SIN($C$5) -> -0.24326132 | K63: =ACOS(J63) -> 1.8165231 | L63: =(G63/H63)*MAX(0,J63) -> 0 | M63: =IF(D63=0,0,1+G63/(D63*H63)) -> 0 | N63: =1/H63 -> -2.3118889 | O63: =D63*N63/1367 -> 0 | P63: =IF($M63=0,0,IF(AND($M63>=$E$5,$M63<$E$6),$F$5,IF(AND($M63>=$E$6,$M63<$E$7),$F$6,IF(AND($M63>=$E$7,$M63<$E$8),$F$7,IF(AND($M63>=$E$8,$M63<$E$9),$F$8,IF(AND($M63>=$E$9,$M63<$E$10),$F$9,IF(AND($M63>=$E$10,$M63<$E$11),$F$10,IF(AND($M63>=$E$11,$M63<$E$12),$F$11,IF($M63>=$E$12,$F$12,"error"))))))))) -> 0 | Q63: =IF($M63=0,0,IF(AND($M63>=$E$5,$M63<$E$6),$G$5,IF(AND($M63>=$E$6,$M63<$E$7),$G$6,IF(AND($M63>=$E$7,$M63<$E$8),$G$7,IF(AND($M63>=$E$8,$M63<$E$9),$G$8,IF(AND($M63>=$E$9,$M63<$E$10),$G$9,IF(AND($M63>=$E$10,$M63<$E$11),$G$10,IF(AND($M63>=$E$11,$M63<$E$12),$G$11,IF($M63>=$E$12,$G$12,"error"))))))))) -> 0 | R63: =IF($M63=0,0,IF(AND($M63>=$E$5,$M63<$E$6),$H$5,IF(AND($M63>=$E$6,$M63<$E$7),$H$6,IF(AND($M63>=$E$7,$M63<$E$8),$H$7,IF(AND($M63>=$E$8,$M63<$E$9),$H$8,IF(AND($M63>=$E$9,$M63<$E$10),$H$9,IF(AND($M63>=$E$10,$M63<$E$11),$H$10,IF(AND($M63>=$E$11,$M63<$E$12),$H$11,IF($M63>=$E$12,$H$12,"error"))))))))) -> 0 | S63: =IF($M63=0,0,IF(AND($M63>=$E$5,$M63<$E$6),$I$5,IF(AND($M63>=$E$6,$M63<$E$7),$I$6,IF(AND($M63>=$E$7,$M63<$E$8),$I$7,IF(AND($M63>=$E$8,$M63<$E$9),$I$8,IF(AND($M63>=$E$9,$M63<$E$10),$I$9,IF(AND($M63>=$E$10,$M63<$E$11),$I$10,IF(AND($M63>=$E$11,$M63<$E$12),$I$11,IF($M63>=$E$12,$I$12,"error"))))))))) -> 0 | T63: =IF($M63=0,0,IF(AND($M63>=$E$5,$M63<$E$6),$J$5,IF(AND($M63>=$E$6,$M63<$E$7),$J$6,IF(AND($M63>=$E$7,$M63<$E$8),$J$7,IF(AND($M63>=$E$8,$M63<$E$9),$J$8,IF(AND($M63>=$E$9,$M63<$E$10),$J$9,IF(AND($M63>=$E$10,$M63<$E$11),$J$10,IF(AND($M63>=$E$11,$M63<$E$12),$J$11,IF($M63>=$E$12,$J$12,"error"))))))))) -> 0 | U63: =IF($M63=0,0,IF(AND($M63>=$E$5,$M63<$E$6),$K$5,IF(AND($M63>=$E$6,$M63<$E$7),$K$6,IF(AND($M63>=$E$7,$M63<$E$8),$K$7,IF(AND($M63>=$E$8,$M63<$E$9),$K$8,IF(AND($M63>=$E$9,$M63<$E$10),$K$9,IF(AND($M63>=$E$10,$M63<$E$11),$K$10,IF(AND($M63>=$E$11,$M63<$E$12),$K$11,IF($M63>=$E$12,$K$12,"error"))))))))) -> 0 | V63: =P63+Q63*O63+R63*I63 -> 0 | W63: =S63+T63*O63+U63*I63 -> 0 | X63: =D63*V63*MAX(0,J63)/H63 -> 0 | Y63: =D63*(0.5*(1+COS($C$5))*(1-V63)+W63*SIN(ABS($C$5))) -> 0 | Z63: =X63+Y63 -> 0 | AA63: =IF(F63>0,F63*$B$7*(1-COS($C$5))/2,0) -> 0 | AB63: =L63+Z63+AA63 -> 0 | AC63: =L63+X63 -> 0
A64: -6.5 | B64: =A64*PI()/12 -> -1.701696 | C64: =IF($B$52<>0,(PI()/24)*(COS($B64)-COS($B$52))/($B$52*COS($B$52)-SIN($B$52)),0) -> -0.061708678 | D64: =IF(C64>0,$B$53*C64,0) -> 0 | E64: =C64*($B$55+$B$56*COS(B64)) -> -0.030888028 | F64: =IF(C64>0,$B$54*E64,0) -> 0 | G64: =IF(AND(F64>0,F64>D64),F64-D64,0) -> 0 | H64: =SIN(RADIANS($B$51))*SIN(LAT)+COS(RADIANS($B$51))*COS(LAT)*COS(B64) -> -0.24580024 | I64: =ACOS(H64) -> 1.8191415 | J64: =SIN(RADIANS($B$51))*SIN(LAT)*COS($C$5)-SIN(RADIANS($B$51))*COS(LAT)*SIN($C$5)*COS($C$6)+COS(RADIANS($B$51))*COS(LAT)*COS($C$5)*COS(B64)+COS(RADIANS($B$51))*SIN(LAT)*SIN($C$5)*COS($C$6)*COS(B64)+COS(RADIANS($B$51))*SIN($C$6)*SIN(B64)*SIN($C$5) -> -0.0200411 | K64: =ACOS(J64) -> 1.5908388 | L64: =(G64/H64)*MAX(0,J64) -> 0 | M64: =IF(D64=0,0,1+G64/(D64*H64)) -> 0 | N64: =1/H64 -> -4.0683443 | O64: =D64*N64/1367 -> 0 | P64: =IF($M64=0,0,IF(AND($M64>=$E$5,$M64<$E$6),$F$5,IF(AND($M64>=$E$6,$M64<$E$7),$F$6,IF(AND($M64>=$E$7,$M64<$E$8),$F$7,IF(AND($M64>=$E$8,$M64<$E$9),$F$8,IF(AND($M64>=$E$9,$M64<$E$10),$F$9,IF(AND($M64>=$E$10,$M64<$E$11),$F$10,IF(AND($M64>=$E$11,$M64<$E$12),$F$11,IF($M64>=$E$12,$F$12,"error"))))))))) -> 0 | Q64: =IF($M64=0,0,IF(AND($M64>=$E$5,$M64<$E$6),$G$5,IF(AND($M64>=$E$6,$M64<$E$7),$G$6,IF(AND($M64>=$E$7,$M64<$E$8),$G$7,IF(AND($M64>=$E$8,$M64<$E$9),$G$8,IF(AND($M64>=$E$9,$M64<$E$10),$G$9,IF(AND($M64>=$E$10,$M64<$E$11),$G$10,IF(AND($M64>=$E$11,$M64<$E$12),$G$11,IF($M64>=$E$12,$G$12,"error"))))))))) -> 0 | R64: =IF($M64=0,0,IF(AND($M64>=$E$5,$M64<$E$6),$H$5,IF(AND($M64>=$E$6,$M64<$E$7),$H$6,IF(AND($M64>=$E$7,$M64<$E$8),$H$7,IF(AND($M64>=$E$8,$M64<$E$9),$H$8,IF(AND($M64>=$E$9,$M64<$E$10),$H$9,IF(AND($M64>=$E$10,$M64<$E$11),$H$10,IF(AND($M64>=$E$11,$M64<$E$12),$H$11,IF($M64>=$E$12,$H$12,"error"))))))))) -> 0 | S64: =IF($M64=0,0,IF(AND($M64>=$E$5,$M64<$E$6),$I$5,IF(AND($M64>=$E$6,$M64<$E$7),$I$6,IF(AND($M64>=$E$7,$M64<$E$8),$I$7,IF(AND($M64>=$E$8,$M64<$E$9),$I$8,IF(AND($M64>=$E$9,$M64<$E$10),$I$9,IF(AND($M64>=$E$10,$M64<$E$11),$I$10,IF(AND($M64>=$E$11,$M64<$E$12),$I$11,IF($M64>=$E$12,$I$12,"error"))))))))) -> 0 | T64: =IF($M64=0,0,IF(AND($M64>=$E$5,$M64<$E$6),$J$5,IF(AND($M64>=$E$6,$M64<$E$7),$J$6,IF(AND($M64>=$E$7,$M64<$E$8),$J$7,IF(AND($M64>=$E$8,$M64<$E$9),$J$8,IF(AND($M64>=$E$9,$M64<$E$10),$J$9,IF(AND($M64>=$E$10,$M64<$E$11),$J$10,IF(AND($M64>=$E$11,$M64<$E$12),$J$11,IF($M64>=$E$12,$J$12,"error"))))))))) -> 0 | U64: =IF($M64=0,0,IF(AND($M64>=$E$5,$M64<$E$6),$K$5,IF(AND($M64>=$E$6,$M64<$E$7),$K$6,IF(AND($M64>=$E$7,$M64<$E$8),$K$7,IF(AND($M64>=$E$8,$M64<$E$9),$K$8,IF(AND($M64>=$E$9,$M64<$E$10),$K$9,IF(AND($M64>=$E$10,$M64<$E$11),$K$10,IF(AND($M64>=$E$11,$M64<$E$12),$K$11,IF($M64>=$E$12,$K$12,"error"))))))))) -> 0 | V64: =P64+Q64*O64+R64*I64 -> 0 | W64: =S64+T64*O64+U64*I64 -> 0 | X64: =D64*V64*MAX(0,J64)/H64 -> 0 | Y64: =D64*(0.5*(1+COS($C$5))*(1-V64)+W64*SIN(ABS($C$5))) -> 0 | Z64: =X64+Y64 -> 0 | AA64: =IF(F64>0,F64*$B$7*(1-COS($C$5))/2,0) -> 0 | AB64: =L64+Z64+AA64 -> 0 | AC64: =L64+X64 -> 0
A65: -5.5 | B65: =A65*PI()/12 -> -1.4398966 | C65: =IF($B$52<>0,(PI()/24)*(COS($B65)-COS($B$52))/($B$52*COS($B$52)-SIN($B$52)),0) -> -0.013171713 | D65: =IF(C65>0,$B$53*C65,0) -> 0 | E65: =C65*($B$55+$B$56*COS(B65)) -> -0.0083486274 | F65: =IF(C65>0,$B$54*E65,0) -> 0 | G65: =IF(AND(F65>0,F65>D65),F65-D65,0) -> 0 | H65: =SIN(RADIANS($B$51))*SIN(LAT)+COS(RADIANS($B$51))*COS(LAT)*COS(B65) -> -0.052466043 | I65: =ACOS(H65) -> 1.6232865 | J65: =SIN(RADIANS($B$51))*SIN(LAT)*COS($C$5)-SIN(RADIANS($B$51))*COS(LAT)*SIN($C$5)*COS($C$6)+COS(RADIANS($B$51))*COS(LAT)*COS($C$5)*COS(B65)+COS(RADIANS($B$51))*SIN(LAT)*SIN($C$5)*COS($C$6)*COS(B65)+COS(RADIANS($B$51))*SIN($C$6)*SIN(B65)*SIN($C$5) -> 0.21105348 | K65: =ACOS(J65) -> 1.3581437 | L65: =(G65/H65)*MAX(0,J65) -> 0 | M65: =IF(D65=0,0,1+G65/(D65*H65)) -> 0 | N65: =1/H65 -> -19.059947 | O65: =D65*N65/1367 -> 0 | P65: =IF($M65=0,0,IF(AND($M65>=$E$5,$M65<$E$6),$F$5,IF(AND($M65>=$E$6,$M65<$E$7),$F$6,IF(AND($M65>=$E$7,$M65<$E$8),$F$7,IF(AND($M65>=$E$8,$M65<$E$9),$F$8,IF(AND($M65>=$E$9,$M65<$E$10),$F$9,IF(AND($M65>=$E$10,$M65<$E$11),$F$10,IF(AND($M65>=$E$11,$M65<$E$12),$F$11,IF($M65>=$E$12,$F$12,"error"))))))))) -> 0 | Q65: =IF($M65=0,0,IF(AND($M65>=$E$5,$M65<$E$6),$G$5,IF(AND($M65>=$E$6,$M65<$E$7),$G$6,IF(AND($M65>=$E$7,$M65<$E$8),$G$7,IF(AND($M65>=$E$8,$M65<$E$9),$G$8,IF(AND($M65>=$E$9,$M65<$E$10),$G$9,IF(AND($M65>=$E$10,$M65<$E$11),$G$10,IF(AND($M65>=$E$11,$M65<$E$12),$G$11,IF($M65>=$E$12,$G$12,"error"))))))))) -> 0 | R65: =IF($M65=0,0,IF(AND($M65>=$E$5,$M65<$E$6),$H$5,IF(AND($M65>=$E$6,$M65<$E$7),$H$6,IF(AND($M65>=$E$7,$M65<$E$8),$H$7,IF(AND($M65>=$E$8,$M65<$E$9),$H$8,IF(AND($M65>=$E$9,$M65<$E$10),$H$9,IF(AND($M65>=$E$10,$M65<$E$11),$H$10,IF(AND($M65>=$E$11,$M65<$E$12),$H$11,IF($M65>=$E$12,$H$12,"error"))))))))) -> 0 | S65: =IF($M65=0,0,IF(AND($M65>=$E$5,$M65<$E$6),$I$5,IF(AND($M65>=$E$6,$M65<$E$7),$I$6,IF(AND($M65>=$E$7,$M65<$E$8),$I$7,IF(AND($M65>=$E$8,$M65<$E$9),$I$8,IF(AND($M65>=$E$9,$M65<$E$10),$I$9,IF(AND($M65>=$E$10,$M65<$E$11),$I$10,IF(AND($M65>=$E$11,$M65<$E$12),$I$11,IF($M65>=$E$12,$I$12,"error"))))))))) -> 0 | T65: =IF($M65=0,0,IF(AND($M65>=$E$5,$M65<$E$6),$J$5,IF(AND($M65>=$E$6,$M65<$E$7),$J$6,IF(AND($M65>=$E$7,$M65<$E$8),$J$7,IF(AND($M65>=$E$8,$M65<$E$9),$J$8,IF(AND($M65>=$E$9,$M65<$E$10),$J$9,IF(AND($M65>=$E$10,$M65<$E$11),$J$10,IF(AND($M65>=$E$11,$M65<$E$12),$J$11,IF($M65>=$E$12,$J$12,"error"))))))))) -> 0 | U65: =IF($M65=0,0,IF(AND($M65>=$E$5,$M65<$E$6),$K$5,IF(AND($M65>=$E$6,$M65<$E$7),$K$6,IF(AND($M65>=$E$7,$M65<$E$8),$K$7,IF(AND($M65>=$E$8,$M65<$E$9),$K$8,IF(AND($M65>=$E$9,$M65<$E$10),$K$9,IF(AND($M65>=$E$10,$M65<$E$11),$K$10,IF(AND($M65>=$E$11,$M65<$E$12),$K$11,IF($M65>=$E$12,$K$12,"error"))))))))) -> 0 | V65: =P65+Q65*O65+R65*I65 -> 0 | W65: =S65+T65*O65+U65*I65 -> 0 | X65: =D65*V65*MAX(0,J65)/H65 -> 0 | Y65: =D65*(0.5*(1+COS($C$5))*(1-V65)+W65*SIN(ABS($C$5))) -> 0 | Z65: =X65+Y65 -> 0 | AA65: =IF(F65>0,F65*$B$7*(1-COS($C$5))/2,0) -> 0 | AB65: =L65+Z65+AA65 -> 0 | AC65: =L65+X65 -> 0
A66: -4.5 | B66: =A66*PI()/12 -> -1.1780972 | C66: =IF($B$52<>0,(PI()/24)*(COS($B66)-COS($B$52))/($B$52*COS($B$52)-SIN($B$52)),0) -> 0.033711396 | D66: =IF(C66>0,$B$53*C66,0) -> 37.34098 | E66: =C66*($B$55+$B$56*COS(B66)) -> 0.025707387 | F66: =IF(C66>0,$B$54*E66,0) -> 83.549009 | G66: =IF(AND(F66>0,F66>D66),F66-D66,0) -> 46.208029 | H66: =SIN(RADIANS($B$51))*SIN(LAT)+COS(RADIANS($B$51))*COS(LAT)*COS(B66) -> 0.13428045 | I66: =ACOS(H66) -> 1.436109 | J66: =SIN(RADIANS($B$51))*SIN(LAT)*COS($C$5)-SIN(RADIANS($B$51))*COS(LAT)*SIN($C$5)*COS($C$6)+COS(RADIANS($B$51))*COS(LAT)*COS($C$5)*COS(B66)+COS(RADIANS($B$51))*SIN(LAT)*SIN($C$5)*COS($C$6)*COS(B66)+COS(RADIANS($B$51))*SIN($C$6)*SIN(B66)*SIN($C$5) -> 0.43427369 | K66: =ACOS(J66) -> 1.1215645 | L66: =(G66/H66)*MAX(0,J66) -> 149.44045 | M66: =IF(D66=0,0,1+G66/(D66*H66)) -> 10.215501 | N66: =1/H66 -> 7.4471004 | O66: =D66*N66/1367 -> 0.20342504 | P66: =IF($M66=0,0,IF(AND($M66>=$E$5,$M66<$E$6),$F$5,IF(AND($M66>=$E$6,$M66<$E$7),$F$6,IF(AND($M66>=$E$7,$M66<$E$8),$F$7,IF(AND($M66>=$E$8,$M66<$E$9),$F$8,IF(AND($M66>=$E$9,$M66<$E$10),$F$9,IF(AND($M66>=$E$10,$M66<$E$11),$F$10,IF(AND($M66>=$E$11,$M66<$E$12),$F$11,IF($M66>=$E$12,$F$12,"error"))))))))) -> 0.421 | Q66: =IF($M66=0,0,IF(AND($M66>=$E$5,$M66<$E$6),$G$5,IF(AND($M66>=$E$6,$M66<$E$7),$G$6,IF(AND($M66>=$E$7,$M66<$E$8),$G$7,IF(AND($M66>=$E$8,$M66<$E$9),$G$8,IF(AND($M66>=$E$9,$M66<$E$10),$G$9,IF(AND($M66>=$E$10,$M66<$E$11),$G$10,IF(AND($M66>=$E$11,$M66<$E$12),$G$11,IF($M66>=$E$12,$G$12,"error"))))))))) -> -0.661 | R66: =IF($M66=0,0,IF(AND($M66>=$E$5,$M66<$E$6),$H$5,IF(AND($M66>=$E$6,$M66<$E$7),$H$6,IF(AND($M66>=$E$7,$M66<$E$8),$H$7,IF(AND($M66>=$E$8,$M66<$E$9),$H$8,IF(AND($M66>=$E$9,$M66<$E$10),$H$9,IF(AND($M66>=$E$10,$M66<$E$11),$H$10,IF(AND($M66>=$E$11,$M66<$E$12),$H$11,IF($M66>=$E$12,$H$12,"error"))))))))) -> 0.097 | S66: =IF($M66=0,0,IF(AND($M66>=$E$5,$M66<$E$6),$I$5,IF(AND($M66>=$E$6,$M66<$E$7),$I$6,IF(AND($M66>=$E$7,$M66<$E$8),$I$7,IF(AND($M66>=$E$8,$M66<$E$9),$I$8,IF(AND($M66>=$E$9,$M66<$E$10),$I$9,IF(AND($M66>=$E$10,$M66<$E$11),$I$10,IF(AND($M66>=$E$11,$M66<$E$12),$I$11,IF($M66>=$E$12,$I$12,"error"))))))))) -> 0.119 | T66: =IF($M66=0,0,IF(AND($M66>=$E$5,$M66<$E$6),$J$5,IF(AND($M66>=$E$6,$M66<$E$7),$J$6,IF(AND($M66>=$E$7,$M66<$E$8),$J$7,IF(AND($M66>=$E$8,$M66<$E$9),$J$8,IF(AND($M66>=$E$9,$M66<$E$10),$J$9,IF(AND($M66>=$E$10,$M66<$E$11),$J$10,IF(AND($M66>=$E$11,$M66<$E$12),$J$11,IF($M66>=$E$12,$J$12,"error"))))))))) -> -2.125 | U66: =IF($M66=0,0,IF(AND($M66>=$E$5,$M66<$E$6),$K$5,IF(AND($M66>=$E$6,$M66<$E$7),$K$6,IF(AND($M66>=$E$7,$M66<$E$8),$K$7,IF(AND($M66>=$E$8,$M66<$E$9),$K$8,IF(AND($M66>=$E$9,$M66<$E$10),$K$9,IF(AND($M66>=$E$10,$M66<$E$11),$K$10,IF(AND($M66>=$E$11,$M66<$E$12),$K$11,IF($M66>=$E$12,$K$12,"error"))))))))) -> 0.446 | V66: =P66+Q66*O66+R66*I66 -> 0.42583863 | W66: =S66+T66*O66+U66*I66 -> 0.32722642 | X66: =D66*V66*MAX(0,J66)/H66 -> 51.425851 | Y66: =D66*(0.5*(1+COS($C$5))*(1-V66)+W66*SIN(ABS($C$5))) -> 26.324423 | Z66: =X66+Y66 -> 77.750274 | AA66: =IF(F66>0,F66*$B$7*(1-COS($C$5))/2,0) -> 4.8239672 | AB66: =L66+Z66+AA66 -> 232.0147 | AC66: =L66+X66 -> 200.86631
A67: -3.5 | B67: =A67*PI()/12 -> -0.91629786 | C67: =IF($B$52<>0,(PI()/24)*(COS($B67)-COS($B$52))/($B$52*COS($B$52)-SIN($B$52)),0) -> 0.075745641 | D67: =IF(C67>0,$B$53*C67,0) -> 83.9009 | E67: =C67*($B$55+$B$56*COS(B67)) -> 0.066504676 | F67: =IF(C67>0,$B$54*E67,0) -> 216.1402 | G67: =IF(AND(F67>0,F67>D67),F67-D67,0) -> 132.2393 | H67: =SIN(RADIANS($B$51))*SIN(LAT)+COS(RADIANS($B$51))*COS(LAT)*COS(B67) -> 0.30171278 | I67: =ACOS(H67) -> 1.2643077 | J67: =SIN(RADIANS($B$51))*SIN(LAT)*COS($C$5)-SIN(RADIANS($B$51))*COS(LAT)*SIN($C$5)*COS($C$6)+COS(RADIANS($B$51))*COS(LAT)*COS($C$5)*COS(B67)+COS(RADIANS($B$51))*SIN(LAT)*SIN($C$5)*COS($C$6)*COS(B67)+COS(RADIANS($B$51))*SIN($C$6)*SIN(B67)*SIN($C$5) -> 0.63440747 | K67: =ACOS(J67) -> 0.88355459 | L67: =(G67/H67)*MAX(0,J67) -> 278.05782 | M67: =IF(D67=0,0,1+G67/(D67*H67)) -> 6.2239645 | N67: =1/H67 -> 3.3144105 | O67: =D67*N67/1367 -> 0.20342504 | P67: =IF($M67=0,0,IF(AND($M67>=$E$5,$M67<$E$6),$F$5,IF(AND($M67>=$E$6,$M67<$E$7),$F$6,IF(AND($M67>=$E$7,$M67<$E$8),$F$7,IF(AND($M67>=$E$8,$M67<$E$9),$F$8,IF(AND($M67>=$E$9,$M67<$E$10),$F$9,IF(AND($M67>=$E$10,$M67<$E$11),$F$10,IF(AND($M67>=$E$11,$M67<$E$12),$F$11,IF($M67>=$E$12,$F$12,"error"))))))))) -> 0.734 | Q67: =IF($M67=0,0,IF(AND($M67>=$E$5,$M67<$E$6),$G$5,IF(AND($M67>=$E$6,$M67<$E$7),$G$6,IF(AND($M67>=$E$7,$M67<$E$8),$G$7,IF(AND($M67>=$E$8,$M67<$E$9),$G$8,IF(AND($M67>=$E$9,$M67<$E$10),$G$9,IF(AND($M67>=$E$10,$M67<$E$11),$G$10,IF(AND($M67>=$E$11,$M67<$E$12),$G$11,IF($M67>=$E$12,$G$12,"error"))))))))) -> -0.073 | R67: =IF($M67=0,0,IF(AND($M67>=$E$5,$M67<$E$6),$H$5,IF(AND($M67>=$E$6,$M67<$E$7),$H$6,IF(AND($M67>=$E$7,$M67<$E$8),$H$7,IF(AND($M67>=$E$8,$M67<$E$9),$H$8,IF(AND($M67>=$E$9,$M67<$E$10),$H$9,IF(AND($M67>=$E$10,$M67<$E$11),$H$10,IF(AND($M67>=$E$11,$M67<$E$12),$H$11,IF($M67>=$E$12,$H$12,"error"))))))))) -> -0.228 | S67: =IF($M67=0,0,IF(AND($M67>=$E$5,$M67<$E$6),$I$5,IF(AND($M67>=$E$6,$M67<$E$7),$I$6,IF(AND($M67>=$E$7,$M67<$E$8),$I$7,IF(AND($M67>=$E$8,$M67<$E$9),$I$8,IF(AND($M67>=$E$9,$M67<$E$10),$I$9,IF(AND($M67>=$E$10,$M67<$E$11),$I$10,IF(AND($M67>=$E$11,$M67<$E$12),$I$11,IF($M67>=$E$12,$I$12,"error"))))))))) -> 0.231 | T67: =IF($M67=0,0,IF(AND($M67>=$E$5,$M67<$E$6),$J$5,IF(AND($M67>=$E$6,$M67<$E$7),$J$6,IF(AND($M67>=$E$7,$M67<$E$8),$J$7,IF(AND($M67>=$E$8,$M67<$E$9),$J$8,IF(AND($M67>=$E$9,$M67<$E$10),$J$9,IF(AND($M67>=$E$10,$M67<$E$11),$J$10,IF(AND($M67>=$E$11,$M67<$E$12),$J$11,IF($M67>=$E$12,$J$12,"error"))))))))) -> -1.18 | U67: =IF($M67=0,0,IF(AND($M67>=$E$5,$M67<$E$6),$K$5,IF(AND($M67>=$E$6,$M67<$E$7),$K$6,IF(AND($M67>=$E$7,$M67<$E$8),$K$7,IF(AND($M67>=$E$8,$M67<$E$9),$K$8,IF(AND($M67>=$E$9,$M67<$E$10),$K$9,IF(AND($M67>=$E$10,$M67<$E$11),$K$10,IF(AND($M67>=$E$11,$M67<$E$12),$K$11,IF($M67>=$E$12,$K$12,"error"))))))))) -> 0.199 | V67: =P67+Q67*O67+R67*I67 -> 0.43088782 | W67: =S67+T67*O67+U67*I67 -> 0.24255569 | X67: =D67*V67*MAX(0,J67)/H67 -> 76.016071 | Y67: =D67*(0.5*(1+COS($C$5))*(1-V67)+W67*SIN(ABS($C$5))) -> 52.408261 | Z67: =X67+Y67 -> 128.42433 | AA67: =IF(F67>0,F67*$B$7*(1-COS($C$5))/2,0) -> 12.47954 | AB67: =L67+Z67+AA67 -> 418.9617 | AC67: =L67+X67 -> 354.0739
A68: -2.5 | B68: =A68*PI()/12 -> -0.65449847 | C68: =IF($B$52<>0,(PI()/24)*(COS($B68)-COS($B$52))/($B$52*COS($B$52)-SIN($B$52)),0) -> 0.11006646 | D68: =IF(C68>0,$B$53*C68,0) -> 121.91692 | E68: =C68*($B$55+$B$56*COS(B68)) -> 0.10701169 | F68: =IF(C68>0,$B$54*E68,0) -> 347.78799 | G68: =IF(AND(F68>0,F68>D68),F68-D68,0) -> 225.87108 | H68: =SIN(RADIANS($B$51))*SIN(LAT)+COS(RADIANS($B$51))*COS(LAT)*COS(B68) -> 0.4384207 | I68: =ACOS(H68) -> 1.1169556 | J68: =SIN(RADIANS($B$51))*SIN(LAT)*COS($C$5)-SIN(RADIANS($B$51))*COS(LAT)*SIN($C$5)*COS($C$6)+COS(RADIANS($B$51))*COS(LAT)*COS($C$5)*COS(B68)+COS(RADIANS($B$51))*SIN(LAT)*SIN($C$5)*COS($C$6)*COS(B68)+COS(RADIANS($B$51))*SIN($C$6)*SIN(B68)*SIN($C$5) -> 0.79781601 | K68: =ACOS(J68) -> 0.64713232 | L68: =(G68/H68)*MAX(0,J68) -> 411.02887 | M68: =IF(D68=0,0,1+G68/(D68*H68)) -> 5.2257676 | N68: =1/H68 -> 2.2809142 | O68: =D68*N68/1367 -> 0.20342504 | P68: =IF($M68=0,0,IF(AND($M68>=$E$5,$M68<$E$6),$F$5,IF(AND($M68>=$E$6,$M68<$E$7),$F$6,IF(AND($M68>=$E$7,$M68<$E$8),$F$7,IF(AND($M68>=$E$8,$M68<$E$9),$F$8,IF(AND($M68>=$E$9,$M68<$E$10),$F$9,IF(AND($M68>=$E$10,$M68<$E$11),$F$10,IF(AND($M68>=$E$11,$M68<$E$12),$F$11,IF($M68>=$E$12,$F$12,"error"))))))))) -> 0.857 | Q68: =IF($M68=0,0,IF(AND($M68>=$E$5,$M68<$E$6),$G$5,IF(AND($M68>=$E$6,$M68<$E$7),$G$6,IF(AND($M68>=$E$7,$M68<$E$8),$G$7,IF(AND($M68>=$E$8,$M68<$E$9),$G$8,IF(AND($M68>=$E$9,$M68<$E$10),$G$9,IF(AND($M68>=$E$10,$M68<$E$11),$G$10,IF(AND($M68>=$E$11,$M68<$E$12),$G$11,IF($M68>=$E$12,$G$12,"error"))))))))) -> -0.37 | R68: =IF($M68=0,0,IF(AND($M68>=$E$5,$M68<$E$6),$H$5,IF(AND($M68>=$E$6,$M68<$E$7),$H$6,IF(AND($M68>=$E$7,$M68<$E$8),$H$7,IF(AND($M68>=$E$8,$M68<$E$9),$H$8,IF(AND($M68>=$E$9,$M68<$E$10),$H$9,IF(AND($M68>=$E$10,$M68<$E$11),$H$10,IF(AND($M68>=$E$11,$M68<$E$12),$H$11,IF($M68>=$E$12,$H$12,"error"))))))))) -> -0.279 | S68: =IF($M68=0,0,IF(AND($M68>=$E$5,$M68<$E$6),$I$5,IF(AND($M68>=$E$6,$M68<$E$7),$I$6,IF(AND($M68>=$E$7,$M68<$E$8),$I$7,IF(AND($M68>=$E$8,$M68<$E$9),$I$8,IF(AND($M68>=$E$9,$M68<$E$10),$I$9,IF(AND($M68>=$E$10,$M68<$E$11),$I$10,IF(AND($M68>=$E$11,$M68<$E$12),$I$11,IF($M68>=$E$12,$I$12,"error"))))))))) -> 0.267 | T68: =IF($M68=0,0,IF(AND($M68>=$E$5,$M68<$E$6),$J$5,IF(AND($M68>=$E$6,$M68<$E$7),$J$6,IF(AND($M68>=$E$7,$M68<$E$8),$J$7,IF(AND($M68>=$E$8,$M68<$E$9),$J$8,IF(AND($M68>=$E$9,$M68<$E$10),$J$9,IF(AND($M68>=$E$10,$M68<$E$11),$J$10,IF(AND($M68>=$E$11,$M68<$E$12),$J$11,IF($M68>=$E$12,$J$12,"error"))))))))) -> -0.792 | U68: =IF($M68=0,0,IF(AND($M68>=$E$5,$M68<$E$6),$K$5,IF(AND($M68>=$E$6,$M68<$E$7),$K$6,IF(AND($M68>=$E$7,$M68<$E$8),$K$7,IF(AND($M68>=$E$8,$M68<$E$9),$K$8,IF(AND($M68>=$E$9,$M68<$E$10),$K$9,IF(AND($M68>=$E$10,$M68<$E$11),$K$10,IF(AND($M68>=$E$11,$M68<$E$12),$K$11,IF($M68>=$E$12,$K$12,"error"))))))))) -> 0.076 | V68: =P68+Q68*O68+R68*I68 -> 0.47010213 | W68: =S68+T68*O68+U68*I68 -> 0.190776 | X68: =D68*V68*MAX(0,J68)/H68 -> 104.29605 | Y68: =D68*(0.5*(1+COS($C$5))*(1-V68)+W68*SIN(ABS($C$5))) -> 67.03272 | Z68: =X68+Y68 -> 171.32877 | AA68: =IF(F68>0,F68*$B$7*(1-COS($C$5))/2,0) -> 20.080644 | AB68: =L68+Z68+AA68 -> 602.43828 | AC68: =L68+X68 -> 515.32492
A69: -1.5 | B69: =A69*PI()/12 -> -0.39269908 | C69: =IF($B$52<>0,(PI()/24)*(COS($B69)-COS($B$52))/($B$52*COS($B$52)-SIN($B$52)),0) -> 0.13433494 | D69: =IF(C69>0,$B$53*C69,0) -> 148.7983 | E69: =C69*($B$55+$B$56*COS(B69)) -> 0.13955899 | F69: =IF(C69>0,$B$54*E69,0) -> 453.56671 | G69: =IF(AND(F69>0,F69>D69),F69-D69,0) -> 304.76841 | H69: =SIN(RADIANS($B$51))*SIN(LAT)+COS(RADIANS($B$51))*COS(LAT)*COS(B69) -> 0.5350878 | I69: =ACOS(H69) -> 1.0061847 | J69: =SIN(RADIANS($B$51))*SIN(LAT)*COS($C$5)-SIN(RADIANS($B$51))*COS(LAT)*SIN($C$5)*COS($C$6)+COS(RADIANS($B$51))*COS(LAT)*COS($C$5)*COS(B69)+COS(RADIANS($B$51))*SIN(LAT)*SIN($C$5)*COS($C$6)*COS(B69)+COS(RADIANS($B$51))*SIN($C$6)*SIN(B69)*SIN($C$5) -> 0.91336329 | K69: =ACOS(J69) -> 0.41932666 | L69: =(G69/H69)*MAX(0,J69) -> 520.22169 | M69: =IF(D69=0,0,1+G69/(D69*H69)) -> 4.8277797 | N69: =1/H69 -> 1.8688522 | O69: =D69*N69/1367 -> 0.20342504 | P69: =IF($M69=0,0,IF(AND($M69>=$E$5,$M69<$E$6),$F$5,IF(AND($M69>=$E$6,$M69<$E$7),$F$6,IF(AND($M69>=$E$7,$M69<$E$8),$F$7,IF(AND($M69>=$E$8,$M69<$E$9),$F$8,IF(AND($M69>=$E$9,$M69<$E$10),$F$9,IF(AND($M69>=$E$10,$M69<$E$11),$F$10,IF(AND($M69>=$E$11,$M69<$E$12),$F$11,IF($M69>=$E$12,$F$12,"error"))))))))) -> 0.857 | Q69: =IF($M69=0,0,IF(AND($M69>=$E$5,$M69<$E$6),$G$5,IF(AND($M69>=$E$6,$M69<$E$7),$G$6,IF(AND($M69>=$E$7,$M69<$E$8),$G$7,IF(AND($M69>=$E$8,$M69<$E$9),$G$8,IF(AND($M69>=$E$9,$M69<$E$10),$G$9,IF(AND($M69>=$E$10,$M69<$E$11),$G$10,IF(AND($M69>=$E$11,$M69<$E$12),$G$11,IF($M69>=$E$12,$G$12,"error"))))))))) -> -0.37 | R69: =IF($M69=0,0,IF(AND($M69>=$E$5,$M69<$E$6),$H$5,IF(AND($M69>=$E$6,$M69<$E$7),$H$6,IF(AND($M69>=$E$7,$M69<$E$8),$H$7,IF(AND($M69>=$E$8,$M69<$E$9),$H$8,IF(AND($M69>=$E$9,$M69<$E$10),$H$9,IF(AND($M69>=$E$10,$M69<$E$11),$H$10,IF(AND($M69>=$E$11,$M69<$E$12),$H$11,IF($M69>=$E$12,$H$12,"error"))))))))) -> -0.279 | S69: =IF($M69=0,0,IF(AND($M69>=$E$5,$M69<$E$6),$I$5,IF(AND($M69>=$E$6,$M69<$E$7),$I$6,IF(AND($M69>=$E$7,$M69<$E$8),$I$7,IF(AND($M69>=$E$8,$M69<$E$9),$I$8,IF(AND($M69>=$E$9,$M69<$E$10),$I$9,IF(AND($M69>=$E$10,$M69<$E$11),$I$10,IF(AND($M69>=$E$11,$M69<$E$12),$I$11,IF($M69>=$E$12,$I$12,"error"))))))))) -> 0.267 | T69: =IF($M69=0,0,IF(AND($M69>=$E$5,$M69<$E$6),$J$5,IF(AND($M69>=$E$6,$M69<$E$7),$J$6,IF(AND($M69>=$E$7,$M69<$E$8),$J$7,IF(AND($M69>=$E$8,$M69<$E$9),$J$8,IF(AND($M69>=$E$9,$M69<$E$10),$J$9,IF(AND($M69>=$E$10,$M69<$E$11),$J$10,IF(AND($M69>=$E$11,$M69<$E$12),$J$11,IF($M69>=$E$12,$J$12,"error"))))))))) -> -0.792 | U69: =IF($M69=0,0,IF(AND($M69>=$E$5,$M69<$E$6),$K$5,IF(AND($M69>=$E$6,$M69<$E$7),$K$6,IF(AND($M69>=$E$7,$M69<$E$8),$K$7,IF(AND($M69>=$E$8,$M69<$E$9),$K$8,IF(AND($M69>=$E$9,$M69<$E$10),$K$9,IF(AND($M69>=$E$10,$M69<$E$11),$K$10,IF(AND($M69>=$E$11,$M69<$E$12),$K$11,IF($M69>=$E$12,$K$12,"error"))))))))) -> 0.076 | V69: =P69+Q69*O69+R69*I69 -> 0.50100722 | W69: =S69+T69*O69+U69*I69 -> 0.18235741 | X69: =D69*V69*MAX(0,J69)/H69 -> 127.25078 | Y69: =D69*(0.5*(1+COS($C$5))*(1-V69)+W69*SIN(ABS($C$5))) -> 77.406371 | Z69: =X69+Y69 -> 204.65715 | AA69: =IF(F69>0,F69*$B$7*(1-COS($C$5))/2,0) -> 26.188113 | AB69: =L69+Z69+AA69 -> 751.06695 | AC69: =L69+X69 -> 647.47247
A70: -0.5 | B70: =A70*PI()/12 -> -0.13089969 | C70: =IF($B$52<>0,(PI()/24)*(COS($B70)-COS($B$52))/($B$52*COS($B$52)-SIN($B$52)),0) -> 0.14689723 | D70: =IF(C70>0,$B$53*C70,0) -> 162.71312 | E70: =C70*($B$55+$B$56*COS(B70)) -> 0.15767724 | F70: =IF(C70>0,$B$54*E70,0) -> 512.45102 | G70: =IF(AND(F70>0,F70>D70),F70-D70,0) -> 349.7379 | H70: =SIN(RADIANS($B$51))*SIN(LAT)+COS(RADIANS($B$51))*COS(LAT)*COS(B70) -> 0.58512637 | I70: =ACOS(H70) -> 0.94576045 | J70: =SIN(RADIANS($B$51))*SIN(LAT)*COS($C$5)-SIN(RADIANS($B$51))*COS(LAT)*SIN($C$5)*COS($C$6)+COS(RADIANS($B$51))*COS(LAT)*COS($C$5)*COS(B70)+COS(RADIANS($B$51))*SIN(LAT)*SIN($C$5)*COS($C$6)*COS(B70)+COS(RADIANS($B$51))*SIN($C$6)*SIN(B70)*SIN($C$5) -> 0.97317497 | K70: =ACOS(J70) -> 0.23214575 | L70: =(G70/H70)*MAX(0,J70) -> 581.67977 | M70: =IF(D70=0,0,1+G70/(D70*H70)) -> 4.6734188 | N70: =1/H70 -> 1.7090325 | O70: =D70*N70/1367 -> 0.20342504 | P70: =IF($M70=0,0,IF(AND($M70>=$E$5,$M70<$E$6),$F$5,IF(AND($M70>=$E$6,$M70<$E$7),$F$6,IF(AND($M70>=$E$7,$M70<$E$8),$F$7,IF(AND($M70>=$E$8,$M70<$E$9),$F$8,IF(AND($M70>=$E$9,$M70<$E$10),$F$9,IF(AND($M70>=$E$10,$M70<$E$11),$F$10,IF(AND($M70>=$E$11,$M70<$E$12),$F$11,IF($M70>=$E$12,$F$12,"error"))))))))) -> 0.857 | Q70: =IF($M70=0,0,IF(AND($M70>=$E$5,$M70<$E$6),$G$5,IF(AND($M70>=$E$6,$M70<$E$7),$G$6,IF(AND($M70>=$E$7,$M70<$E$8),$G$7,IF(AND($M70>=$E$8,$M70<$E$9),$G$8,IF(AND($M70>=$E$9,$M70<$E$10),$G$9,IF(AND($M70>=$E$10,$M70<$E$11),$G$10,IF(AND($M70>=$E$11,$M70<$E$12),$G$11,IF($M70>=$E$12,$G$12,"error"))))))))) -> -0.37 | R70: =IF($M70=0,0,IF(AND($M70>=$E$5,$M70<$E$6),$H$5,IF(AND($M70>=$E$6,$M70<$E$7),$H$6,IF(AND($M70>=$E$7,$M70<$E$8),$H$7,IF(AND($M70>=$E$8,$M70<$E$9),$H$8,IF(AND($M70>=$E$9,$M70<$E$10),$H$9,IF(AND($M70>=$E$10,$M70<$E$11),$H$10,IF(AND($M70>=$E$11,$M70<$E$12),$H$11,IF($M70>=$E$12,$H$12,"error"))))))))) -> -0.279 | S70: =IF($M70=0,0,IF(AND($M70>=$E$5,$M70<$E$6),$I$5,IF(AND($M70>=$E$6,$M70<$E$7),$I$6,IF(AND($M70>=$E$7,$M70<$E$8),$I$7,IF(AND($M70>=$E$8,$M70<$E$9),$I$8,IF(AND($M70>=$E$9,$M70<$E$10),$I$9,IF(AND($M70>=$E$10,$M70<$E$11),$I$10,IF(AND($M70>=$E$11,$M70<$E$12),$I$11,IF($M70>=$E$12,$I$12,"error"))))))))) -> 0.267 | T70: =IF($M70=0,0,IF(AND($M70>=$E$5,$M70<$E$6),$J$5,IF(AND($M70>=$E$6,$M70<$E$7),$J$6,IF(AND($M70>=$E$7,$M70<$E$8),$J$7,IF(AND($M70>=$E$8,$M70<$E$9),$J$8,IF(AND($M70>=$E$9,$M70<$E$10),$J$9,IF(AND($M70>=$E$10,$M70<$E$11),$J$10,IF(AND($M70>=$E$11,$M70<$E$12),$J$11,IF($M70>=$E$12,$J$12,"error"))))))))) -> -0.792 | U70: =IF($M70=0,0,IF(AND($M70>=$E$5,$M70<$E$6),$K$5,IF(AND($M70>=$E$6,$M70<$E$7),$K$6,IF(AND($M70>=$E$7,$M70<$E$8),$K$7,IF(AND($M70>=$E$8,$M70<$E$9),$K$8,IF(AND($M70>=$E$9,$M70<$E$10),$K$9,IF(AND($M70>=$E$10,$M70<$E$11),$K$10,IF(AND($M70>=$E$11,$M70<$E$12),$K$11,IF($M70>=$E$12,$K$12,"error"))))))))) -> 0.076 | V70: =P70+Q70*O70+R70*I70 -> 0.51786557 | W70: =S70+T70*O70+U70*I70 -> 0.17776517 | X70: =D70*V70*MAX(0,J70)/H70 -> 140.14606 | Y70: =D70*(0.5*(1+COS($C$5))*(1-V70)+W70*SIN(ABS($C$5))) -> 82.01662 | Z70: =X70+Y70 -> 222.16268 | AA70: =IF(F70>0,F70*$B$7*(1-COS($C$5))/2,0) -> 29.587986 | AB70: =L70+Z70+AA70 -> 833.43043 | AC70: =L70+X70 -> 721.82582
... A82: 11.5 | B82: =A82*PI()/12 -> 3.010693 | C82: =IF($B$52<>0,(PI()/24)*(COS($B82)-COS($B$52))/($B$52*COS($B$52)-SIN($B$52)),0) -> -0.22177762 | D82: =IF(C82>0,$B$53*C82,0) -> 0 | E82: =C82*($B$55+$B$56*COS(B82)) -> -0.013526507 | F82: =IF(C82>0,$B$54*E82,0) -> 0 | G82: =IF(AND(F82>0,F82>D82),F82-D82,0) -> 0 | H82: =SIN(RADIANS($B$51))*SIN(LAT)+COS(RADIANS($B$51))*COS(LAT)*COS(B82) -> -0.88339265 | I82: =ACOS(H82) -> 2.6538493 | J82: =SIN(RADIANS($B$51))*SIN(LAT)*COS($C$5)-SIN(RADIANS($B$51))*COS(LAT)*SIN($C$5)*COS($C$6)+COS(RADIANS($B$51))*COS(LAT)*COS($C$5)*COS(B82)+COS(RADIANS($B$51))*SIN(LAT)*SIN($C$5)*COS($C$6)*COS(B82)+COS(RADIANS($B$51))*SIN($C$6)*SIN(B82)*SIN($C$5) -> -0.7821626 | K82: =ACOS(J82) -> 2.4689255 | L82: =(G82/H82)*MAX(0,J82) -> 0 | M82: =IF(D82=0,0,1+G82/(D82*H82)) -> 0 | N82: =1/H82 -> -1.1319995 | O82: =D82*N82/1367 -> 0 | P82: =IF($M82=0,0,IF(AND($M82>=$E$5,$M82<$E$6),$F$5,IF(AND($M82>=$E$6,$M82<$E$7),$F$6,IF(AND($M82>=$E$7,$M82<$E$8),$F$7,IF(AND($M82>=$E$8,$M82<$E$9),$F$8,IF(AND($M82>=$E$9,$M82<$E$10),$F$9,IF(AND($M82>=$E$10,$M82<$E$11),$F$10,IF(AND($M82>=$E$11,$M82<$E$12),$F$11,IF($M82>=$E$12,$F$12,"error"))))))))) -> 0 | Q82: =IF($M82=0,0,IF(AND($M82>=$E$5,$M82<$E$6),$G$5,IF(AND($M82>=$E$6,$M82<$E$7),$G$6,IF(AND($M82>=$E$7,$M82<$E$8),$G$7,IF(AND($M82>=$E$8,$M82<$E$9),$G$8,IF(AND($M82>=$E$9,$M82<$E$10),$G$9,IF(AND($M82>=$E$10,$M82<$E$11),$G$10,IF(AND($M82>=$E$11,$M82<$E$12),$G$11,IF($M82>=$E$12,$G$12,"error"))))))))) -> 0 | R82: =IF($M82=0,0,IF(AND($M82>=$E$5,$M82<$E$6),$H$5,IF(AND($M82>=$E$6,$M82<$E$7),$H$6,IF(AND($M82>=$E$7,$M82<$E$8),$H$7,IF(AND($M82>=$E$8,$M82<$E$9),$H$8,IF(AND($M82>=$E$9,$M82<$E$10),$H$9,IF(AND($M82>=$E$10,$M82<$E$11),$H$10,IF(AND($M82>=$E$11,$M82<$E$12),$H$11,IF($M82>=$E$12,$H$12,"error"))))))))) -> 0 | S82: =IF($M82=0,0,IF(AND($M82>=$E$5,$M82<$E$6),$I$5,IF(AND($M82>=$E$6,$M82<$E$7),$I$6,IF(AND($M82>=$E$7,$M82<$E$8),$I$7,IF(AND($M82>=$E$8,$M82<$E$9),$I$8,IF(AND($M82>=$E$9,$M82<$E$10),$I$9,IF(AND($M82>=$E$10,$M82<$E$11),$I$10,IF(AND($M82>=$E$11,$M82<$E$12),$I$11,IF($M82>=$E$12,$I$12,"error"))))))))) -> 0 | T82: =IF($M82=0,0,IF(AND($M82>=$E$5,$M82<$E$6),$J$5,IF(AND($M82>=$E$6,$M82<$E$7),$J$6,IF(AND($M82>=$E$7,$M82<$E$8),$J$7,IF(AND($M82>=$E$8,$M82<$E$9),$J$8,IF(AND($M82>=$E$9,$M82<$E$10),$J$9,IF(AND($M82>=$E$10,$M82<$E$11),$J$10,IF(AND($M82>=$E$11,$M82<$E$12),$J$11,IF($M82>=$E$12,$J$12,"error"))))))))) -> 0 | U82: =IF($M82=0,0,IF(AND($M82>=$E$5,$M82<$E$6),$K$5,IF(AND($M82>=$E$6,$M82<$E$7),$K$6,IF(AND($M82>=$E$7,$M82<$E$8),$K$7,IF(AND($M82>=$E$8,$M82<$E$9),$K$8,IF(AND($M82>=$E$9,$M82<$E$10),$K$9,IF(AND($M82>=$E$10,$M82<$E$11),$K$10,IF(AND($M82>=$E$11,$M82<$E$12),$K$11,IF($M82>=$E$12,$K$12,"error"))))))))) -> 0 | V82: =P82+Q82*O82+R82*I82 -> 0 | W82: =S82+T82*O82+U82*I82 -> 0 | X82: =D82*V82*MAX(0,J82)/H82 -> 0 | Y82: =D82*(0.5*(1+COS($C$5))*(1-V82)+W82*SIN(ABS($C$5))) -> 0 | Z82: =X82+Y82 -> 0 | AA82: =IF(F82>0,F82*$B$7*(1-COS($C$5))/2,0) -> 0 | AB82: =L82+Z82+AA82 -> 0 | AC82: =L82+X82 -> 0
D83: =SUM(D59:D82) -> 1109.3404 | F83: =SUM(F59:F82) -> 3226.9899 | G83: =SUM(G59:G82) -> 2117.6494 | L83: =SUM(L59:L82) -> 3880.8572 | Z83: =SUM(Z59:Z82) -> 1608.6464 | AA83: =SUM(AA59:AA82) -> 186.3205 | AB83: =SUM(AB59:AB82) -> 5675.8241 | AC83: =SUM(AC59:AC82) -> 4879.1268
A85: MES: | B85: =Gdm!A16 -> 3
A86: Epsilon_0 = | B86: =Gdm!C16 -> 1.0091112
A87: Declinación (º)= | B87: =Gdm!D16 -> -2.4177348
A88: Ws (rad)= | B88: =Gdm!H16 -> -1.5347908 | C88: Ws (º): | D88: =B88*180/PI() -> -87.937036
A89: Ddm(0) (Wh/m2) = | B89: =Gdm!N16 -> 1419.9148 | C89: Ws (h): | D89: =D88/15 -> -5.862469
A90: Gdm(0) (Wh/m2) = | B90: =Gdm!K16 -> 4650
A91: a= | B91: =0.409-0.5016*SIN(B88+PI()/3) -> 0.64400009
A92: b= | B92: =0.6609+0.4767*SIN(B88+PI()/3) -> 0.43756558
Z93: D=Dc+Di+bh
A94: w (h) | B94: w (rad) | C94: rd | D94: D(0) | E94: rg | F94: G(0) | G94: B(0) | H94: Cos(qZS) | I94: qZS (rad) | J94: Cos(qS) | K94: qS (rad) | L94: B(a,b) | M94: epsilon | N94: AM | O94: delta | P94: k31 | Q94: k32 | R94: k33 | S94: k41 | T94: k42 | U94: k43 | V94: k3 | W94: k4 | X94: Dc(a,b) | Y94: Di+bh (a,b) | Z94: D(a,b) | AA94: R(a,b) | AB94: G(a,b)=Ghm(a,b) | AC94: B(a,b)+Dc(a,b)
A95: -11.5 | B95: =A95*PI()/12 -> -3.010693 | C95: =IF($B$88<>0,(PI()/24)*(COS($B95)-COS($B$88))/($B$88*COS($B$88)-SIN($B$88)),0) -> -0.14245473 | D95: =IF(C95>0,$B$89*C95,0) -> 0 | E95: =C95*($B$91+$B$92*COS(B95)) -> -0.029940842 | F95: =IF(C95>0,$B$90*E95,0) -> 0 | G95: =IF(AND(F95>0,F95>D95),F95-D95,0) -> 0 | H95: =SIN(RADIANS($B$87))*SIN(LAT)+COS(RADIANS($B$87))*COS(LAT)*COS(B95) -> -0.7811595 | I95: =ACOS(H95) -> 2.4673172 | J95: =SIN(RADIANS($B$87))*SIN(LAT)*COS($C$5)-SIN(RADIANS($B$87))*COS(LAT)*SIN($C$5)*COS($C$6)+COS(RADIANS($B$87))*COS(LAT)*COS($C$5)*COS(B95)+COS(RADIANS($B$87))*SIN(LAT)*SIN($C$5)*COS($C$6)*COS(B95)+COS(RADIANS($B$87))*SIN($C$6)*SIN(B95)*SIN($C$5) -> -0.88348722 | K95: =ACOS(J95) -> 2.6540511 | L95: =(G95/H95)*MAX(0,J95) -> 0 | M95: =IF(D95=0,0,1+G95/(D95*H95)) -> 0 | N95: =1/H95 -> -1.2801483 | O95: =D95*N95/1367 -> 0 | P95: =IF($M95=0,0,IF(AND($M95>=$E$5,$M95<$E$6),$F$5,IF(AND($M95>=$E$6,$M95<$E$7),$F$6,IF(AND($M95>=$E$7,$M95<$E$8),$F$7,IF(AND($M95>=$E$8,$M95<$E$9),$F$8,IF(AND($M95>=$E$9,$M95<$E$10),$F$9,IF(AND($M95>=$E$10,$M95<$E$11),$F$10,IF(AND($M95>=$E$11,$M95<$E$12),$F$11,IF($M95>=$E$12,$F$12,"error"))))))))) -> 0 | Q95: =IF($M95=0,0,IF(AND($M95>=$E$5,$M95<$E$6),$G$5,IF(AND($M95>=$E$6,$M95<$E$7),$G$6,IF(AND($M95>=$E$7,$M95<$E$8),$G$7,IF(AND($M95>=$E$8,$M95<$E$9),$G$8,IF(AND($M95>=$E$9,$M95<$E$10),$G$9,IF(AND($M95>=$E$10,$M95<$E$11),$G$10,IF(AND($M95>=$E$11,$M95<$E$12),$G$11,IF($M95>=$E$12,$G$12,"error"))))))))) -> 0 | R95: =IF($M95=0,0,IF(AND($M95>=$E$5,$M95<$E$6),$H$5,IF(AND($M95>=$E$6,$M95<$E$7),$H$6,IF(AND($M95>=$E$7,$M95<$E$8),$H$7,IF(AND($M95>=$E$8,$M95<$E$9),$H$8,IF(AND($M95>=$E$9,$M95<$E$10),$H$9,IF(AND($M95>=$E$10,$M95<$E$11),$H$10,IF(AND($M95>=$E$11,$M95<$E$12),$H$11,IF($M95>=$E$12,$H$12,"error"))))))))) -> 0 | S95: =IF($M95=0,0,IF(AND($M95>=$E$5,$M95<$E$6),$I$5,IF(AND($M95>=$E$6,$M95<$E$7),$I$6,IF(AND($M95>=$E$7,$M95<$E$8),$I$7,IF(AND($M95>=$E$8,$M95<$E$9),$I$8,IF(AND($M95>=$E$9,$M95<$E$10),$I$9,IF(AND($M95>=$E$10,$M95<$E$11),$I$10,IF(AND($M95>=$E$11,$M95<$E$12),$I$11,IF($M95>=$E$12,$I$12,"error"))))))))) -> 0 | T95: =IF($M95=0,0,IF(AND($M95>=$E$5,$M95<$E$6),$J$5,IF(AND($M95>=$E$6,$M95<$E$7),$J$6,IF(AND($M95>=$E$7,$M95<$E$8),$J$7,IF(AND($M95>=$E$8,$M95<$E$9),$J$8,IF(AND($M95>=$E$9,$M95<$E$10),$J$9,IF(AND($M95>=$E$10,$M95<$E$11),$J$10,IF(AND($M95>=$E$11,$M95<$E$12),$J$11,IF($M95>=$E$12,$J$12,"error"))))))))) -> 0 | U95: =IF($M95=0,0,IF(AND($M95>=$E$5,$M95<$E$6),$K$5,IF(AND($M95>=$E$6,$M95<$E$7),$K$6,IF(AND($M95>=$E$7,$M95<$E$8),$K$7,IF(AND($M95>=$E$8,$M95<$E$9),$K$8,IF(AND($M95>=$E$9,$M95<$E$10),$K$9,IF(AND($M95>=$E$10,$M95<$E$11),$K$10,IF(AND($M95>=$E$11,$M95<$E$12),$K$11,IF($M95>=$E$12,$K$12,"error"))))))))) -> 0 | V95: =P95+Q95*O95+R95*I95 -> 0 | W95: =S95+T95*O95+U95*I95 -> 0 | X95: =D95*V95*MAX(0,J95)/H95 -> 0 | Y95: =D95*(0.5*(1+COS($C$5))*(1-V95)+W95*SIN(ABS($C$5))) -> 0 | Z95: =X95+Y95 -> 0 | AA95: =IF(F95>0,F95*$B$7*(1-COS($C$5))/2,0) -> 0 | AB95: =L95+Z95+AA95 -> 0 | AC95: =L95+X95 -> 0
A96: -10.5 | B96: =A96*PI()/12 -> -2.7488936 | C96: =IF($B$88<>0,(PI()/24)*(COS($B96)-COS($B$88))/($B$88*COS($B$88)-SIN($B$88)),0) -> -0.13308681 | D96: =IF(C96>0,$B$89*C96,0) -> 0 | E96: =C96*($B$91+$B$92*COS(B96)) -> -0.031906526 | F96: =IF(C96>0,$B$90*E96,0) -> 0 | G96: =IF(AND(F96>0,F96>D96),F96-D96,0) -> 0 | H96: =SIN(RADIANS($B$87))*SIN(LAT)+COS(RADIANS($B$87))*COS(LAT)*COS(B96) -> -0.72978992 | I96: =ACOS(H96) -> 2.3888109 | J96: =SIN(RADIANS($B$87))*SIN(LAT)*COS($C$5)-SIN(RADIANS($B$87))*COS(LAT)*SIN($C$5)*COS($C$6)+COS(RADIANS($B$87))*COS(LAT)*COS($C$5)*COS(B96)+COS(RADIANS($B$87))*SIN(LAT)*SIN($C$5)*COS($C$6)*COS(B96)+COS(RADIANS($B$87))*SIN($C$6)*SIN(B96)*SIN($C$5) -> -0.82208457 | K96: =ACOS(J96) -> 2.5358589 | L96: =(G96/H96)*MAX(0,J96) -> 0 | M96: =IF(D96=0,0,1+G96/(D96*H96)) -> 0 | N96: =1/H96 -> -1.3702574 | O96: =D96*N96/1367 -> 0 | P96: =IF($M96=0,0,IF(AND($M96>=$E$5,$M96<$E$6),$F$5,IF(AND($M96>=$E$6,$M96<$E$7),$F$6,IF(AND($M96>=$E$7,$M96<$E$8),$F$7,IF(AND($M96>=$E$8,$M96<$E$9),$F$8,IF(AND($M96>=$E$9,$M96<$E$10),$F$9,IF(AND($M96>=$E$10,$M96<$E$11),$F$10,IF(AND($M96>=$E$11,$M96<$E$12),$F$11,IF($M96>=$E$12,$F$12,"error"))))))))) -> 0 | Q96: =IF($M96=0,0,IF(AND($M96>=$E$5,$M96<$E$6),$G$5,IF(AND($M96>=$E$6,$M96<$E$7),$G$6,IF(AND($M96>=$E$7,$M96<$E$8),$G$7,IF(AND($M96>=$E$8,$M96<$E$9),$G$8,IF(AND($M96>=$E$9,$M96<$E$10),$G$9,IF(AND($M96>=$E$10,$M96<$E$11),$G$10,IF(AND($M96>=$E$11,$M96<$E$12),$G$11,IF($M96>=$E$12,$G$12,"error"))))))))) -> 0 | R96: =IF($M96=0,0,IF(AND($M96>=$E$5,$M96<$E$6),$H$5,IF(AND($M96>=$E$6,$M96<$E$7),$H$6,IF(AND($M96>=$E$7,$M96<$E$8),$H$7,IF(AND($M96>=$E$8,$M96<$E$9),$H$8,IF(AND($M96>=$E$9,$M96<$E$10),$H$9,IF(AND($M96>=$E$10,$M96<$E$11),$H$10,IF(AND($M96>=$E$11,$M96<$E$12),$H$11,IF($M96>=$E$12,$H$12,"error"))))))))) -> 0 | S96: =IF($M96=0,0,IF(AND($M96>=$E$5,$M96<$E$6),$I$5,IF(AND($M96>=$E$6,$M96<$E$7),$I$6,IF(AND($M96>=$E$7,$M96<$E$8),$I$7,IF(AND($M96>=$E$8,$M96<$E$9),$I$8,IF(AND($M96>=$E$9,$M96<$E$10),$I$9,IF(AND($M96>=$E$10,$M96<$E$11),$I$10,IF(AND($M96>=$E$11,$M96<$E$12),$I$11,IF($M96>=$E$12,$I$12,"error"))))))))) -> 0 | T96: =IF($M96=0,0,IF(AND($M96>=$E$5,$M96<$E$6),$J$5,IF(AND($M96>=$E$6,$M96<$E$7),$J$6,IF(AND($M96>=$E$7,$M96<$E$8),$J$7,IF(AND($M96>=$E$8,$M96<$E$9),$J$8,IF(AND($M96>=$E$9,$M96<$E$10),$J$9,IF(AND($M96>=$E$10,$M96<$E$11),$J$10,IF(AND($M96>=$E$11,$M96<$E$12),$J$11,IF($M96>=$E$12,$J$12,"error"))))))))) -> 0 | U96: =IF($M96=0,0,IF(AND($M96>=$E$5,$M96<$E$6),$K$5,IF(AND($M96>=$E$6,$M96<$E$7),$K$6,IF(AND($M96>=$E$7,$M96<$E$8),$K$7,IF(AND($M96>=$E$8,$M96<$E$9),$K$8,IF(AND($M96>=$E$9,$M96<$E$10),$K$9,IF(AND($M96>=$E$10,$M96<$E$11),$K$10,IF(AND($M96>=$E$11,$M96<$E$12),$K$11,IF($M96>=$E$12,$K$12,"error"))))))))) -> 0 | V96: =P96+Q96*O96+R96*I96 -> 0 | W96: =S96+T96*O96+U96*I96 -> 0 | X96: =D96*V96*MAX(0,J96)/H96 -> 0 | Y96: =D96*(0.5*(1+COS($C$5))*(1-V96)+W96*SIN(ABS($C$5))) -> 0 | Z96: =X96+Y96 -> 0 | AA96: =IF(F96>0,F96*$B$7*(1-COS($C$5))/2,0) -> 0 | AB96: =L96+Z96+AA96 -> 0 | AC96: =L96+X96 -> 0
A97: -9.5 | B97: =A97*PI()/12 -> -2.4870942 | C97: =IF($B$88<>0,(PI()/24)*(COS($B97)-COS($B$88))/($B$88*COS($B$88)-SIN($B$88)),0) -> -0.11498938 | D97: =IF(C97>0,$B$89*C97,0) -> 0 | E97: =C97*($B$91+$B$92*COS(B97)) -> -0.034135284 | F97: =IF(C97>0,$B$90*E97,0) -> 0 | G97: =IF(AND(F97>0,F97>D97),F97-D97,0) -> 0 | H97: =SIN(RADIANS($B$87))*SIN(LAT)+COS(RADIANS($B$87))*COS(LAT)*COS(B97) -> -0.6305515 | I97: =ACOS(H97) -> 2.2530599 | J97: =SIN(RADIANS($B$87))*SIN(LAT)*COS($C$5)-SIN(RADIANS($B$87))*COS(LAT)*SIN($C$5)*COS($C$6)+COS(RADIANS($B$87))*COS(LAT)*COS($C$5)*COS(B97)+COS(RADIANS($B$87))*SIN(LAT)*SIN($C$5)*COS($C$6)*COS(B97)+COS(RADIANS($B$87))*SIN($C$6)*SIN(B97)*SIN($C$5) -> -0.70346376 | K97: =ACOS(J97) -> 2.3510557 | L97: =(G97/H97)*MAX(0,J97) -> 0 | M97: =IF(D97=0,0,1+G97/(D97*H97)) -> 0 | N97: =1/H97 -> -1.5859133 | O97: =D97*N97/1367 -> 0 | P97: =IF($M97=0,0,IF(AND($M97>=$E$5,$M97<$E$6),$F$5,IF(AND($M97>=$E$6,$M97<$E$7),$F$6,IF(AND($M97>=$E$7,$M97<$E$8),$F$7,IF(AND($M97>=$E$8,$M97<$E$9),$F$8,IF(AND($M97>=$E$9,$M97<$E$10),$F$9,IF(AND($M97>=$E$10,$M97<$E$11),$F$10,IF(AND($M97>=$E$11,$M97<$E$12),$F$11,IF($M97>=$E$12,$F$12,"error"))))))))) -> 0 | Q97: =IF($M97=0,0,IF(AND($M97>=$E$5,$M97<$E$6),$G$5,IF(AND($M97>=$E$6,$M97<$E$7),$G$6,IF(AND($M97>=$E$7,$M97<$E$8),$G$7,IF(AND($M97>=$E$8,$M97<$E$9),$G$8,IF(AND($M97>=$E$9,$M97<$E$10),$G$9,IF(AND($M97>=$E$10,$M97<$E$11),$G$10,IF(AND($M97>=$E$11,$M97<$E$12),$G$11,IF($M97>=$E$12,$G$12,"error"))))))))) -> 0 | R97: =IF($M97=0,0,IF(AND($M97>=$E$5,$M97<$E$6),$H$5,IF(AND($M97>=$E$6,$M97<$E$7),$H$6,IF(AND($M97>=$E$7,$M97<$E$8),$H$7,IF(AND($M97>=$E$8,$M97<$E$9),$H$8,IF(AND($M97>=$E$9,$M97<$E$10),$H$9,IF(AND($M97>=$E$10,$M97<$E$11),$H$10,IF(AND($M97>=$E$11,$M97<$E$12),$H$11,IF($M97>=$E$12,$H$12,"error"))))))))) -> 0 | S97: =IF($M97=0,0,IF(AND($M97>=$E$5,$M97<$E$6),$I$5,IF(AND($M97>=$E$6,$M97<$E$7),$I$6,IF(AND($M97>=$E$7,$M97<$E$8),$I$7,IF(AND($M97>=$E$8,$M97<$E$9),$I$8,IF(AND($M97>=$E$9,$M97<$E$10),$I$9,IF(AND($M97>=$E$10,$M97<$E$11),$I$10,IF(AND($M97>=$E$11,$M97<$E$12),$I$11,IF($M97>=$E$12,$I$12,"error"))))))))) -> 0 | T97: =IF($M97=0,0,IF(AND($M97>=$E$5,$M97<$E$6),$J$5,IF(AND($M97>=$E$6,$M97<$E$7),$J$6,IF(AND($M97>=$E$7,$M97<$E$8),$J$7,IF(AND($M97>=$E$8,$M97<$E$9),$J$8,IF(AND($M97>=$E$9,$M97<$E$10),$J$9,IF(AND($M97>=$E$10,$M97<$E$11),$J$10,IF(AND($M97>=$E$11,$M97<$E$12),$J$11,IF($M97>=$E$12,$J$12,"error"))))))))) -> 0 | U97: =IF($M97=0,0,IF(AND($M97>=$E$5,$M97<$E$6),$K$5,IF(AND($M97>=$E$6,$M97<$E$7),$K$6,IF(AND($M97>=$E$7,$M97<$E$8),$K$7,IF(AND($M97>=$E$8,$M97<$E$9),$K$8,IF(AND($M97>=$E$9,$M97<$E$10),$K$9,IF(AND($M97>=$E$10,$M97<$E$11),$K$10,IF(AND($M97>=$E$11,$M97<$E$12),$K$11,IF($M97>=$E$12,$K$12,"error"))))))))) -> 0 | V97: =P97+Q97*O97+R97*I97 -> 0 | W97: =S97+T97*O97+U97*I97 -> 0 | X97: =D97*V97*MAX(0,J97)/H97 -> 0 | Y97: =D97*(0.5*(1+COS($C$5))*(1-V97)+W97*SIN(ABS($C$5))) -> 0 | Z97: =X97+Y97 -> 0 | AA97: =IF(F97>0,F97*$B$7*(1-COS($C$5))/2,0) -> 0 | AB97: =L97+Z97+AA97 -> 0 | AC97: =L97+X97 -> 0
A98: -8.5 | B98: =A98*PI()/12 -> -2.2252948 | C98: =IF($B$88<>0,(PI()/24)*(COS($B98)-COS($B$88))/($B$88*COS($B$88)-SIN($B$88)),0) -> -0.089395744 | D98: =IF(C98>0,$B$89*C98,0) -> 0 | E98: =C98*($B$91+$B$92*COS(B98)) -> -0.03375825 | F98: =IF(C98>0,$B$90*E98,0) -> 0 | G98: =IF(AND(F98>0,F98>D98),F98-D98,0) -> 0 | H98: =SIN(RADIANS($B$87))*SIN(LAT)+COS(RADIANS($B$87))*COS(LAT)*COS(B98) -> -0.49020719 | I98: =ACOS(H98) -> 2.0831238 | J98: =SIN(RADIANS($B$87))*SIN(LAT)*COS($C$5)-SIN(RADIANS($B$87))*COS(LAT)*SIN($C$5)*COS($C$6)+COS(RADIANS($B$87))*COS(LAT)*COS($C$5)*COS(B98)+COS(RADIANS($B$87))*SIN(LAT)*SIN($C$5)*COS($C$6)*COS(B98)+COS(RADIANS($B$87))*SIN($C$6)*SIN(B98)*SIN($C$5) -> -0.5357086 | K98: =ACOS(J98) -> 2.136143 | L98: =(G98/H98)*MAX(0,J98) -> 0 | M98: =IF(D98=0,0,1+G98/(D98*H98)) -> 0 | N98: =1/H98 -> -2.0399538 | O98: =D98*N98/1367 -> 0 | P98: =IF($M98=0,0,IF(AND($M98>=$E$5,$M98<$E$6),$F$5,IF(AND($M98>=$E$6,$M98<$E$7),$F$6,IF(AND($M98>=$E$7,$M98<$E$8),$F$7,IF(AND($M98>=$E$8,$M98<$E$9),$F$8,IF(AND($M98>=$E$9,$M98<$E$10),$F$9,IF(AND($M98>=$E$10,$M98<$E$11),$F$10,IF(AND($M98>=$E$11,$M98<$E$12),$F$11,IF($M98>=$E$12,$F$12,"error"))))))))) -> 0 | Q98: =IF($M98=0,0,IF(AND($M98>=$E$5,$M98<$E$6),$G$5,IF(AND($M98>=$E$6,$M98<$E$7),$G$6,IF(AND($M98>=$E$7,$M98<$E$8),$G$7,IF(AND($M98>=$E$8,$M98<$E$9),$G$8,IF(AND($M98>=$E$9,$M98<$E$10),$G$9,IF(AND($M98>=$E$10,$M98<$E$11),$G$10,IF(AND($M98>=$E$11,$M98<$E$12),$G$11,IF($M98>=$E$12,$G$12,"error"))))))))) -> 0 | R98: =IF($M98=0,0,IF(AND($M98>=$E$5,$M98<$E$6),$H$5,IF(AND($M98>=$E$6,$M98<$E$7),$H$6,IF(AND($M98>=$E$7,$M98<$E$8),$H$7,IF(AND($M98>=$E$8,$M98<$E$9),$H$8,IF(AND($M98>=$E$9,$M98<$E$10),$H$9,IF(AND($M98>=$E$10,$M98<$E$11),$H$10,IF(AND($M98>=$E$11,$M98<$E$12),$H$11,IF($M98>=$E$12,$H$12,"error"))))))))) -> 0 | S98: =IF($M98=0,0,IF(AND($M98>=$E$5,$M98<$E$6),$I$5,IF(AND($M98>=$E$6,$M98<$E$7),$I$6,IF(AND($M98>=$E$7,$M98<$E$8),$I$7,IF(AND($M98>=$E$8,$M98<$E$9),$I$8,IF(AND($M98>=$E$9,$M98<$E$10),$I$9,IF(AND($M98>=$E$10,$M98<$E$11),$I$10,IF(AND($M98>=$E$11,$M98<$E$12),$I$11,IF($M98>=$E$12,$I$12,"error"))))))))) -> 0 | T98: =IF($M98=0,0,IF(AND($M98>=$E$5,$M98<$E$6),$J$5,IF(AND($M98>=$E$6,$M98<$E$7),$J$6,IF(AND($M98>=$E$7,$M98<$E$8),$J$7,IF(AND($M98>=$E$8,$M98<$E$9),$J$8,IF(AND($M98>=$E$9,$M98<$E$10),$J$9,IF(AND($M98>=$E$10,$M98<$E$11),$J$10,IF(AND($M98>=$E$11,$M98<$E$12),$J$11,IF($M98>=$E$12,$J$12,"error"))))))))) -> 0 | U98: =IF($M98=0,0,IF(AND($M98>=$E$5,$M98<$E$6),$K$5,IF(AND($M98>=$E$6,$M98<$E$7),$K$6,IF(AND($M98>=$E$7,$M98<$E$8),$K$7,IF(AND($M98>=$E$8,$M98<$E$9),$K$8,IF(AND($M98>=$E$9,$M98<$E$10),$K$9,IF(AND($M98>=$E$10,$M98<$E$11),$K$10,IF(AND($M98>=$E$11,$M98<$E$12),$K$11,IF($M98>=$E$12,$K$12,"error"))))))))) -> 0 | V98: =P98+Q98*O98+R98*I98 -> 0 | W98: =S98+T98*O98+U98*I98 -> 0 | X98: =D98*V98*MAX(0,J98)/H98 -> 0 | Y98: =D98*(0.5*(1+COS($C$5))*(1-V98)+W98*SIN(ABS($C$5))) -> 0 | Z98: =X98+Y98 -> 0 | AA98: =IF(F98>0,F98*$B$7*(1-COS($C$5))/2,0) -> 0 | AB98: =L98+Z98+AA98 -> 0 | AC98: =L98+X98 -> 0
A99: -7.5 | B99: =A99*PI()/12 -> -1.9634954 | C99: =IF($B$88<>0,(PI()/24)*(COS($B99)-COS($B$88))/($B$88*COS($B$88)-SIN($B$88)),0) -> -0.05805007 | D99: =IF(C99>0,$B$89*C99,0) -> 0 | E99: =C99*($B$91+$B$92*COS(B99)) -> -0.027663818 | F99: =IF(C99>0,$B$90*E99,0) -> 0 | G99: =IF(AND(F99>0,F99>D99),F99-D99,0) -> 0 | H99: =SIN(RADIANS($B$87))*SIN(LAT)+COS(RADIANS($B$87))*COS(LAT)*COS(B99) -> -0.31832121 | I99: =ACOS(H99) -> 1.8947544 | J99: =SIN(RADIANS($B$87))*SIN(LAT)*COS($C$5)-SIN(RADIANS($B$87))*COS(LAT)*SIN($C$5)*COS($C$6)+COS(RADIANS($B$87))*COS(LAT)*COS($C$5)*COS(B99)+COS(RADIANS($B$87))*SIN(LAT)*SIN($C$5)*COS($C$6)*COS(B99)+COS(RADIANS($B$87))*SIN($C$6)*SIN(B99)*SIN($C$5) -> -0.33025133 | K99: =ACOS(J99) -> 1.9073662 | L99: =(G99/H99)*MAX(0,J99) -> 0 | M99: =IF(D99=0,0,1+G99/(D99*H99)) -> 0 | N99: =1/H99 -> -3.1414809 | O99: =D99*N99/1367 -> 0 | P99: =IF($M99=0,0,IF(AND($M99>=$E$5,$M99<$E$6),$F$5,IF(AND($M99>=$E$6,$M99<$E$7),$F$6,IF(AND($M99>=$E$7,$M99<$E$8),$F$7,IF(AND($M99>=$E$8,$M99<$E$9),$F$8,IF(AND($M99>=$E$9,$M99<$E$10),$F$9,IF(AND($M99>=$E$10,$M99<$E$11),$F$10,IF(AND($M99>=$E$11,$M99<$E$12),$F$11,IF($M99>=$E$12,$F$12,"error"))))))))) -> 0 | Q99: =IF($M99=0,0,IF(AND($M99>=$E$5,$M99<$E$6),$G$5,IF(AND($M99>=$E$6,$M99<$E$7),$G$6,IF(AND($M99>=$E$7,$M99<$E$8),$G$7,IF(AND($M99>=$E$8,$M99<$E$9),$G$8,IF(AND($M99>=$E$9,$M99<$E$10),$G$9,IF(AND($M99>=$E$10,$M99<$E$11),$G$10,IF(AND($M99>=$E$11,$M99<$E$12),$G$11,IF($M99>=$E$12,$G$12,"error"))))))))) -> 0 | R99: =IF($M99=0,0,IF(AND($M99>=$E$5,$M99<$E$6),$H$5,IF(AND($M99>=$E$6,$M99<$E$7),$H$6,IF(AND($M99>=$E$7,$M99<$E$8),$H$7,IF(AND($M99>=$E$8,$M99<$E$9),$H$8,IF(AND($M99>=$E$9,$M99<$E$10),$H$9,IF(AND($M99>=$E$10,$M99<$E$11),$H$10,IF(AND($M99>=$E$11,$M99<$E$12),$H$11,IF($M99>=$E$12,$H$12,"error"))))))))) -> 0 | S99: =IF($M99=0,0,IF(AND($M99>=$E$5,$M99<$E$6),$I$5,IF(AND($M99>=$E$6,$M99<$E$7),$I$6,IF(AND($M99>=$E$7,$M99<$E$8),$I$7,IF(AND($M99>=$E$8,$M99<$E$9),$I$8,IF(AND($M99>=$E$9,$M99<$E$10),$I$9,IF(AND($M99>=$E$10,$M99<$E$11),$I$10,IF(AND($M99>=$E$11,$M99<$E$12),$I$11,IF($M99>=$E$12,$I$12,"error"))))))))) -> 0 | T99: =IF($M99=0,0,IF(AND($M99>=$E$5,$M99<$E$6),$J$5,IF(AND($M99>=$E$6,$M99<$E$7),$J$6,IF(AND($M99>=$E$7,$M99<$E$8),$J$7,IF(AND($M99>=$E$8,$M99<$E$9),$J$8,IF(AND($M99>=$E$9,$M99<$E$10),$J$9,IF(AND($M99>=$E$10,$M99<$E$11),$J$10,IF(AND($M99>=$E$11,$M99<$E$12),$J$11,IF($M99>=$E$12,$J$12,"error"))))))))) -> 0 | U99: =IF($M99=0,0,IF(AND($M99>=$E$5,$M99<$E$6),$K$5,IF(AND($M99>=$E$6,$M99<$E$7),$K$6,IF(AND($M99>=$E$7,$M99<$E$8),$K$7,IF(AND($M99>=$E$8,$M99<$E$9),$K$8,IF(AND($M99>=$E$9,$M99<$E$10),$K$9,IF(AND($M99>=$E$10,$M99<$E$11),$K$10,IF(AND($M99>=$E$11,$M99<$E$12),$K$11,IF($M99>=$E$12,$K$12,"error"))))))))) -> 0 | V99: =P99+Q99*O99+R99*I99 -> 0 | W99: =S99+T99*O99+U99*I99 -> 0 | X99: =D99*V99*MAX(0,J99)/H99 -> 0 | Y99: =D99*(0.5*(1+COS($C$5))*(1-V99)+W99*SIN(ABS($C$5))) -> 0 | Z99: =X99+Y99 -> 0 | AA99: =IF(F99>0,F99*$B$7*(1-COS($C$5))/2,0) -> 0 | AB99: =L99+Z99+AA99 -> 0 | AC99: =L99+X99 -> 0
A100: -6.5 | B100: =A100*PI()/12 -> -1.701696 | C100: =IF($B$88<>0,(PI()/24)*(COS($B100)-COS($B$88))/($B$88*COS($B$88)-SIN($B$88)),0) -> -0.023088514 | D100: =IF(C100>0,$B$89*C100,0) -> 0 | E100: =C100*($B$91+$B$92*COS(B100)) -> -0.013550333 | F100: =IF(C100>0,$B$90*E100,0) -> 0 | G100: =IF(AND(F100>0,F100>D100),F100-D100,0) -> 0 | H100: =SIN(RADIANS($B$87))*SIN(LAT)+COS(RADIANS($B$87))*COS(LAT)*COS(B100) -> -0.12660732 | I100: =ACOS(H100) -> 1.6977443 | J100: =SIN(RADIANS($B$87))*SIN(LAT)*COS($C$5)-SIN(RADIANS($B$87))*COS(LAT)*SIN($C$5)*COS($C$6)+COS(RADIANS($B$87))*COS(LAT)*COS($C$5)*COS(B100)+COS(RADIANS($B$87))*SIN(LAT)*SIN($C$5)*COS($C$6)*COS(B100)+COS(RADIANS($B$87))*SIN($C$6)*SIN(B100)*SIN($C$5) -> -0.10109352 | K100: =ACOS(J100) -> 1.6720628 | L100: =(G100/H100)*MAX(0,J100) -> 0 | M100: =IF(D100=0,0,1+G100/(D100*H100)) -> 0 | N100: =1/H100 -> -7.8984375 | O100: =D100*N100/1367 -> 0 | P100: =IF($M100=0,0,IF(AND($M100>=$E$5,$M100<$E$6),$F$5,IF(AND($M100>=$E$6,$M100<$E$7),$F$6,IF(AND($M100>=$E$7,$M100<$E$8),$F$7,IF(AND($M100>=$E$8,$M100<$E$9),$F$8,IF(AND($M100>=$E$9,$M100<$E$10),$F$9,IF(AND($M100>=$E$10,$M100<$E$11),$F$10,IF(AND($M100>=$E$11,$M100<$E$12),$F$11,IF($M100>=$E$12,$F$12,"error"))))))))) -> 0 | Q100: =IF($M100=0,0,IF(AND($M100>=$E$5,$M100<$E$6),$G$5,IF(AND($M100>=$E$6,$M100<$E$7),$G$6,IF(AND($M100>=$E$7,$M100<$E$8),$G$7,IF(AND($M100>=$E$8,$M100<$E$9),$G$8,IF(AND($M100>=$E$9,$M100<$E$10),$G$9,IF(AND($M100>=$E$10,$M100<$E$11),$G$10,IF(AND($M100>=$E$11,$M100<$E$12),$G$11,IF($M100>=$E$12,$G$12,"error"))))))))) -> 0 | R100: =IF($M100=0,0,IF(AND($M100>=$E$5,$M100<$E$6),$H$5,IF(AND($M100>=$E$6,$M100<$E$7),$H$6,IF(AND($M100>=$E$7,$M100<$E$8),$H$7,IF(AND($M100>=$E$8,$M100<$E$9),$H$8,IF(AND($M100>=$E$9,$M100<$E$10),$H$9,IF(AND($M100>=$E$10,$M100<$E$11),$H$10,IF(AND($M100>=$E$11,$M100<$E$12),$H$11,IF($M100>=$E$12,$H$12,"error"))))))))) -> 0 | S100: =IF($M100=0,0,IF(AND($M100>=$E$5,$M100<$E$6),$I$5,IF(AND($M100>=$E$6,$M100<$E$7),$I$6,IF(AND($M100>=$E$7,$M100<$E$8),$I$7,IF(AND($M100>=$E$8,$M100<$E$9),$I$8,IF(AND($M100>=$E$9,$M100<$E$10),$I$9,IF(AND($M100>=$E$10,$M100<$E$11),$I$10,IF(AND($M100>=$E$11,$M100<$E$12),$I$11,IF($M100>=$E$12,$I$12,"error"))))))))) -> 0 | T100: =IF($M100=0,0,IF(AND($M100>=$E$5,$M100<$E$6),$J$5,IF(AND($M100>=$E$6,$M100<$E$7),$J$6,IF(AND($M100>=$E$7,$M100<$E$8),$J$7,IF(AND($M100>=$E$8,$M100<$E$9),$J$8,IF(AND($M100>=$E$9,$M100<$E$10),$J$9,IF(AND($M100>=$E$10,$M100<$E$11),$J$10,IF(AND($M100>=$E$11,$M100<$E$12),$J$11,IF($M100>=$E$12,$J$12,"error"))))))))) -> 0 | U100: =IF($M100=0,0,IF(AND($M100>=$E$5,$M100<$E$6),$K$5,IF(AND($M100>=$E$6,$M100<$E$7),$K$6,IF(AND($M100>=$E$7,$M100<$E$8),$K$7,IF(AND($M100>=$E$8,$M100<$E$9),$K$8,IF(AND($M100>=$E$9,$M100<$E$10),$K$9,IF(AND($M100>=$E$10,$M100<$E$11),$K$10,IF(AND($M100>=$E$11,$M100<$E$12),$K$11,IF($M100>=$E$12,$K$12,"error"))))))))) -> 0 | V100: =P100+Q100*O100+R100*I100 -> 0 | W100: =S100+T100*O100+U100*I100 -> 0 | X100: =D100*V100*MAX(0,J100)/H100 -> 0 | Y100: =D100*(0.5*(1+COS($C$5))*(1-V100)+W100*SIN(ABS($C$5))) -> 0 | Z100: =X100+Y100 -> 0 | AA100: =IF(F100>0,F100*$B$7*(1-COS($C$5))/2,0) -> 0 | AB100: =L100+Z100+AA100 -> 0 | AC100: =L100+X100 -> 0
A101: -5.5 | B101: =A101*PI()/12 -> -1.4398966 | C101: =IF($B$88<>0,(PI()/24)*(COS($B101)-COS($B$88))/($B$88*COS($B$88)-SIN($B$88)),0) -> 0.013106353 | D101: =IF(C101>0,$B$89*C101,0) -> 18.609904 | E101: =C101*($B$91+$B$92*COS(B101)) -> 0.0091890455 | F101: =IF(C101>0,$B$90*E101,0) -> 42.729062 | G101: =IF(AND(F101>0,F101>D101),F101-D101,0) -> 24.119157 | H101: =SIN(RADIANS($B$87))*SIN(LAT)+COS(RADIANS($B$87))*COS(LAT)*COS(B101) -> 0.07186951 | I101: =ACOS(H101) -> 1.4988648 | J101: =SIN(RADIANS($B$87))*SIN(LAT)*COS($C$5)-SIN(RADIANS($B$87))*COS(LAT)*SIN($C$5)*COS($C$6)+COS(RADIANS($B$87))*COS(LAT)*COS($C$5)*COS(B101)+COS(RADIANS($B$87))*SIN(LAT)*SIN($C$5)*COS($C$6)*COS(B101)+COS(RADIANS($B$87))*SIN($C$6)*SIN(B101)*SIN($C$5) -> 0.1361481 | K101: =ACOS(J101) -> 1.4342241 | L101: =(G101/H101)*MAX(0,J101) -> 45.690828 | M101: =IF(D101=0,0,1+G101/(D101*H101)) -> 19.033221 | N101: =1/H101 -> 13.914106 | O101: =D101*N101/1367 -> 0.18942223 | P101: =IF($M101=0,0,IF(AND($M101>=$E$5,$M101<$E$6),$F$5,IF(AND($M101>=$E$6,$M101<$E$7),$F$6,IF(AND($M101>=$E$7,$M101<$E$8),$F$7,IF(AND($M101>=$E$8,$M101<$E$9),$F$8,IF(AND($M101>=$E$9,$M101<$E$10),$F$9,IF(AND($M101>=$E$10,$M101<$E$11),$F$10,IF(AND($M101>=$E$11,$M101<$E$12),$F$11,IF($M101>=$E$12,$F$12,"error"))))))))) -> 0.421 | Q101: =IF($M101=0,0,IF(AND($M101>=$E$5,$M101<$E$6),$G$5,IF(AND($M101>=$E$6,$M101<$E$7),$G$6,IF(AND($M101>=$E$7,$M101<$E$8),$G$7,IF(AND($M101>=$E$8,$M101<$E$9),$G$8,IF(AND($M101>=$E$9,$M101<$E$10),$G$9,IF(AND($M101>=$E$10,$M101<$E$11),$G$10,IF(AND($M101>=$E$11,$M101<$E$12),$G$11,IF($M101>=$E$12,$G$12,"error"))))))))) -> -0.661 | R101: =IF($M101=0,0,IF(AND($M101>=$E$5,$M101<$E$6),$H$5,IF(AND($M101>=$E$6,$M101<$E$7),$H$6,IF(AND($M101>=$E$7,$M101<$E$8),$H$7,IF(AND($M101>=$E$8,$M101<$E$9),$H$8,IF(AND($M101>=$E$9,$M101<$E$10),$H$9,IF(AND($M101>=$E$10,$M101<$E$11),$H$10,IF(AND($M101>=$E$11,$M101<$E$12),$H$11,IF($M101>=$E$12,$H$12,"error"))))))))) -> 0.097 | S101: =IF($M101=0,0,IF(AND($M101>=$E$5,$M101<$E$6),$I$5,IF(AND($M101>=$E$6,$M101<$E$7),$I$6,IF(AND($M101>=$E$7,$M101<$E$8),$I$7,IF(AND($M101>=$E$8,$M101<$E$9),$I$8,IF(AND($M101>=$E$9,$M101<$E$10),$I$9,IF(AND($M101>=$E$10,$M101<$E$11),$I$10,IF(AND($M101>=$E$11,$M101<$E$12),$I$11,IF($M101>=$E$12,$I$12,"error"))))))))) -> 0.119 | T101: =IF($M101=0,0,IF(AND($M101>=$E$5,$M101<$E$6),$J$5,IF(AND($M101>=$E$6,$M101<$E$7),$J$6,IF(AND($M101>=$E$7,$M101<$E$8),$J$7,IF(AND($M101>=$E$8,$M101<$E$9),$J$8,IF(AND($M101>=$E$9,$M101<$E$10),$J$9,IF(AND($M101>=$E$10,$M101<$E$11),$J$10,IF(AND($M101>=$E$11,$M101<$E$12),$J$11,IF($M101>=$E$12,$J$12,"error"))))))))) -> -2.125 | U101: =IF($M101=0,0,IF(AND($M101>=$E$5,$M101<$E$6),$K$5,IF(AND($M101>=$E$6,$M101<$E$7),$K$6,IF(AND($M101>=$E$7,$M101<$E$8),$K$7,IF(AND($M101>=$E$8,$M101<$E$9),$K$8,IF(AND($M101>=$E$9,$M101<$E$10),$K$9,IF(AND($M101>=$E$10,$M101<$E$11),$K$10,IF(AND($M101>=$E$11,$M101<$E$12),$K$11,IF($M101>=$E$12,$K$12,"error"))))))))) -> 0.446 | V101: =P101+Q101*O101+R101*I101 -> 0.44118179 | W101: =S101+T101*O101+U101*I101 -> 0.38497146 | X101: =D101*V101*MAX(0,J101)/H101 -> 15.553518 | Y101: =D101*(0.5*(1+COS($C$5))*(1-V101)+W101*SIN(ABS($C$5))) -> 13.890342 | Z101: =X101+Y101 -> 29.44386 | AA101: =IF(F101>0,F101*$B$7*(1-COS($C$5))/2,0) -> 2.467098 | AB101: =L101+Z101+AA101 -> 77.601786 | AC101: =L101+X101 -> 61.244346
A102: -4.5 | B102: =A102*PI()/12 -> -1.1780972 | C102: =IF($B$88<>0,(PI()/24)*(COS($B102)-COS($B$88))/($B$88*COS($B$88)-SIN($B$88)),0) -> 0.048067909 | D102: =IF(C102>0,$B$89*C102,0) -> 68.252337 | E102: =C102*($B$91+$B$92*COS(B102)) -> 0.039004666 | F102: =IF(C102>0,$B$90*E102,0) -> 181.3717 | G102: =IF(AND(F102>0,F102>D102),F102-D102,0) -> 113.11936 | H102: =SIN(RADIANS($B$87))*SIN(LAT)+COS(RADIANS($B$87))*COS(LAT)*COS(B102) -> 0.2635834 | I102: =ACOS(H102) -> 1.3040612 | J102: =SIN(RADIANS($B$87))*SIN(LAT)*COS($C$5)-SIN(RADIANS($B$87))*COS(LAT)*SIN($C$5)*COS($C$6)+COS(RADIANS($B$87))*COS(LAT)*COS($C$5)*COS(B102)+COS(RADIANS($B$87))*SIN(LAT)*SIN($C$5)*COS($C$6)*COS(B102)+COS(RADIANS($B$87))*SIN($C$6)*SIN(B102)*SIN($C$5) -> 0.36530591 | K102: =ACOS(J102) -> 1.1968349 | L102: =(G102/H102)*MAX(0,J102) -> 156.77455 | M102: =IF(D102=0,0,1+G102/(D102*H102)) -> 7.2878381 | N102: =1/H102 -> 3.7938656 | O102: =D102*N102/1367 -> 0.18942223 | P102: =IF($M102=0,0,IF(AND($M102>=$E$5,$M102<$E$6),$F$5,IF(AND($M102>=$E$6,$M102<$E$7),$F$6,IF(AND($M102>=$E$7,$M102<$E$8),$F$7,IF(AND($M102>=$E$8,$M102<$E$9),$F$8,IF(AND($M102>=$E$9,$M102<$E$10),$F$9,IF(AND($M102>=$E$10,$M102<$E$11),$F$10,IF(AND($M102>=$E$11,$M102<$E$12),$F$11,IF($M102>=$E$12,$F$12,"error"))))))))) -> 0.734 | Q102: =IF($M102=0,0,IF(AND($M102>=$E$5,$M102<$E$6),$G$5,IF(AND($M102>=$E$6,$M102<$E$7),$G$6,IF(AND($M102>=$E$7,$M102<$E$8),$G$7,IF(AND($M102>=$E$8,$M102<$E$9),$G$8,IF(AND($M102>=$E$9,$M102<$E$10),$G$9,IF(AND($M102>=$E$10,$M102<$E$11),$G$10,IF(AND($M102>=$E$11,$M102<$E$12),$G$11,IF($M102>=$E$12,$G$12,"error"))))))))) -> -0.073 | R102: =IF($M102=0,0,IF(AND($M102>=$E$5,$M102<$E$6),$H$5,IF(AND($M102>=$E$6,$M102<$E$7),$H$6,IF(AND($M102>=$E$7,$M102<$E$8),$H$7,IF(AND($M102>=$E$8,$M102<$E$9),$H$8,IF(AND($M102>=$E$9,$M102<$E$10),$H$9,IF(AND($M102>=$E$10,$M102<$E$11),$H$10,IF(AND($M102>=$E$11,$M102<$E$12),$H$11,IF($M102>=$E$12,$H$12,"error"))))))))) -> -0.228 | S102: =IF($M102=0,0,IF(AND($M102>=$E$5,$M102<$E$6),$I$5,IF(AND($M102>=$E$6,$M102<$E$7),$I$6,IF(AND($M102>=$E$7,$M102<$E$8),$I$7,IF(AND($M102>=$E$8,$M102<$E$9),$I$8,IF(AND($M102>=$E$9,$M102<$E$10),$I$9,IF(AND($M102>=$E$10,$M102<$E$11),$I$10,IF(AND($M102>=$E$11,$M102<$E$12),$I$11,IF($M102>=$E$12,$I$12,"error"))))))))) -> 0.231 | T102: =IF($M102=0,0,IF(AND($M102>=$E$5,$M102<$E$6),$J$5,IF(AND($M102>=$E$6,$M102<$E$7),$J$6,IF(AND($M102>=$E$7,$M102<$E$8),$J$7,IF(AND($M102>=$E$8,$M102<$E$9),$J$8,IF(AND($M102>=$E$9,$M102<$E$10),$J$9,IF(AND($M102>=$E$10,$M102<$E$11),$J$10,IF(AND($M102>=$E$11,$M102<$E$12),$J$11,IF($M102>=$E$12,$J$12,"error"))))))))) -> -1.18 | U102: =IF($M102=0,0,IF(AND($M102>=$E$5,$M102<$E$6),$K$5,IF(AND($M102>=$E$6,$M102<$E$7),$K$6,IF(AND($M102>=$E$7,$M102<$E$8),$K$7,IF(AND($M102>=$E$8,$M102<$E$9),$K$8,IF(AND($M102>=$E$9,$M102<$E$10),$K$9,IF(AND($M102>=$E$10,$M102<$E$11),$K$10,IF(AND($M102>=$E$11,$M102<$E$12),$K$11,IF($M102>=$E$12,$K$12,"error"))))))))) -> 0.199 | V102: =P102+Q102*O102+R102*I102 -> 0.42284622 | W102: =S102+T102*O102+U102*I102 -> 0.26698995 | X102: =D102*V102*MAX(0,J102)/H102 -> 39.998031 | Y102: =D102*(0.5*(1+COS($C$5))*(1-V102)+W102*SIN(ABS($C$5))) -> 44.53532 | Z102: =X102+Y102 -> 84.533351 | AA102: =IF(F102>0,F102*$B$7*(1-COS($C$5))/2,0) -> 10.472071 | AB102: =L102+Z102+AA102 -> 251.77997 | AC102: =L102+X102 -> 196.77258
A103: -3.5 | B103: =A103*PI()/12 -> -0.91629786 | C103: =IF($B$88<>0,(PI()/24)*(COS($B103)-COS($B$88))/($B$88*COS($B$88)-SIN($B$88)),0) -> 0.079413583 | D103: =IF(C103>0,$B$89*C103,0) -> 112.76052 | E103: =C103*($B$91+$B$92*COS(B103)) -> 0.072295993 | F103: =IF(C103>0,$B$90*E103,0) -> 336.17637 | G103: =IF(AND(F103>0,F103>D103),F103-D103,0) -> 223.41584 | H103: =SIN(RADIANS($B$87))*SIN(LAT)+COS(RADIANS($B$87))*COS(LAT)*COS(B103) -> 0.43546938 | I103: =ACOS(H103) -> 1.1202367 | J103: =SIN(RADIANS($B$87))*SIN(LAT)*COS($C$5)-SIN(RADIANS($B$87))*COS(LAT)*SIN($C$5)*COS($C$6)+COS(RADIANS($B$87))*COS(LAT)*COS($C$5)*COS(B103)+COS(RADIANS($B$87))*SIN(LAT)*SIN($C$5)*COS($C$6)*COS(B103)+COS(RADIANS($B$87))*SIN($C$6)*SIN(B103)*SIN($C$5) -> 0.57076318 | K103: =ACOS(J103) -> 0.96336133 | L103: =(G103/H103)*MAX(0,J103) -> 292.82779 | M103: =IF(D103=0,0,1+G103/(D103*H103)) -> 5.5498728 | N103: =1/H103 -> 2.2963727 | O103: =D103*N103/1367 -> 0.18942223 | P103: =IF($M103=0,0,IF(AND($M103>=$E$5,$M103<$E$6),$F$5,IF(AND($M103>=$E$6,$M103<$E$7),$F$6,IF(AND($M103>=$E$7,$M103<$E$8),$F$7,IF(AND($M103>=$E$8,$M103<$E$9),$F$8,IF(AND($M103>=$E$9,$M103<$E$10),$F$9,IF(AND($M103>=$E$10,$M103<$E$11),$F$10,IF(AND($M103>=$E$11,$M103<$E$12),$F$11,IF($M103>=$E$12,$F$12,"error"))))))))) -> 0.857 | Q103: =IF($M103=0,0,IF(AND($M103>=$E$5,$M103<$E$6),$G$5,IF(AND($M103>=$E$6,$M103<$E$7),$G$6,IF(AND($M103>=$E$7,$M103<$E$8),$G$7,IF(AND($M103>=$E$8,$M103<$E$9),$G$8,IF(AND($M103>=$E$9,$M103<$E$10),$G$9,IF(AND($M103>=$E$10,$M103<$E$11),$G$10,IF(AND($M103>=$E$11,$M103<$E$12),$G$11,IF($M103>=$E$12,$G$12,"error"))))))))) -> -0.37 | R103: =IF($M103=0,0,IF(AND($M103>=$E$5,$M103<$E$6),$H$5,IF(AND($M103>=$E$6,$M103<$E$7),$H$6,IF(AND($M103>=$E$7,$M103<$E$8),$H$7,IF(AND($M103>=$E$8,$M103<$E$9),$H$8,IF(AND($M103>=$E$9,$M103<$E$10),$H$9,IF(AND($M103>=$E$10,$M103<$E$11),$H$10,IF(AND($M103>=$E$11,$M103<$E$12),$H$11,IF($M103>=$E$12,$H$12,"error"))))))))) -> -0.279 | S103: =IF($M103=0,0,IF(AND($M103>=$E$5,$M103<$E$6),$I$5,IF(AND($M103>=$E$6,$M103<$E$7),$I$6,IF(AND($M103>=$E$7,$M103<$E$8),$I$7,IF(AND($M103>=$E$8,$M103<$E$9),$I$8,IF(AND($M103>=$E$9,$M103<$E$10),$I$9,IF(AND($M103>=$E$10,$M103<$E$11),$I$10,IF(AND($M103>=$E$11,$M103<$E$12),$I$11,IF($M103>=$E$12,$I$12,"error"))))))))) -> 0.267 | T103: =IF($M103=0,0,IF(AND($M103>=$E$5,$M103<$E$6),$J$5,IF(AND($M103>=$E$6,$M103<$E$7),$J$6,IF(AND($M103>=$E$7,$M103<$E$8),$J$7,IF(AND($M103>=$E$8,$M103<$E$9),$J$8,IF(AND($M103>=$E$9,$M103<$E$10),$J$9,IF(AND($M103>=$E$10,$M103<$E$11),$J$10,IF(AND($M103>=$E$11,$M103<$E$12),$J$11,IF($M103>=$E$12,$J$12,"error"))))))))) -> -0.792 | U103: =IF($M103=0,0,IF(AND($M103>=$E$5,$M103<$E$6),$K$5,IF(AND($M103>=$E$6,$M103<$E$7),$K$6,IF(AND($M103>=$E$7,$M103<$E$8),$K$7,IF(AND($M103>=$E$8,$M103<$E$9),$K$8,IF(AND($M103>=$E$9,$M103<$E$10),$K$9,IF(AND($M103>=$E$10,$M103<$E$11),$K$10,IF(AND($M103>=$E$11,$M103<$E$12),$K$11,IF($M103>=$E$12,$K$12,"error"))))))))) -> 0.076 | V103: =P103+Q103*O103+R103*I103 -> 0.47436774 | W103: =S103+T103*O103+U103*I103 -> 0.20211558 | X103: =D103*V103*MAX(0,J103)/H103 -> 70.10848 | Y103: =D103*(0.5*(1+COS($C$5))*(1-V103)+W103*SIN(ABS($C$5))) -> 62.815049 | Z103: =X103+Y103 -> 132.92353 | AA103: =IF(F103>0,F103*$B$7*(1-COS($C$5))/2,0) -> 19.410209 | AB103: =L103+Z103+AA103 -> 445.16153 | AC103: =L103+X103 -> 362.93627
A104: -2.5 | B104: =A104*PI()/12 -> -0.65449847 | C104: =IF($B$88<>0,(PI()/24)*(COS($B104)-COS($B$88))/($B$88*COS($B$88)-SIN($B$88)),0) -> 0.10500722 | D104: =IF(C104>0,$B$89*C104,0) -> 149.10131 | E104: =C104*($B$91+$B$92*COS(B104)) -> 0.1040773 | F104: =IF(C104>0,$B$90*E104,0) -> 483.95943 | G104: =IF(AND(F104>0,F104>D104),F104-D104,0) -> 334.85812 | H104: =SIN(RADIANS($B$87))*SIN(LAT)+COS(RADIANS($B$87))*COS(LAT)*COS(B104) -> 0.57581369 | I104: =ACOS(H104) -> 0.95719728 | J104: =SIN(RADIANS($B$87))*SIN(LAT)*COS($C$5)-SIN(RADIANS($B$87))*COS(LAT)*SIN($C$5)*COS($C$6)+COS(RADIANS($B$87))*COS(LAT)*COS($C$5)*COS(B104)+COS(RADIANS($B$87))*SIN(LAT)*SIN($C$5)*COS($C$6)*COS(B104)+COS(RADIANS($B$87))*SIN($C$6)*SIN(B104)*SIN($C$5) -> 0.73851834 | K104: =ACOS(J104) -> 0.73992617 | L104: =(G104/H104)*MAX(0,J104) -> 429.47722 | M104: =IF(D104=0,0,1+G104/(D104*H104)) -> 4.9002945 | N104: =1/H104 -> 1.7366728 | O104: =D104*N104/1367 -> 0.18942223 | P104: =IF($M104=0,0,IF(AND($M104>=$E$5,$M104<$E$6),$F$5,IF(AND($M104>=$E$6,$M104<$E$7),$F$6,IF(AND($M104>=$E$7,$M104<$E$8),$F$7,IF(AND($M104>=$E$8,$M104<$E$9),$F$8,IF(AND($M104>=$E$9,$M104<$E$10),$F$9,IF(AND($M104>=$E$10,$M104<$E$11),$F$10,IF(AND($M104>=$E$11,$M104<$E$12),$F$11,IF($M104>=$E$12,$F$12,"error"))))))))) -> 0.857 | Q104: =IF($M104=0,0,IF(AND($M104>=$E$5,$M104<$E$6),$G$5,IF(AND($M104>=$E$6,$M104<$E$7),$G$6,IF(AND($M104>=$E$7,$M104<$E$8),$G$7,IF(AND($M104>=$E$8,$M104<$E$9),$G$8,IF(AND($M104>=$E$9,$M104<$E$10),$G$9,IF(AND($M104>=$E$10,$M104<$E$11),$G$10,IF(AND($M104>=$E$11,$M104<$E$12),$G$11,IF($M104>=$E$12,$G$12,"error"))))))))) -> -0.37 | R104: =IF($M104=0,0,IF(AND($M104>=$E$5,$M104<$E$6),$H$5,IF(AND($M104>=$E$6,$M104<$E$7),$H$6,IF(AND($M104>=$E$7,$M104<$E$8),$H$7,IF(AND($M104>=$E$8,$M104<$E$9),$H$8,IF(AND($M104>=$E$9,$M104<$E$10),$H$9,IF(AND($M104>=$E$10,$M104<$E$11),$H$10,IF(AND($M104>=$E$11,$M104<$E$12),$H$11,IF($M104>=$E$12,$H$12,"error"))))))))) -> -0.279 | S104: =IF($M104=0,0,IF(AND($M104>=$E$5,$M104<$E$6),$I$5,IF(AND($M104>=$E$6,$M104<$E$7),$I$6,IF(AND($M104>=$E$7,$M104<$E$8),$I$7,IF(AND($M104>=$E$8,$M104<$E$9),$I$8,IF(AND($M104>=$E$9,$M104<$E$10),$I$9,IF(AND($M104>=$E$10,$M104<$E$11),$I$10,IF(AND($M104>=$E$11,$M104<$E$12),$I$11,IF($M104>=$E$12,$I$12,"error"))))))))) -> 0.267 | T104: =IF($M104=0,0,IF(AND($M104>=$E$5,$M104<$E$6),$J$5,IF(AND($M104>=$E$6,$M104<$E$7),$J$6,IF(AND($M104>=$E$7,$M104<$E$8),$J$7,IF(AND($M104>=$E$8,$M104<$E$9),$J$8,IF(AND($M104>=$E$9,$M104<$E$10),$J$9,IF(AND($M104>=$E$10,$M104<$E$11),$J$10,IF(AND($M104>=$E$11,$M104<$E$12),$J$11,IF($M104>=$E$12,$J$12,"error"))))))))) -> -0.792 | U104: =IF($M104=0,0,IF(AND($M104>=$E$5,$M104<$E$6),$K$5,IF(AND($M104>=$E$6,$M104<$E$7),$K$6,IF(AND($M104>=$E$7,$M104<$E$8),$K$7,IF(AND($M104>=$E$8,$M104<$E$9),$K$8,IF(AND($M104>=$E$9,$M104<$E$10),$K$9,IF(AND($M104>=$E$10,$M104<$E$11),$K$10,IF(AND($M104>=$E$11,$M104<$E$12),$K$11,IF($M104>=$E$12,$K$12,"error"))))))))) -> 0.076 | V104: =P104+Q104*O104+R104*I104 -> 0.51985573 | W104: =S104+T104*O104+U104*I104 -> 0.18972459 | X104: =D104*V104*MAX(0,J104)/H104 -> 99.413092 | Y104: =D104*(0.5*(1+COS($C$5))*(1-V104)+W104*SIN(ABS($C$5))) -> 76.56052 | Z104: =X104+Y104 -> 175.97361 | AA104: =IF(F104>0,F104*$B$7*(1-COS($C$5))/2,0) -> 27.942934 | AB104: =L104+Z104+AA104 -> 633.39377 | AC104: =L104+X104 -> 528.89031
A105: -1.5 | B105: =A105*PI()/12 -> -0.39269908 | C105: =IF($B$88<>0,(PI()/24)*(COS($B105)-COS($B$88))/($B$88*COS($B$88)-SIN($B$88)),0) -> 0.12310465 | D105: =IF(C105>0,$B$89*C105,0) -> 174.79812 | E105: =C105*($B$91+$B$92*COS(B105)) -> 0.12904543 | F105: =IF(C105>0,$B$90*E105,0) -> 600.06126 | G105: =IF(AND(F105>0,F105>D105),F105-D105,0) -> 425.26314 | H105: =SIN(RADIANS($B$87))*SIN(LAT)+COS(RADIANS($B$87))*COS(LAT)*COS(B105) -> 0.67505211 | I105: =ACOS(H105) -> 0.829761 | J105: =SIN(RADIANS($B$87))*SIN(LAT)*COS($C$5)-SIN(RADIANS($B$87))*COS(LAT)*SIN($C$5)*COS($C$6)+COS(RADIANS($B$87))*COS(LAT)*COS($C$5)*COS(B105)+COS(RADIANS($B$87))*SIN(LAT)*SIN($C$5)*COS($C$6)*COS(B105)+COS(RADIANS($B$87))*SIN($C$6)*SIN(B105)*SIN($C$5) -> 0.85713915 | K105: =ACOS(J105) -> 0.54110672 | L105: =(G105/H105)*MAX(0,J105) -> 539.97267 | M105: =IF(D105=0,0,1+G105/(D105*H105)) -> 4.603991 | N105: =1/H105 -> 1.4813671 | O105: =D105*N105/1367 -> 0.18942223 | P105: =IF($M105=0,0,IF(AND($M105>=$E$5,$M105<$E$6),$F$5,IF(AND($M105>=$E$6,$M105<$E$7),$F$6,IF(AND($M105>=$E$7,$M105<$E$8),$F$7,IF(AND($M105>=$E$8,$M105<$E$9),$F$8,IF(AND($M105>=$E$9,$M105<$E$10),$F$9,IF(AND($M105>=$E$10,$M105<$E$11),$F$10,IF(AND($M105>=$E$11,$M105<$E$12),$F$11,IF($M105>=$E$12,$F$12,"error"))))))))) -> 0.857 | Q105: =IF($M105=0,0,IF(AND($M105>=$E$5,$M105<$E$6),$G$5,IF(AND($M105>=$E$6,$M105<$E$7),$G$6,IF(AND($M105>=$E$7,$M105<$E$8),$G$7,IF(AND($M105>=$E$8,$M105<$E$9),$G$8,IF(AND($M105>=$E$9,$M105<$E$10),$G$9,IF(AND($M105>=$E$10,$M105<$E$11),$G$10,IF(AND($M105>=$E$11,$M105<$E$12),$G$11,IF($M105>=$E$12,$G$12,"error"))))))))) -> -0.37 | R105: =IF($M105=0,0,IF(AND($M105>=$E$5,$M105<$E$6),$H$5,IF(AND($M105>=$E$6,$M105<$E$7),$H$6,IF(AND($M105>=$E$7,$M105<$E$8),$H$7,IF(AND($M105>=$E$8,$M105<$E$9),$H$8,IF(AND($M105>=$E$9,$M105<$E$10),$H$9,IF(AND($M105>=$E$10,$M105<$E$11),$H$10,IF(AND($M105>=$E$11,$M105<$E$12),$H$11,IF($M105>=$E$12,$H$12,"error"))))))))) -> -0.279 | S105: =IF($M105=0,0,IF(AND($M105>=$E$5,$M105<$E$6),$I$5,IF(AND($M105>=$E$6,$M105<$E$7),$I$6,IF(AND($M105>=$E$7,$M105<$E$8),$I$7,IF(AND($M105>=$E$8,$M105<$E$9),$I$8,IF(AND($M105>=$E$9,$M105<$E$10),$I$9,IF(AND($M105>=$E$10,$M105<$E$11),$I$10,IF(AND($M105>=$E$11,$M105<$E$12),$I$11,IF($M105>=$E$12,$I$12,"error"))))))))) -> 0.267 | T105: =IF($M105=0,0,IF(AND($M105>=$E$5,$M105<$E$6),$J$5,IF(AND($M105>=$E$6,$M105<$E$7),$J$6,IF(AND($M105>=$E$7,$M105<$E$8),$J$7,IF(AND($M105>=$E$8,$M105<$E$9),$J$8,IF(AND($M105>=$E$9,$M105<$E$10),$J$9,IF(AND($M105>=$E$10,$M105<$E$11),$J$10,IF(AND($M105>=$E$11,$M105<$E$12),$J$11,IF($M105>=$E$12,$J$12,"error"))))))))) -> -0.792 | U105: =IF($M105=0,0,IF(AND($M105>=$E$5,$M105<$E$6),$K$5,IF(AND($M105>=$E$6,$M105<$E$7),$K$6,IF(AND($M105>=$E$7,$M105<$E$8),$K$7,IF(AND($M105>=$E$8,$M105<$E$9),$K$8,IF(AND($M105>=$E$9,$M105<$E$10),$K$9,IF(AND($M105>=$E$10,$M105<$E$11),$K$10,IF(AND($M105>=$E$11,$M105<$E$12),$K$11,IF($M105>=$E$12,$K$12,"error"))))))))) -> 0.076 | V105: =P105+Q105*O105+R105*I105 -> 0.55541046 | W105: =S105+T105*O105+U105*I105 -> 0.18003943 | X105: =D105*V105*MAX(0,J105)/H105 -> 123.27211 | Y105: =D105*(0.5*(1+COS($C$5))*(1-V105)+W105*SIN(ABS($C$5))) -> 83.800271 | Z105: =X105+Y105 -> 207.07238 | AA105: =IF(F105>0,F105*$B$7*(1-COS($C$5))/2,0) -> 34.646442 | AB105: =L105+Z105+AA105 -> 781.6915 | AC105: =L105+X105 -> 663.24479
A106: -0.5 | B106: =A106*PI()/12 -> -0.13089969 | C106: =IF($B$88<>0,(PI()/24)*(COS($B106)-COS($B$88))/($B$88*COS($B$88)-SIN($B$88)),0) -> 0.13247257 | D106: =IF(C106>0,$B$89*C106,0) -> 188.09977 | E106: =C106*($B$91+$B$92*COS(B106)) -> 0.14278188 | F106: =IF(C106>0,$B$90*E106,0) -> 663.93576 | G106: =IF(AND(F106>0,F106>D106),F106-D106,0) -> 475.83599 | H106: =SIN(RADIANS($B$87))*SIN(LAT)+COS(RADIANS($B$87))*COS(LAT)*COS(B106) -> 0.72642169 | I106: =ACOS(H106) -> 0.75769552 | J106: =SIN(RADIANS($B$87))*SIN(LAT)*COS($C$5)-SIN(RADIANS($B$87))*COS(LAT)*SIN($C$5)*COS($C$6)+COS(RADIANS($B$87))*COS(LAT)*COS($C$5)*COS(B106)+COS(RADIANS($B$87))*SIN(LAT)*SIN($C$5)*COS($C$6)*COS(B106)+COS(RADIANS($B$87))*SIN($C$6)*SIN(B106)*SIN($C$5) -> 0.9185418 | K106: =ACOS(J106) -> 0.40642041 | L106: =(G106/H106)*MAX(0,J106) -> 601.68255 | M106: =IF(D106=0,0,1+G106/(D106*H106)) -> 4.4824126 | N106: =1/H106 -> 1.3766109 | O106: =D106*N106/1367 -> 0.18942223 | P106: =IF($M106=0,0,IF(AND($M106>=$E$5,$M106<$E$6),$F$5,IF(AND($M106>=$E$6,$M106<$E$7),$F$6,IF(AND($M106>=$E$7,$M106<$E$8),$F$7,IF(AND($M106>=$E$8,$M106<$E$9),$F$8,IF(AND($M106>=$E$9,$M106<$E$10),$F$9,IF(AND($M106>=$E$10,$M106<$E$11),$F$10,IF(AND($M106>=$E$11,$M106<$E$12),$F$11,IF($M106>=$E$12,$F$12,"error"))))))))) -> 0.857 | Q106: =IF($M106=0,0,IF(AND($M106>=$E$5,$M106<$E$6),$G$5,IF(AND($M106>=$E$6,$M106<$E$7),$G$6,IF(AND($M106>=$E$7,$M106<$E$8),$G$7,IF(AND($M106>=$E$8,$M106<$E$9),$G$8,IF(AND($M106>=$E$9,$M106<$E$10),$G$9,IF(AND($M106>=$E$10,$M106<$E$11),$G$10,IF(AND($M106>=$E$11,$M106<$E$12),$G$11,IF($M106>=$E$12,$G$12,"error"))))))))) -> -0.37 | R106: =IF($M106=0,0,IF(AND($M106>=$E$5,$M106<$E$6),$H$5,IF(AND($M106>=$E$6,$M106<$E$7),$H$6,IF(AND($M106>=$E$7,$M106<$E$8),$H$7,IF(AND($M106>=$E$8,$M106<$E$9),$H$8,IF(AND($M106>=$E$9,$M106<$E$10),$H$9,IF(AND($M106>=$E$10,$M106<$E$11),$H$10,IF(AND($M106>=$E$11,$M106<$E$12),$H$11,IF($M106>=$E$12,$H$12,"error"))))))))) -> -0.279 | S106: =IF($M106=0,0,IF(AND($M106>=$E$5,$M106<$E$6),$I$5,IF(AND($M106>=$E$6,$M106<$E$7),$I$6,IF(AND($M106>=$E$7,$M106<$E$8),$I$7,IF(AND($M106>=$E$8,$M106<$E$9),$I$8,IF(AND($M106>=$E$9,$M106<$E$10),$I$9,IF(AND($M106>=$E$10,$M106<$E$11),$I$10,IF(AND($M106>=$E$11,$M106<$E$12),$I$11,IF($M106>=$E$12,$I$12,"error"))))))))) -> 0.267 | T106: =IF($M106=0,0,IF(AND($M106>=$E$5,$M106<$E$6),$J$5,IF(AND($M106>=$E$6,$M106<$E$7),$J$6,IF(AND($M106>=$E$7,$M106<$E$8),$J$7,IF(AND($M106>=$E$8,$M106<$E$9),$J$8,IF(AND($M106>=$E$9,$M106<$E$10),$J$9,IF(AND($M106>=$E$10,$M106<$E$11),$J$10,IF(AND($M106>=$E$11,$M106<$E$12),$J$11,IF($M106>=$E$12,$J$12,"error"))))))))) -> -0.792 | U106: =IF($M106=0,0,IF(AND($M106>=$E$5,$M106<$E$6),$K$5,IF(AND($M106>=$E$6,$M106<$E$7),$K$6,IF(AND($M106>=$E$7,$M106<$E$8),$K$7,IF(AND($M106>=$E$8,$M106<$E$9),$K$8,IF(AND($M106>=$E$9,$M106<$E$10),$K$9,IF(AND($M106>=$E$10,$M106<$E$11),$K$10,IF(AND($M106>=$E$11,$M106<$E$12),$K$11,IF($M106>=$E$12,$K$12,"error"))))))))) -> 0.076 | V106: =P106+Q106*O106+R106*I106 -> 0.57551672 | W106: =S106+T106*O106+U106*I106 -> 0.17456245 | X106: =D106*V106*MAX(0,J106)/H106 -> 136.88515 | Y106: =D106*(0.5*(1+COS($C$5))*(1-V106)+W106*SIN(ABS($C$5))) -> 86.553383 | Z106: =X106+Y106 -> 223.43853 | AA106: =IF(F106>0,F106*$B$7*(1-COS($C$5))/2,0) -> 38.334439 | AB106: =L106+Z106+AA106 -> 863.45552 | AC106: =L106+X106 -> 738.56769
... A118: 11.5 | B118: =A118*PI()/12 -> 3.010693 | C118: =IF($B$88<>0,(PI()/24)*(COS($B118)-COS($B$88))/($B$88*COS($B$88)-SIN($B$88)),0) -> -0.14245473 | D118: =IF(C118>0,$B$89*C118,0) -> 0 | E118: =C118*($B$91+$B$92*COS(B118)) -> -0.029940842 | F118: =IF(C118>0,$B$90*E118,0) -> 0 | G118: =IF(AND(F118>0,F118>D118),F118-D118,0) -> 0 | H118: =SIN(RADIANS($B$87))*SIN(LAT)+COS(RADIANS($B$87))*COS(LAT)*COS(B118) -> -0.7811595 | I118: =ACOS(H118) -> 2.4673172 | J118: =SIN(RADIANS($B$87))*SIN(LAT)*COS($C$5)-SIN(RADIANS($B$87))*COS(LAT)*SIN($C$5)*COS($C$6)+COS(RADIANS($B$87))*COS(LAT)*COS($C$5)*COS(B118)+COS(RADIANS($B$87))*SIN(LAT)*SIN($C$5)*COS($C$6)*COS(B118)+COS(RADIANS($B$87))*SIN($C$6)*SIN(B118)*SIN($C$5) -> -0.88348722 | K118: =ACOS(J118) -> 2.6540511 | L118: =(G118/H118)*MAX(0,J118) -> 0 | M118: =IF(D118=0,0,1+G118/(D118*H118)) -> 0 | N118: =1/H118 -> -1.2801483 | O118: =D118*N118/1367 -> 0 | P118: =IF($M118=0,0,IF(AND($M118>=$E$5,$M118<$E$6),$F$5,IF(AND($M118>=$E$6,$M118<$E$7),$F$6,IF(AND($M118>=$E$7,$M118<$E$8),$F$7,IF(AND($M118>=$E$8,$M118<$E$9),$F$8,IF(AND($M118>=$E$9,$M118<$E$10),$F$9,IF(AND($M118>=$E$10,$M118<$E$11),$F$10,IF(AND($M118>=$E$11,$M118<$E$12),$F$11,IF($M118>=$E$12,$F$12,"error"))))))))) -> 0 | Q118: =IF($M118=0,0,IF(AND($M118>=$E$5,$M118<$E$6),$G$5,IF(AND($M118>=$E$6,$M118<$E$7),$G$6,IF(AND($M118>=$E$7,$M118<$E$8),$G$7,IF(AND($M118>=$E$8,$M118<$E$9),$G$8,IF(AND($M118>=$E$9,$M118<$E$10),$G$9,IF(AND($M118>=$E$10,$M118<$E$11),$G$10,IF(AND($M118>=$E$11,$M118<$E$12),$G$11,IF($M118>=$E$12,$G$12,"error"))))))))) -> 0 | R118: =IF($M118=0,0,IF(AND($M118>=$E$5,$M118<$E$6),$H$5,IF(AND($M118>=$E$6,$M118<$E$7),$H$6,IF(AND($M118>=$E$7,$M118<$E$8),$H$7,IF(AND($M118>=$E$8,$M118<$E$9),$H$8,IF(AND($M118>=$E$9,$M118<$E$10),$H$9,IF(AND($M118>=$E$10,$M118<$E$11),$H$10,IF(AND($M118>=$E$11,$M118<$E$12),$H$11,IF($M118>=$E$12,$H$12,"error"))))))))) -> 0 | S118: =IF($M118=0,0,IF(AND($M118>=$E$5,$M118<$E$6),$I$5,IF(AND($M118>=$E$6,$M118<$E$7),$I$6,IF(AND($M118>=$E$7,$M118<$E$8),$I$7,IF(AND($M118>=$E$8,$M118<$E$9),$I$8,IF(AND($M118>=$E$9,$M118<$E$10),$I$9,IF(AND($M118>=$E$10,$M118<$E$11),$I$10,IF(AND($M118>=$E$11,$M118<$E$12),$I$11,IF($M118>=$E$12,$I$12,"error"))))))))) -> 0 | T118: =IF($M118=0,0,IF(AND($M118>=$E$5,$M118<$E$6),$J$5,IF(AND($M118>=$E$6,$M118<$E$7),$J$6,IF(AND($M118>=$E$7,$M118<$E$8),$J$7,IF(AND($M118>=$E$8,$M118<$E$9),$J$8,IF(AND($M118>=$E$9,$M118<$E$10),$J$9,IF(AND($M118>=$E$10,$M118<$E$11),$J$10,IF(AND($M118>=$E$11,$M118<$E$12),$J$11,IF($M118>=$E$12,$J$12,"error"))))))))) -> 0 | U118: =IF($M118=0,0,IF(AND($M118>=$E$5,$M118<$E$6),$K$5,IF(AND($M118>=$E$6,$M118<$E$7),$K$6,IF(AND($M118>=$E$7,$M118<$E$8),$K$7,IF(AND($M118>=$E$8,$M118<$E$9),$K$8,IF(AND($M118>=$E$9,$M118<$E$10),$K$9,IF(AND($M118>=$E$10,$M118<$E$11),$K$10,IF(AND($M118>=$E$11,$M118<$E$12),$K$11,IF($M118>=$E$12,$K$12,"error"))))))))) -> 0 | V118: =P118+Q118*O118+R118*I118 -> 0 | W118: =S118+T118*O118+U118*I118 -> 0 | X118: =D118*V118*MAX(0,J118)/H118 -> 0 | Y118: =D118*(0.5*(1+COS($C$5))*(1-V118)+W118*SIN(ABS($C$5))) -> 0 | Z118: =X118+Y118 -> 0 | AA118: =IF(F118>0,F118*$B$7*(1-COS($C$5))/2,0) -> 0 | AB118: =L118+Z118+AA118 -> 0 | AC118: =L118+X118 -> 0
D119: =SUM(D95:D118) -> 1423.2439 | F119: =SUM(F95:F118) -> 4616.4672 | G119: =SUM(G95:G118) -> 3193.2232 | L119: =SUM(L95:L118) -> 4132.8512 | Z119: =SUM(Z95:Z118) -> 1706.7705 | AA119: =SUM(AA95:AA118) -> 266.54638 | AB119: =SUM(AB95:AB118) -> 6106.1681 | AC119: =SUM(AC95:AC118) -> 5103.312
A121: MES: | B121: =Gdm!A17 -> 4
A122: Epsilon_0 = | B122: =Gdm!C17 -> 0.99226178
A123: Declinación (º)= | B123: =Gdm!D17 -> 9.4148933
A124: Ws (rad)= | B124: =Gdm!H17 -> -1.7126417 | C124: Ws (º): | D124: =B124*180/PI() -> -98.12714
A125: Ddm(0) (Wh/m2) = | B125: =Gdm!N17 -> 1851.9951 | C125: Ws (h): | D125: =D124/15 -> -6.5418093
A126: Gdm(0) (Wh/m2) = | B126: =Gdm!K17 -> 5750
A127: a= | B127: =0.409-0.5016*SIN(B124+PI()/3) -> 0.71869214
A128: b= | B128: =0.6609+0.4767*SIN(B124+PI()/3) -> 0.36658134
Z129: D=Dc+Di+bh
A130: w (h) | B130: w (rad) | C130: rd | D130: D(0) | E130: rg | F130: G(0) | G130: B(0) | H130: Cos(qZS) | I130: qZS (rad) | J130: Cos(qS) | K130: qS (rad) | L130: B(a,b) | M130: epsilon | N130: AM | O130: delta | P130: k31 | Q130: k32 | R130: k33 | S130: k41 | T130: k42 | U130: k43 | V130: k3 | W130: k4 | X130: Dc(a,b) | Y130: Di+bh (a,b) | Z130: D(a,b) | AA130: R(a,b) | AB130: G(a,b)=Ghm(a,b) | AC130: B(a,b)+Dc(a,b)
A131: -11.5 | B131: =A131*PI()/12 -> -3.010693 | C131: =(PI()/24)*(COS($B131)-COS($B$124))/($B$124*COS($B$124)-SIN($B$124)) -> -0.090314854 | D131: =IF(C131>0,$B$125*C131,0) -> 0 | E131: =C131*($B$127+$B$128*COS(B131)) -> -0.032084077 | F131: =IF(C131>0,$B$126*E131,0) -> 0 | G131: =IF(AND(F131>0,F131>D131),F131-D131,0) -> 0 | H131: =SIN(RADIANS($B$123))*SIN(LAT)+COS(RADIANS($B$123))*COS(LAT)*COS(B131) -> -0.63816967 | I131: =ACOS(H131) -> 2.2629149 | J131: =SIN(RADIANS($B$123))*SIN(LAT)*COS($C$5)-SIN(RADIANS($B$123))*COS(LAT)*SIN($C$5)*COS($C$6)+COS(RADIANS($B$123))*COS(LAT)*COS($C$5)*COS(B131)+COS(RADIANS($B$123))*SIN(LAT)*SIN($C$5)*COS($C$6)*COS(B131)+COS(RADIANS($B$123))*SIN($C$6)*SIN(B131)*SIN($C$5) -> -0.95763591 | K131: =ACOS(J131) -> 2.8494741 | L131: =(G131/H131)*MAX(0,J131) -> 0 | M131: =IF(D131=0,0,1+G131/(D131*H131)) -> 0 | N131: =1/H131 -> -1.5669814 | O131: =D131*N131/1367 -> 0 | P131: =IF($M131=0,0,IF(AND($M131>=$E$5,$M131<$E$6),$F$5,IF(AND($M131>=$E$6,$M131<$E$7),$F$6,IF(AND($M131>=$E$7,$M131<$E$8),$F$7,IF(AND($M131>=$E$8,$M131<$E$9),$F$8,IF(AND($M131>=$E$9,$M131<$E$10),$F$9,IF(AND($M131>=$E$10,$M131<$E$11),$F$10,IF(AND($M131>=$E$11,$M131<$E$12),$F$11,IF($M131>=$E$12,$F$12,"error"))))))))) -> 0 | Q131: =IF($M131=0,0,IF(AND($M131>=$E$5,$M131<$E$6),$G$5,IF(AND($M131>=$E$6,$M131<$E$7),$G$6,IF(AND($M131>=$E$7,$M131<$E$8),$G$7,IF(AND($M131>=$E$8,$M131<$E$9),$G$8,IF(AND($M131>=$E$9,$M131<$E$10),$G$9,IF(AND($M131>=$E$10,$M131<$E$11),$G$10,IF(AND($M131>=$E$11,$M131<$E$12),$G$11,IF($M131>=$E$12,$G$12,"error"))))))))) -> 0 | R131: =IF($M131=0,0,IF(AND($M131>=$E$5,$M131<$E$6),$H$5,IF(AND($M131>=$E$6,$M131<$E$7),$H$6,IF(AND($M131>=$E$7,$M131<$E$8),$H$7,IF(AND($M131>=$E$8,$M131<$E$9),$H$8,IF(AND($M131>=$E$9,$M131<$E$10),$H$9,IF(AND($M131>=$E$10,$M131<$E$11),$H$10,IF(AND($M131>=$E$11,$M131<$E$12),$H$11,IF($M131>=$E$12,$H$12,"error"))))))))) -> 0 | S131: =IF($M131=0,0,IF(AND($M131>=$E$5,$M131<$E$6),$I$5,IF(AND($M131>=$E$6,$M131<$E$7),$I$6,IF(AND($M131>=$E$7,$M131<$E$8),$I$7,IF(AND($M131>=$E$8,$M131<$E$9),$I$8,IF(AND($M131>=$E$9,$M131<$E$10),$I$9,IF(AND($M131>=$E$10,$M131<$E$11),$I$10,IF(AND($M131>=$E$11,$M131<$E$12),$I$11,IF($M131>=$E$12,$I$12,"error"))))))))) -> 0 | T131: =IF($M131=0,0,IF(AND($M131>=$E$5,$M131<$E$6),$J$5,IF(AND($M131>=$E$6,$M131<$E$7),$J$6,IF(AND($M131>=$E$7,$M131<$E$8),$J$7,IF(AND($M131>=$E$8,$M131<$E$9),$J$8,IF(AND($M131>=$E$9,$M131<$E$10),$J$9,IF(AND($M131>=$E$10,$M131<$E$11),$J$10,IF(AND($M131>=$E$11,$M131<$E$12),$J$11,IF($M131>=$E$12,$J$12,"error"))))))))) -> 0 | U131: =IF($M131=0,0,IF(AND($M131>=$E$5,$M131<$E$6),$K$5,IF(AND($M131>=$E$6,$M131<$E$7),$K$6,IF(AND($M131>=$E$7,$M131<$E$8),$K$7,IF(AND($M131>=$E$8,$M131<$E$9),$K$8,IF(AND($M131>=$E$9,$M131<$E$10),$K$9,IF(AND($M131>=$E$10,$M131<$E$11),$K$10,IF(AND($M131>=$E$11,$M131<$E$12),$K$11,IF($M131>=$E$12,$K$12,"error"))))))))) -> 0 | V131: =P131+Q131*O131+R131*I131 -> 0 | W131: =S131+T131*O131+U131*I131 -> 0 | X131: =D131*V131*MAX(0,J131)/H131 -> 0 | Y131: =D131*(0.5*(1+COS($C$5))*(1-V131)+W131*SIN(ABS($C$5))) -> 0 | Z131: =X131+Y131 -> 0 | AA131: =IF(F131>0,F131*$B$7*(1-COS($C$5))/2,0) -> 0 | AB131: =L131+Z131+AA131 -> 0 | AC131: =L131+X131 -> 0
A132: -10.5 | B132: =A132*PI()/12 -> -2.7488936 | C132: =(PI()/24)*(COS($B132)-COS($B$124))/($B$124*COS($B$124)-SIN($B$124)) -> -0.083136481 | D132: =IF(C132>0,$B$125*C132,0) -> 0 | E132: =C132*($B$127+$B$128*COS(B132)) -> -0.031593122 | F132: =IF(C132>0,$B$126*E132,0) -> 0 | G132: =IF(AND(F132>0,F132>D132),F132-D132,0) -> 0 | H132: =SIN(RADIANS($B$123))*SIN(LAT)+COS(RADIANS($B$123))*COS(LAT)*COS(B132) -> -0.5874469 | I132: =ACOS(H132) -> 2.1986967 | J132: =SIN(RADIANS($B$123))*SIN(LAT)*COS($C$5)-SIN(RADIANS($B$123))*COS(LAT)*SIN($C$5)*COS($C$6)+COS(RADIANS($B$123))*COS(LAT)*COS($C$5)*COS(B132)+COS(RADIANS($B$123))*SIN(LAT)*SIN($C$5)*COS($C$6)*COS(B132)+COS(RADIANS($B$123))*SIN($C$6)*SIN(B132)*SIN($C$5) -> -0.8970064 | K132: =ACOS(J132) -> 2.683746 | L132: =(G132/H132)*MAX(0,J132) -> 0 | M132: =IF(D132=0,0,1+G132/(D132*H132)) -> 0 | N132: =1/H132 -> -1.7022815 | O132: =D132*N132/1367 -> 0 | P132: =IF($M132=0,0,IF(AND($M132>=$E$5,$M132<$E$6),$F$5,IF(AND($M132>=$E$6,$M132<$E$7),$F$6,IF(AND($M132>=$E$7,$M132<$E$8),$F$7,IF(AND($M132>=$E$8,$M132<$E$9),$F$8,IF(AND($M132>=$E$9,$M132<$E$10),$F$9,IF(AND($M132>=$E$10,$M132<$E$11),$F$10,IF(AND($M132>=$E$11,$M132<$E$12),$F$11,IF($M132>=$E$12,$F$12,"error"))))))))) -> 0 | Q132: =IF($M132=0,0,IF(AND($M132>=$E$5,$M132<$E$6),$G$5,IF(AND($M132>=$E$6,$M132<$E$7),$G$6,IF(AND($M132>=$E$7,$M132<$E$8),$G$7,IF(AND($M132>=$E$8,$M132<$E$9),$G$8,IF(AND($M132>=$E$9,$M132<$E$10),$G$9,IF(AND($M132>=$E$10,$M132<$E$11),$G$10,IF(AND($M132>=$E$11,$M132<$E$12),$G$11,IF($M132>=$E$12,$G$12,"error"))))))))) -> 0 | R132: =IF($M132=0,0,IF(AND($M132>=$E$5,$M132<$E$6),$H$5,IF(AND($M132>=$E$6,$M132<$E$7),$H$6,IF(AND($M132>=$E$7,$M132<$E$8),$H$7,IF(AND($M132>=$E$8,$M132<$E$9),$H$8,IF(AND($M132>=$E$9,$M132<$E$10),$H$9,IF(AND($M132>=$E$10,$M132<$E$11),$H$10,IF(AND($M132>=$E$11,$M132<$E$12),$H$11,IF($M132>=$E$12,$H$12,"error"))))))))) -> 0 | S132: =IF($M132=0,0,IF(AND($M132>=$E$5,$M132<$E$6),$I$5,IF(AND($M132>=$E$6,$M132<$E$7),$I$6,IF(AND($M132>=$E$7,$M132<$E$8),$I$7,IF(AND($M132>=$E$8,$M132<$E$9),$I$8,IF(AND($M132>=$E$9,$M132<$E$10),$I$9,IF(AND($M132>=$E$10,$M132<$E$11),$I$10,IF(AND($M132>=$E$11,$M132<$E$12),$I$11,IF($M132>=$E$12,$I$12,"error"))))))))) -> 0 | T132: =IF($M132=0,0,IF(AND($M132>=$E$5,$M132<$E$6),$J$5,IF(AND($M132>=$E$6,$M132<$E$7),$J$6,IF(AND($M132>=$E$7,$M132<$E$8),$J$7,IF(AND($M132>=$E$8,$M132<$E$9),$J$8,IF(AND($M132>=$E$9,$M132<$E$10),$J$9,IF(AND($M132>=$E$10,$M132<$E$11),$J$10,IF(AND($M132>=$E$11,$M132<$E$12),$J$11,IF($M132>=$E$12,$J$12,"error"))))))))) -> 0 | U132: =IF($M132=0,0,IF(AND($M132>=$E$5,$M132<$E$6),$K$5,IF(AND($M132>=$E$6,$M132<$E$7),$K$6,IF(AND($M132>=$E$7,$M132<$E$8),$K$7,IF(AND($M132>=$E$8,$M132<$E$9),$K$8,IF(AND($M132>=$E$9,$M132<$E$10),$K$9,IF(AND($M132>=$E$10,$M132<$E$11),$K$10,IF(AND($M132>=$E$11,$M132<$E$12),$K$11,IF($M132>=$E$12,$K$12,"error"))))))))) -> 0 | V132: =P132+Q132*O132+R132*I132 -> 0 | W132: =S132+T132*O132+U132*I132 -> 0 | X132: =D132*V132*MAX(0,J132)/H132 -> 0 | Y132: =D132*(0.5*(1+COS($C$5))*(1-V132)+W132*SIN(ABS($C$5))) -> 0 | Z132: =X132+Y132 -> 0 | AA132: =IF(F132>0,F132*$B$7*(1-COS($C$5))/2,0) -> 0 | AB132: =L132+Z132+AA132 -> 0 | AC132: =L132+X132 -> 0
A133: -9.5 | B133: =A133*PI()/12 -> -2.4870942 | C133: =(PI()/24)*(COS($B133)-COS($B$124))/($B$124*COS($B$124)-SIN($B$124)) -> -0.069268931 | D133: =IF(C133>0,$B$125*C133,0) -> 0 | E133: =C133*($B$127+$B$128*COS(B133)) -> -0.029637655 | F133: =IF(C133>0,$B$126*E133,0) -> 0 | G133: =IF(AND(F133>0,F133>D133),F133-D133,0) -> 0 | H133: =SIN(RADIANS($B$123))*SIN(LAT)+COS(RADIANS($B$123))*COS(LAT)*COS(B133) -> -0.48945803 | I133: =ACOS(H133) -> 2.0822645 | J133: =SIN(RADIANS($B$123))*SIN(LAT)*COS($C$5)-SIN(RADIANS($B$123))*COS(LAT)*SIN($C$5)*COS($C$6)+COS(RADIANS($B$123))*COS(LAT)*COS($C$5)*COS(B133)+COS(RADIANS($B$123))*SIN(LAT)*SIN($C$5)*COS($C$6)*COS(B133)+COS(RADIANS($B$123))*SIN($C$6)*SIN(B133)*SIN($C$5) -> -0.77987919 | K133: =ACOS(J133) -> 2.4652691 | L133: =(G133/H133)*MAX(0,J133) -> 0 | M133: =IF(D133=0,0,1+G133/(D133*H133)) -> 0 | N133: =1/H133 -> -2.0430761 | O133: =D133*N133/1367 -> 0 | P133: =IF($M133=0,0,IF(AND($M133>=$E$5,$M133<$E$6),$F$5,IF(AND($M133>=$E$6,$M133<$E$7),$F$6,IF(AND($M133>=$E$7,$M133<$E$8),$F$7,IF(AND($M133>=$E$8,$M133<$E$9),$F$8,IF(AND($M133>=$E$9,$M133<$E$10),$F$9,IF(AND($M133>=$E$10,$M133<$E$11),$F$10,IF(AND($M133>=$E$11,$M133<$E$12),$F$11,IF($M133>=$E$12,$F$12,"error"))))))))) -> 0 | Q133: =IF($M133=0,0,IF(AND($M133>=$E$5,$M133<$E$6),$G$5,IF(AND($M133>=$E$6,$M133<$E$7),$G$6,IF(AND($M133>=$E$7,$M133<$E$8),$G$7,IF(AND($M133>=$E$8,$M133<$E$9),$G$8,IF(AND($M133>=$E$9,$M133<$E$10),$G$9,IF(AND($M133>=$E$10,$M133<$E$11),$G$10,IF(AND($M133>=$E$11,$M133<$E$12),$G$11,IF($M133>=$E$12,$G$12,"error"))))))))) -> 0 | R133: =IF($M133=0,0,IF(AND($M133>=$E$5,$M133<$E$6),$H$5,IF(AND($M133>=$E$6,$M133<$E$7),$H$6,IF(AND($M133>=$E$7,$M133<$E$8),$H$7,IF(AND($M133>=$E$8,$M133<$E$9),$H$8,IF(AND($M133>=$E$9,$M133<$E$10),$H$9,IF(AND($M133>=$E$10,$M133<$E$11),$H$10,IF(AND($M133>=$E$11,$M133<$E$12),$H$11,IF($M133>=$E$12,$H$12,"error"))))))))) -> 0 | S133: =IF($M133=0,0,IF(AND($M133>=$E$5,$M133<$E$6),$I$5,IF(AND($M133>=$E$6,$M133<$E$7),$I$6,IF(AND($M133>=$E$7,$M133<$E$8),$I$7,IF(AND($M133>=$E$8,$M133<$E$9),$I$8,IF(AND($M133>=$E$9,$M133<$E$10),$I$9,IF(AND($M133>=$E$10,$M133<$E$11),$I$10,IF(AND($M133>=$E$11,$M133<$E$12),$I$11,IF($M133>=$E$12,$I$12,"error"))))))))) -> 0 | T133: =IF($M133=0,0,IF(AND($M133>=$E$5,$M133<$E$6),$J$5,IF(AND($M133>=$E$6,$M133<$E$7),$J$6,IF(AND($M133>=$E$7,$M133<$E$8),$J$7,IF(AND($M133>=$E$8,$M133<$E$9),$J$8,IF(AND($M133>=$E$9,$M133<$E$10),$J$9,IF(AND($M133>=$E$10,$M133<$E$11),$J$10,IF(AND($M133>=$E$11,$M133<$E$12),$J$11,IF($M133>=$E$12,$J$12,"error"))))))))) -> 0 | U133: =IF($M133=0,0,IF(AND($M133>=$E$5,$M133<$E$6),$K$5,IF(AND($M133>=$E$6,$M133<$E$7),$K$6,IF(AND($M133>=$E$7,$M133<$E$8),$K$7,IF(AND($M133>=$E$8,$M133<$E$9),$K$8,IF(AND($M133>=$E$9,$M133<$E$10),$K$9,IF(AND($M133>=$E$10,$M133<$E$11),$K$10,IF(AND($M133>=$E$11,$M133<$E$12),$K$11,IF($M133>=$E$12,$K$12,"error"))))))))) -> 0 | V133: =P133+Q133*O133+R133*I133 -> 0 | W133: =S133+T133*O133+U133*I133 -> 0 | X133: =D133*V133*MAX(0,J133)/H133 -> 0 | Y133: =D133*(0.5*(1+COS($C$5))*(1-V133)+W133*SIN(ABS($C$5))) -> 0 | Z133: =X133+Y133 -> 0 | AA133: =IF(F133>0,F133*$B$7*(1-COS($C$5))/2,0) -> 0 | AB133: =L133+Z133+AA133 -> 0 | AC133: =L133+X133 -> 0
A134: -8.5 | B134: =A134*PI()/12 -> -2.2252948 | C134: =(PI()/24)*(COS($B134)-COS($B$124))/($B$124*COS($B$124)-SIN($B$124)) -> -0.049657252 | D134: =IF(C134>0,$B$125*C134,0) -> 0 | E134: =C134*($B$127+$B$128*COS(B134)) -> -0.024606735 | F134: =IF(C134>0,$B$126*E134,0) -> 0 | G134: =IF(AND(F134>0,F134>D134),F134-D134,0) -> 0 | H134: =SIN(RADIANS($B$123))*SIN(LAT)+COS(RADIANS($B$123))*COS(LAT)*COS(B134) -> -0.35088084 | I134: =ACOS(H134) -> 1.9293079 | J134: =SIN(RADIANS($B$123))*SIN(LAT)*COS($C$5)-SIN(RADIANS($B$123))*COS(LAT)*SIN($C$5)*COS($C$6)+COS(RADIANS($B$123))*COS(LAT)*COS($C$5)*COS(B134)+COS(RADIANS($B$123))*SIN(LAT)*SIN($C$5)*COS($C$6)*COS(B134)+COS(RADIANS($B$123))*SIN($C$6)*SIN(B134)*SIN($C$5) -> -0.61423629 | K134: =ACOS(J134) -> 2.2322141 | L134: =(G134/H134)*MAX(0,J134) -> 0 | M134: =IF(D134=0,0,1+G134/(D134*H134)) -> 0 | N134: =1/H134 -> -2.8499704 | O134: =D134*N134/1367 -> 0 | P134: =IF($M134=0,0,IF(AND($M134>=$E$5,$M134<$E$6),$F$5,IF(AND($M134>=$E$6,$M134<$E$7),$F$6,IF(AND($M134>=$E$7,$M134<$E$8),$F$7,IF(AND($M134>=$E$8,$M134<$E$9),$F$8,IF(AND($M134>=$E$9,$M134<$E$10),$F$9,IF(AND($M134>=$E$10,$M134<$E$11),$F$10,IF(AND($M134>=$E$11,$M134<$E$12),$F$11,IF($M134>=$E$12,$F$12,"error"))))))))) -> 0 | Q134: =IF($M134=0,0,IF(AND($M134>=$E$5,$M134<$E$6),$G$5,IF(AND($M134>=$E$6,$M134<$E$7),$G$6,IF(AND($M134>=$E$7,$M134<$E$8),$G$7,IF(AND($M134>=$E$8,$M134<$E$9),$G$8,IF(AND($M134>=$E$9,$M134<$E$10),$G$9,IF(AND($M134>=$E$10,$M134<$E$11),$G$10,IF(AND($M134>=$E$11,$M134<$E$12),$G$11,IF($M134>=$E$12,$G$12,"error"))))))))) -> 0 | R134: =IF($M134=0,0,IF(AND($M134>=$E$5,$M134<$E$6),$H$5,IF(AND($M134>=$E$6,$M134<$E$7),$H$6,IF(AND($M134>=$E$7,$M134<$E$8),$H$7,IF(AND($M134>=$E$8,$M134<$E$9),$H$8,IF(AND($M134>=$E$9,$M134<$E$10),$H$9,IF(AND($M134>=$E$10,$M134<$E$11),$H$10,IF(AND($M134>=$E$11,$M134<$E$12),$H$11,IF($M134>=$E$12,$H$12,"error"))))))))) -> 0 | S134: =IF($M134=0,0,IF(AND($M134>=$E$5,$M134<$E$6),$I$5,IF(AND($M134>=$E$6,$M134<$E$7),$I$6,IF(AND($M134>=$E$7,$M134<$E$8),$I$7,IF(AND($M134>=$E$8,$M134<$E$9),$I$8,IF(AND($M134>=$E$9,$M134<$E$10),$I$9,IF(AND($M134>=$E$10,$M134<$E$11),$I$10,IF(AND($M134>=$E$11,$M134<$E$12),$I$11,IF($M134>=$E$12,$I$12,"error"))))))))) -> 0 | T134: =IF($M134=0,0,IF(AND($M134>=$E$5,$M134<$E$6),$J$5,IF(AND($M134>=$E$6,$M134<$E$7),$J$6,IF(AND($M134>=$E$7,$M134<$E$8),$J$7,IF(AND($M134>=$E$8,$M134<$E$9),$J$8,IF(AND($M134>=$E$9,$M134<$E$10),$J$9,IF(AND($M134>=$E$10,$M134<$E$11),$J$10,IF(AND($M134>=$E$11,$M134<$E$12),$J$11,IF($M134>=$E$12,$J$12,"error"))))))))) -> 0 | U134: =IF($M134=0,0,IF(AND($M134>=$E$5,$M134<$E$6),$K$5,IF(AND($M134>=$E$6,$M134<$E$7),$K$6,IF(AND($M134>=$E$7,$M134<$E$8),$K$7,IF(AND($M134>=$E$8,$M134<$E$9),$K$8,IF(AND($M134>=$E$9,$M134<$E$10),$K$9,IF(AND($M134>=$E$10,$M134<$E$11),$K$10,IF(AND($M134>=$E$11,$M134<$E$12),$K$11,IF($M134>=$E$12,$K$12,"error"))))))))) -> 0 | V134: =P134+Q134*O134+R134*I134 -> 0 | W134: =S134+T134*O134+U134*I134 -> 0 | X134: =D134*V134*MAX(0,J134)/H134 -> 0 | Y134: =D134*(0.5*(1+COS($C$5))*(1-V134)+W134*SIN(ABS($C$5))) -> 0 | Z134: =X134+Y134 -> 0 | AA134: =IF(F134>0,F134*$B$7*(1-COS($C$5))/2,0) -> 0 | AB134: =L134+Z134+AA134 -> 0 | AC134: =L134+X134 -> 0
A135: -7.5 | B135: =A135*PI()/12 -> -1.9634954 | C135: =(PI()/24)*(COS($B135)-COS($B$124))/($B$124*COS($B$124)-SIN($B$124)) -> -0.025637949 | D135: =IF(C135>0,$B$125*C135,0) -> 0 | E135: =C135*($B$127+$B$128*COS(B135)) -> -0.014829183 | F135: =IF(C135>0,$B$126*E135,0) -> 0 | G135: =IF(AND(F135>0,F135>D135),F135-D135,0) -> 0 | H135: =SIN(RADIANS($B$123))*SIN(LAT)+COS(RADIANS($B$123))*COS(LAT)*COS(B135) -> -0.18115914 | I135: =ACOS(H135) -> 1.7529613 | J135: =SIN(RADIANS($B$123))*SIN(LAT)*COS($C$5)-SIN(RADIANS($B$123))*COS(LAT)*SIN($C$5)*COS($C$6)+COS(RADIANS($B$123))*COS(LAT)*COS($C$5)*COS(B135)+COS(RADIANS($B$123))*SIN(LAT)*SIN($C$5)*COS($C$6)*COS(B135)+COS(RADIANS($B$123))*SIN($C$6)*SIN(B135)*SIN($C$5) -> -0.41136601 | K135: =ACOS(J135) -> 1.9947486 | L135: =(G135/H135)*MAX(0,J135) -> 0 | M135: =IF(D135=0,0,1+G135/(D135*H135)) -> 0 | N135: =1/H135 -> -5.5200085 | O135: =D135*N135/1367 -> 0 | P135: =IF($M135=0,0,IF(AND($M135>=$E$5,$M135<$E$6),$F$5,IF(AND($M135>=$E$6,$M135<$E$7),$F$6,IF(AND($M135>=$E$7,$M135<$E$8),$F$7,IF(AND($M135>=$E$8,$M135<$E$9),$F$8,IF(AND($M135>=$E$9,$M135<$E$10),$F$9,IF(AND($M135>=$E$10,$M135<$E$11),$F$10,IF(AND($M135>=$E$11,$M135<$E$12),$F$11,IF($M135>=$E$12,$F$12,"error"))))))))) -> 0 | Q135: =IF($M135=0,0,IF(AND($M135>=$E$5,$M135<$E$6),$G$5,IF(AND($M135>=$E$6,$M135<$E$7),$G$6,IF(AND($M135>=$E$7,$M135<$E$8),$G$7,IF(AND($M135>=$E$8,$M135<$E$9),$G$8,IF(AND($M135>=$E$9,$M135<$E$10),$G$9,IF(AND($M135>=$E$10,$M135<$E$11),$G$10,IF(AND($M135>=$E$11,$M135<$E$12),$G$11,IF($M135>=$E$12,$G$12,"error"))))))))) -> 0 | R135: =IF($M135=0,0,IF(AND($M135>=$E$5,$M135<$E$6),$H$5,IF(AND($M135>=$E$6,$M135<$E$7),$H$6,IF(AND($M135>=$E$7,$M135<$E$8),$H$7,IF(AND($M135>=$E$8,$M135<$E$9),$H$8,IF(AND($M135>=$E$9,$M135<$E$10),$H$9,IF(AND($M135>=$E$10,$M135<$E$11),$H$10,IF(AND($M135>=$E$11,$M135<$E$12),$H$11,IF($M135>=$E$12,$H$12,"error"))))))))) -> 0 | S135: =IF($M135=0,0,IF(AND($M135>=$E$5,$M135<$E$6),$I$5,IF(AND($M135>=$E$6,$M135<$E$7),$I$6,IF(AND($M135>=$E$7,$M135<$E$8),$I$7,IF(AND($M135>=$E$8,$M135<$E$9),$I$8,IF(AND($M135>=$E$9,$M135<$E$10),$I$9,IF(AND($M135>=$E$10,$M135<$E$11),$I$10,IF(AND($M135>=$E$11,$M135<$E$12),$I$11,IF($M135>=$E$12,$I$12,"error"))))))))) -> 0 | T135: =IF($M135=0,0,IF(AND($M135>=$E$5,$M135<$E$6),$J$5,IF(AND($M135>=$E$6,$M135<$E$7),$J$6,IF(AND($M135>=$E$7,$M135<$E$8),$J$7,IF(AND($M135>=$E$8,$M135<$E$9),$J$8,IF(AND($M135>=$E$9,$M135<$E$10),$J$9,IF(AND($M135>=$E$10,$M135<$E$11),$J$10,IF(AND($M135>=$E$11,$M135<$E$12),$J$11,IF($M135>=$E$12,$J$12,"error"))))))))) -> 0 | U135: =IF($M135=0,0,IF(AND($M135>=$E$5,$M135<$E$6),$K$5,IF(AND($M135>=$E$6,$M135<$E$7),$K$6,IF(AND($M135>=$E$7,$M135<$E$8),$K$7,IF(AND($M135>=$E$8,$M135<$E$9),$K$8,IF(AND($M135>=$E$9,$M135<$E$10),$K$9,IF(AND($M135>=$E$10,$M135<$E$11),$K$10,IF(AND($M135>=$E$11,$M135<$E$12),$K$11,IF($M135>=$E$12,$K$12,"error"))))))))) -> 0 | V135: =P135+Q135*O135+R135*I135 -> 0 | W135: =S135+T135*O135+U135*I135 -> 0 | X135: =D135*V135*MAX(0,J135)/H135 -> 0 | Y135: =D135*(0.5*(1+COS($C$5))*(1-V135)+W135*SIN(ABS($C$5))) -> 0 | Z135: =X135+Y135 -> 0 | AA135: =IF(F135>0,F135*$B$7*(1-COS($C$5))/2,0) -> 0 | AB135: =L135+Z135+AA135 -> 0 | AC135: =L135+X135 -> 0
A136: -6.5 | B136: =A136*PI()/12 -> -1.701696 | C136: =(PI()/24)*(COS($B136)-COS($B$124))/($B$124*COS($B$124)-SIN($B$124)) -> 0.0011521019 | D136: =IF(C136>0,$B$125*C136,0) -> 2.133687 | E136: =C136*($B$127+$B$128*COS(B136)) -> 0.00077288025 | F136: =IF(C136>0,$B$126*E136,0) -> 4.4440615 | G136: =IF(AND(F136>0,F136>D136),F136-D136,0) -> 2.3103744 | H136: =SIN(RADIANS($B$123))*SIN(LAT)+COS(RADIANS($B$123))*COS(LAT)*COS(B136) -> 0.0081408145 | I136: =ACOS(H136) -> 1.5626554 | J136: =SIN(RADIANS($B$123))*SIN(LAT)*COS($C$5)-SIN(RADIANS($B$123))*COS(LAT)*SIN($C$5)*COS($C$6)+COS(RADIANS($B$123))*COS(LAT)*COS($C$5)*COS(B136)+COS(RADIANS($B$123))*SIN(LAT)*SIN($C$5)*COS($C$6)*COS(B136)+COS(RADIANS($B$123))*SIN($C$6)*SIN(B136)*SIN($C$5) -> -0.18509361 | K136: =ACOS(J136) -> 1.7569634 | L136: =(G136/H136)*MAX(0,J136) -> 0 | M136: =IF(D136=0,0,1+G136/(D136*H136)) -> 134.00984 | N136: =1/H136 -> 122.83783 | O136: =D136*N136/1367 -> 0.19173189 | P136: =IF($M136=0,0,IF(AND($M136>=$E$5,$M136<$E$6),$F$5,IF(AND($M136>=$E$6,$M136<$E$7),$F$6,IF(AND($M136>=$E$7,$M136<$E$8),$F$7,IF(AND($M136>=$E$8,$M136<$E$9),$F$8,IF(AND($M136>=$E$9,$M136<$E$10),$F$9,IF(AND($M136>=$E$10,$M136<$E$11),$F$10,IF(AND($M136>=$E$11,$M136<$E$12),$F$11,IF($M136>=$E$12,$F$12,"error"))))))))) -> 0.421 | Q136: =IF($M136=0,0,IF(AND($M136>=$E$5,$M136<$E$6),$G$5,IF(AND($M136>=$E$6,$M136<$E$7),$G$6,IF(AND($M136>=$E$7,$M136<$E$8),$G$7,IF(AND($M136>=$E$8,$M136<$E$9),$G$8,IF(AND($M136>=$E$9,$M136<$E$10),$G$9,IF(AND($M136>=$E$10,$M136<$E$11),$G$10,IF(AND($M136>=$E$11,$M136<$E$12),$G$11,IF($M136>=$E$12,$G$12,"error"))))))))) -> -0.661 | R136: =IF($M136=0,0,IF(AND($M136>=$E$5,$M136<$E$6),$H$5,IF(AND($M136>=$E$6,$M136<$E$7),$H$6,IF(AND($M136>=$E$7,$M136<$E$8),$H$7,IF(AND($M136>=$E$8,$M136<$E$9),$H$8,IF(AND($M136>=$E$9,$M136<$E$10),$H$9,IF(AND($M136>=$E$10,$M136<$E$11),$H$10,IF(AND($M136>=$E$11,$M136<$E$12),$H$11,IF($M136>=$E$12,$H$12,"error"))))))))) -> 0.097 | S136: =IF($M136=0,0,IF(AND($M136>=$E$5,$M136<$E$6),$I$5,IF(AND($M136>=$E$6,$M136<$E$7),$I$6,IF(AND($M136>=$E$7,$M136<$E$8),$I$7,IF(AND($M136>=$E$8,$M136<$E$9),$I$8,IF(AND($M136>=$E$9,$M136<$E$10),$I$9,IF(AND($M136>=$E$10,$M136<$E$11),$I$10,IF(AND($M136>=$E$11,$M136<$E$12),$I$11,IF($M136>=$E$12,$I$12,"error"))))))))) -> 0.119 | T136: =IF($M136=0,0,IF(AND($M136>=$E$5,$M136<$E$6),$J$5,IF(AND($M136>=$E$6,$M136<$E$7),$J$6,IF(AND($M136>=$E$7,$M136<$E$8),$J$7,IF(AND($M136>=$E$8,$M136<$E$9),$J$8,IF(AND($M136>=$E$9,$M136<$E$10),$J$9,IF(AND($M136>=$E$10,$M136<$E$11),$J$10,IF(AND($M136>=$E$11,$M136<$E$12),$J$11,IF($M136>=$E$12,$J$12,"error"))))))))) -> -2.125 | U136: =IF($M136=0,0,IF(AND($M136>=$E$5,$M136<$E$6),$K$5,IF(AND($M136>=$E$6,$M136<$E$7),$K$6,IF(AND($M136>=$E$7,$M136<$E$8),$K$7,IF(AND($M136>=$E$8,$M136<$E$9),$K$8,IF(AND($M136>=$E$9,$M136<$E$10),$K$9,IF(AND($M136>=$E$10,$M136<$E$11),$K$10,IF(AND($M136>=$E$11,$M136<$E$12),$K$11,IF($M136>=$E$12,$K$12,"error"))))))))) -> 0.446 | V136: =P136+Q136*O136+R136*I136 -> 0.4458428 | W136: =S136+T136*O136+U136*I136 -> 0.40851406 | X136: =D136*V136*MAX(0,J136)/H136 -> 0 | Y136: =D136*(0.5*(1+COS($C$5))*(1-V136)+W136*SIN(ABS($C$5))) -> 1.6310257 | Z136: =X136+Y136 -> 1.6310257 | AA136: =IF(F136>0,F136*$B$7*(1-COS($C$5))/2,0) -> 0.25659199 | AB136: =L136+Z136+AA136 -> 1.8876177 | AC136: =L136+X136 -> 0
...

Sheet Tabla_FS
A1: * COEFICIENTES TABLAS PARA CÁLCULO DE SOMBRAS | O1: Irradiación interceptable (% Ga):
O2: Total | P2: A | Q2: B | R2: C | S2: D
B3: Alfa (º)= | C3: =Gdm!B9 -> 0 | F3: =Gdm!B5 -> Madrid | H3: Alfa (º)= | I3: =$C3 -> 0 | O3: =SUM(P3:S3) -> 81.923746 | P3: =SUM(C6:C19) -> 27.130566 | Q3: =SUM(D6:D19) -> 14.721304 | R3: =SUM(E6:E19) -> 15.108706 | S3: =SUM(F6:F19) -> 24.96317
B4: Beta (º)= | C4: =Gdm!B8 -> 65 | D4: Pesos energéticos (% Ga) | H4: Beta (º)= | I4: =$C4 -> 65 | J4: Irradiación perdida (kWh/m2) | O4: Irradiación interceptable anual (kWh/m2):
C5: =Q5 -> A | D5: =R5 -> B | E5: =S5 -> C | F5: =T5 -> D | I5: =$C5 -> A | J5: =D26 -> B | K5: =E26 -> C | L5: =F26 -> D | O5: Hora solar (h) | Q5: A | R5: B | S5: C | T5: D
B6: =P6 -> 13 | C6: =100*Q6/$C$20 -> 0 | D6: =100*R6/$C$20 -> 0 | E6: =100*S6/$C$20 -> 0 | F6: =100*T6/$C$20 -> 0 | H6: =$B6 -> 13 | I6: =C6*C27 -> 0 | J6: =D6*D27 -> 0 | K6: =E6*E27 -> 0 | L6: =F6*F27 -> 0 | O6: -6.5 | P6: 13 | Q6: =($E$50*H52+$E$51*I52+$E$52*Q52+$E$53*R52+$E$54*S52)/1000 -> 0 | R6: =($E$55*I52+$E$56*J52+$E$57*P52+$E$58*Q52)/1000 -> 0 | S6: =($E$59*J52+$E$60*K52+$E$61*O52+$E$62*P52)/1000 -> 0 | T6: =($E$63*K52+$E$64*L52+$E$65*M52+$E$66*N52+$E$67*O52)/1000 -> 0
B7: =P7 -> 11 | C7: =100*Q7/$C$20 -> 0 | D7: =100*R7/$C$20 -> 0.091703456 | E7: =100*S7/$C$20 -> 0.11486539 | F7: =100*T7/$C$20 -> 0.021968721 | H7: =$B7 -> 11 | I7: =C7*C28 -> 0 | J7: =D7*D28 -> 0 | K7: =E7*E28 -> 0 | L7: =F7*F28 -> 0 | O7: -5.5 | P7: 11 | Q7: =($E$50*H53+$E$51*I53+$E$52*Q53+$E$53*R53+$E$54*S53)/1000 -> 0 | R7: =($E$55*I53+$E$56*J53+$E$57*P53+$E$58*Q53)/1000 -> 1.8331909 | S7: =($E$59*J53+$E$60*K53+$E$61*O53+$E$62*P53)/1000 -> 2.2962077 | T7: =($E$63*K53+$E$64*L53+$E$65*M53+$E$66*N53+$E$67*O53)/1000 -> 0.43916403
B8: =P8 -> 9 | C8: =100*Q8/$C$20 -> 1.1082798 | D8: =100*R8/$C$20 -> 0.5792854 | E8: =100*S8/$C$20 -> 0.55750313 | F8: =100*T8/$C$20 -> 0.78536217 | H8: =$B8 -> 9 | I8: =C8*C29 -> 0 | J8: =D8*D29 -> 0 | K8: =E8*E29 -> 0 | L8: =F8*F29 -> 0 | O8: -4.5 | P8: 9 | Q8: =($E$50*H54+$E$51*I54+$E$52*Q54+$E$53*R54+$E$54*S54)/1000 -> 22.154982 | R8: =($E$55*I54+$E$56*J54+$E$57*P54+$E$58*Q54)/1000 -> 11.58016 | S8: =($E$59*J54+$E$60*K54+$E$61*O54+$E$62*P54)/1000 -> 11.144723 | T8: =($E$63*K54+$E$64*L54+$E$65*M54+$E$66*N54+$E$67*O54)/1000 -> 15.699722
B9: =P9 -> 7 | C9: =100*Q9/$C$20 -> 1.9491766 | D9: =100*R9/$C$20 -> 1.0572401 | E9: =100*S9/$C$20 -> 1.0738056 | F9: =100*T9/$C$20 -> 1.7515492 | H9: =$B9 -> 7 | I9: =C9*C30 -> 0 | J9: =D9*D30 -> 0 | K9: =E9*E30 -> 0 | L9: =F9*F30 -> 0 | O9: -3.5 | P9: 7 | Q9: =($E$50*H55+$E$51*I55+$E$52*Q55+$E$53*R55+$E$54*S55)/1000 -> 38.964864 | R9: =($E$55*I55+$E$56*J55+$E$57*P55+$E$58*Q55)/1000 -> 21.134677 | S9: =($E$59*J55+$E$60*K55+$E$61*O55+$E$62*P55)/1000 -> 21.465829 | T9: =($E$63*K55+$E$64*L55+$E$65*M55+$E$66*N55+$E$67*O55)/1000 -> 35.01421
B10: =P10 -> 5 | C10: =100*Q10/$C$20 -> 2.8561266 | D10: =100*R10/$C$20 -> 1.5421035 | E10: =100*S10/$C$20 -> 1.5871492 | F10: =100*T10/$C$20 -> 2.6780363 | H10: =$B10 -> 5 | I10: =C10*C31 -> 0.71403165 | J10: =D10*D31 -> 0 | K10: =E10*E31 -> 0 | L10: =F10*F31 -> 0 | O10: -2.5 | P10: 5 | Q10: =($E$50*H56+$E$51*I56+$E$52*Q56+$E$53*R56+$E$54*S56)/1000 -> 57.095178 | R10: =($E$55*I56+$E$56*J56+$E$57*P56+$E$58*Q56)/1000 -> 30.827301 | S10: =($E$59*J56+$E$60*K56+$E$61*O56+$E$62*P56)/1000 -> 31.727783 | T10: =($E$63*K56+$E$64*L56+$E$65*M56+$E$66*N56+$E$67*O56)/1000 -> 53.535079
B11: =P11 -> 3 | C11: =100*Q11/$C$20 -> 3.6123873 | D11: =100*R11/$C$20 -> 1.9349426 | E11: =100*S11/$C$20 -> 1.9961006 | F11: =100*T11/$C$20 -> 3.4108614 | H11: =$B11 -> 3 | I11: =C11*C32 -> 0 | J11: =D11*D32 -> 0 | K11: =E11*E32 -> 0 | L11: =F11*F32 -> 0 | O11: -1.5 | P11: 3 | Q11: =($E$50*H57+$E$51*I57+$E$52*Q57+$E$53*R57+$E$54*S57)/1000 -> 72.213149 | R11: =($E$55*I57+$E$56*J57+$E$57*P57+$E$58*Q57)/1000 -> 38.680322 | S11: =($E$59*J57+$E$60*K57+$E$61*O57+$E$62*P57)/1000 -> 39.902895 | T11: =($E$63*K57+$E$64*L57+$E$65*M57+$E$66*N57+$E$67*O57)/1000 -> 68.184563
B12: =P12 -> 1 | C12: =100*Q12/$C$20 -> 4.0393127 | D12: =100*R12/$C$20 -> 2.1553769 | E12: =100*S12/$C$20 -> 2.2249292 | F12: =100*T12/$C$20 -> 3.833807 | H12: =$B12 -> 1 | I12: =C12*C33 -> 0 | J12: =D12*D33 -> 0 | K12: =E12*E33 -> 0 | L12: =F12*F33 -> 0 | O12: -0.5 | P12: 1 | Q12: =($E$50*H58+$E$51*I58+$E$52*Q58+$E$53*R58+$E$54*S58)/1000 -> 80.747569 | R12: =($E$55*I58+$E$56*J58+$E$57*P58+$E$58*Q58)/1000 -> 43.086896 | S12: =($E$59*J58+$E$60*K58+$E$61*O58+$E$62*P58)/1000 -> 44.477277 | T12: =($E$63*K58+$E$64*L58+$E$65*M58+$E$66*N58+$E$67*O58)/1000 -> 76.639423
B13: =P13 -> 2 | C13: =100*Q13/$C$20 -> 4.0393127 | D13: =100*R13/$C$20 -> 2.1553769 | E13: =100*S13/$C$20 -> 2.2249292 | F13: =100*T13/$C$20 -> 3.833807 | H13: =$B13 -> 2 | I13: =C13*C34 -> 0 | J13: =D13*D34 -> 0 | K13: =E13*E34 -> 0 | L13: =F13*F34 -> 0 | O13: 0.5 | P13: 2 | Q13: =($E$50*H59+$E$51*I59+$E$52*Q59+$E$53*R59+$E$54*S59)/1000 -> 80.747569 | R13: =($E$55*I59+$E$56*J59+$E$57*P59+$E$58*Q59)/1000 -> 43.086896 | S13: =($E$59*J59+$E$60*K59+$E$61*O59+$E$62*P59)/1000 -> 44.477277 | T13: =($E$63*K59+$E$64*L59+$E$65*M59+$E$66*N59+$E$67*O59)/1000 -> 76.639423
B14: =P14 -> 4 | C14: =100*Q14/$C$20 -> 3.6123873 | D14: =100*R14/$C$20 -> 1.9349426 | E14: =100*S14/$C$20 -> 1.9961006 | F14: =100*T14/$C$20 -> 3.4108614 | H14: =$B14 -> 4 | I14: =C14*C35 -> 0 | J14: =D14*D35 -> 0 | K14: =E14*E35 -> 0 | L14: =F14*F35 -> 0 | O14: 1.5 | P14: 4 | Q14: =($E$50*H60+$E$51*I60+$E$52*Q60+$E$53*R60+$E$54*S60)/1000 -> 72.213149 | R14: =($E$55*I60+$E$56*J60+$E$57*P60+$E$58*Q60)/1000 -> 38.680322 | S14: =($E$59*J60+$E$60*K60+$E$61*O60+$E$62*P60)/1000 -> 39.902895 | T14: =($E$63*K60+$E$64*L60+$E$65*M60+$E$66*N60+$E$67*O60)/1000 -> 68.184563
B15: =P15 -> 6 | C15: =100*Q15/$C$20 -> 2.8561266 | D15: =100*R15/$C$20 -> 1.5421035 | E15: =100*S15/$C$20 -> 1.5871492 | F15: =100*T15/$C$20 -> 2.6780363 | H15: =$B15 -> 6 | I15: =C15*C36 -> 0 | J15: =D15*D36 -> 0 | K15: =E15*E36 -> 0 | L15: =F15*F36 -> 0 | O15: 2.5 | P15: 6 | Q15: =($E$50*H61+$E$51*I61+$E$52*Q61+$E$53*R61+$E$54*S61)/1000 -> 57.095178 | R15: =($E$55*I61+$E$56*J61+$E$57*P61+$E$58*Q61)/1000 -> 30.827301 | S15: =($E$59*J61+$E$60*K61+$E$61*O61+$E$62*P61)/1000 -> 31.727783 | T15: =($E$63*K61+$E$64*L61+$E$65*M61+$E$66*N61+$E$67*O61)/1000 -> 53.535079
B16: =P16 -> 8 | C16: =100*Q16/$C$20 -> 1.9491766 | D16: =100*R16/$C$20 -> 1.0572401 | E16: =100*S16/$C$20 -> 1.0738056 | F16: =100*T16/$C$20 -> 1.7515492 | H16: =$B16 -> 8 | I16: =C16*C37 -> 0 | J16: =D16*D37 -> 0 | K16: =E16*E37 -> 0 | L16: =F16*F37 -> 0 | O16: 3.5 | P16: 8 | Q16: =($E$50*H62+$E$51*I62+$E$52*Q62+$E$53*R62+$E$54*S62)/1000 -> 38.964864 | R16: =($E$55*I62+$E$56*J62+$E$57*P62+$E$58*Q62)/1000 -> 21.134677 | S16: =($E$59*J62+$E$60*K62+$E$61*O62+$E$62*P62)/1000 -> 21.465829 | T16: =($E$63*K62+$E$64*L62+$E$65*M62+$E$66*N62+$E$67*O62)/1000 -> 35.01421
B17: =P17 -> 10 | C17: =100*Q17/$C$20 -> 1.1082798 | D17: =100*R17/$C$20 -> 0.5792854 | E17: =100*S17/$C$20 -> 0.55750313 | F17: =100*T17/$C$20 -> 0.78536217 | H17: =$B17 -> 10 | I17: =C17*C38 -> 0 | J17: =D17*D38 -> 0 | K17: =E17*E38 -> 0 | L17: =F17*F38 -> 0 | O17: 4.5 | P17: 10 | Q17: =($E$50*H63+$E$51*I63+$E$52*Q63+$E$53*R63+$E$54*S63)/1000 -> 22.154982 | R17: =($E$55*I63+$E$56*J63+$E$57*P63+$E$58*Q63)/1000 -> 11.58016 | S17: =($E$59*J63+$E$60*K63+$E$61*O63+$E$62*P63)/1000 -> 11.144723 | T17: =($E$63*K63+$E$64*L63+$E$65*M63+$E$66*N63+$E$67*O63)/1000 -> 15.699722
... B19: =P19 -> 14 | C19: =100*Q19/$C$20 -> 0 | D19: =100*R19/$C$20 -> 0 | E19: =100*S19/$C$20 -> 0 | F19: =100*T19/$C$20 -> 0 | H19: =$B19 -> 14 | I19: =C19*C40 -> 0 | J19: =D19*D40 -> 0 | K19: =E19*E40 -> 0 | L19: =F19*F40 -> 0 | O19: 6.5 | P19: 14 | Q19: =($E$50*H65+$E$51*I65+$E$52*Q65+$E$53*R65+$E$54*S65)/1000 -> 0 | R19: =($E$55*I65+$E$56*J65+$E$57*P65+$E$58*Q65)/1000 -> 0 | S19: =($E$59*J65+$E$60*K65+$E$61*O65+$E$62*P65)/1000 -> 0 | T19: =($E$63*K65+$E$64*L65+$E$65*M65+$E$66*N65+$E$67*O65)/1000 -> 0
B20: Ga (kWh/m2)= | C20: =H69 -> 1999.0423 | H20: FS (% Ga)= | I20: =SUM(I6:L19) -> 0.71403165 | J20: Ga,perdida (kWh/m2)= | K20: =I20/100*C20 -> 14.273795 | O20: Ga,interc (kWh/m2): | P20: =SUM(Q20:T20) -> 1637.6903 | Q20: =SUM(Q6:Q19) -> 542.35148 | R20: =SUM(R6:R19) -> 294.28509 | S20: =SUM(S6:S19) -> 302.02943 | T20: =SUM(T6:T19) -> 499.02432
P21: Total
B24: Alfa (º)= | C24: =$C3 -> 0
B25: Beta (º)= | C25: =$C4 -> 65 | D25: Factor de cobertura [0 -1]
C26: =$C5 -> A | D26: =D5 -> B | E26: =E5 -> C | F26: =F5 -> D
B27: =$B6 -> 13 | C27: 0 | D27: 0 | E27: 0 | F27: 0
B28: =$B7 -> 11 | C28: 0 | D28: 0 | E28: 0 | F28: 0
B29: =$B8 -> 9 | C29: 0 | D29: 0 | E29: 0 | F29: 0
B30: =$B9 -> 7 | C30: 0 | D30: 0 | E30: 0 | F30: 0
B31: =$B10 -> 5 | C31: 0.25 | D31: 0 | E31: 0 | F31: 0
B32: =$B11 -> 3 | C32: 0 | D32: 0 | E32: 0 | F32: 0
B33: =$B12 -> 1 | C33: 0 | D33: 0 | E33: 0 | F33: 0
B34: =$B13 -> 2 | C34: 0 | D34: 0 | E34: 0 | F34: 0
B35: =$B14 -> 4 | C35: 0 | D35: 0 | E35: 0 | F35: 0
B36: =$B15 -> 6 | C36: 0 | D36: 0 | E36: 0 | F36: 0
B37: =$B16 -> 8 | C37: 0 | D37: 0 | E37: 0 | F37: 0
B38: =$B17 -> 10 | C38: 0 | D38: 0 | E38: 0 | F38: 0
... B40: =$B19 -> 14 | C40: 0 | D40: 0 | E40: 0 | F40: 0
A48: Cálculo detallado de coeficientes:
A49: Zona | B49: Mes | C49: dn,inicial | D49: dn,final | E49: Nº días | G49: Viene de Ghm, irradiación interceptada por obstáculo:
A50: A | B50: 1 | C50: 1 | D50: 31 | E50: =D50-C50+1 -> 31 | H50: =Ghm!N2 -> Mes
B51: 2 | C51: 32 | D51: 51 | E51: =D51-C51+1 -> 20 | G51: =Ghm!M3 -> W (h) | H51: =Ghm!N3 -> 1 | I51: =Ghm!O3 -> 2 | J51: =Ghm!P3 -> 3 | K51: =Ghm!Q3 -> 4 | L51: =Ghm!R3 -> 5 | M51: =Ghm!S3 -> 6 | N51: =Ghm!T3 -> 7 | ... S51: =Ghm!Y3 -> 12
B52: 10 | C52: 294 | D52: 304 | E52: =D52-C52+1 -> 11 | G52: =Ghm!M4 -> -6.5 | H52: =Ghm!N4 -> 0 | I52: =Ghm!O4 -> 0 | J52: =Ghm!P4 -> 0 | K52: =Ghm!Q4 -> 0 | L52: =Ghm!R4 -> 0 | M52: =Ghm!S4 -> 0 | N52: =Ghm!T4 -> 0 | ... S52: =Ghm!Y4 -> 0
B53: 11 | C53: 305 | D53: 334 | E53: =D53-C53+1 -> 30 | G53: =Ghm!M5 -> -5.5 | H53: =Ghm!N5 -> 0 | I53: =Ghm!O5 -> 0 | J53: =Ghm!P5 -> 61.244346 | K53: =Ghm!Q5 -> 23.04669 | L53: =Ghm!R5 -> 0 | M53: =Ghm!S5 -> 0 | N53: =Ghm!T5 -> 0 | ... S53: =Ghm!Y5 -> 0
B54: 12 | C54: 335 | D54: 365 | E54: =D54-C54+1 -> 31 | G54: =Ghm!M6 -> -4.5 | H54: =Ghm!N6 -> 184.16077 | I54: =Ghm!O6 -> 200.86631 | J54: =Ghm!P6 -> 196.77258 | K54: =Ghm!Q6 -> 153.58761 | L54: =Ghm!R6 -> 114.37025 | M54: =Ghm!S6 -> 109.76035 | N54: =Ghm!T6 -> 132.07497 | ... S54: =Ghm!Y6 -> 157.03422
A55: B | B55: 2 | C55: 52 | D55: 59 | E55: =D55-C55+1 -> 8 | G55: =Ghm!M7 -> -3.5 | H55: =Ghm!N7 -> 321.00088 | I55: =Ghm!O7 -> 354.0739 | J55: =Ghm!P7 -> 362.93627 | K55: =Ghm!Q7 -> 305.749 | L55: =Ghm!R7 -> 255.85001 | M55: =Ghm!S7 -> 267.33577 | N55: =Ghm!T7 -> 303.68535 | ... S55: =Ghm!Y7 -> 276.54901
B56: 3 | C56: 60 | D56: 81 | E56: =D56-C56+1 -> 22 | G56: =Ghm!M8 -> -2.5 | H56: =Ghm!N8 -> 470.02624 | I56: =Ghm!O8 -> 515.32492 | J56: =Ghm!P8 -> 528.89031 | K56: =Ghm!Q8 -> 455.55101 | L56: =Ghm!R8 -> 393.01403 | M56: =Ghm!S8 -> 415.9512 | N56: =Ghm!T8 -> 465.01096 | ... S56: =Ghm!Y8 -> 409.20029
B57: 9 | C57: 265 | D57: 273 | E57: =D57-C57+1 -> 9 | G57: =Ghm!M9 -> -1.5 | H57: =Ghm!N9 -> 594.69268 | I57: =Ghm!O9 -> 647.47247 | J57: =Ghm!P9 -> 663.24479 | K57: =Ghm!Q9 -> 576.33715 | L57: =Ghm!R9 -> 503.14109 | M57: =Ghm!S9 -> 533.55384 | N57: =Ghm!T9 -> 591.46555 | ... S57: =Ghm!Y9 -> 521.87292
B58: 10 | C58: 274 | D58: 293 | E58: =D58-C58+1 -> 20 | G58: =Ghm!M10 -> -0.5 | H58: =Ghm!N10 -> 665.09523 | I58: =Ghm!O10 -> 721.82582 | J58: =Ghm!P10 -> 738.56769 | K58: =Ghm!Q10 -> 644.219 | L58: =Ghm!R10 -> 565.37888 | M58: =Ghm!S10 -> 599.56918 | N58: =Ghm!T10 -> 669.86532 | ... S58: =Ghm!Y10 -> 585.70262
A59: C | B59: 3 | C59: 82 | D59: 90 | E59: =D59-C59+1 -> 9 | G59: =Ghm!M11 -> 0.5 | H59: =Ghm!N11 -> 665.09523 | I59: =Ghm!O11 -> 721.82582 | J59: =Ghm!P11 -> 738.56769 | K59: =Ghm!Q11 -> 644.219 | L59: =Ghm!R11 -> 565.37888 | M59: =Ghm!S11 -> 599.56918 | N59: =Ghm!T11 -> 669.86532 | ... S59: =Ghm!Y11 -> 585.70262
B60: 4 | C60: 91 | D60: 111 | E60: =D60-C60+1 -> 21 | G60: =Ghm!M12 -> 1.5 | H60: =Ghm!N12 -> 594.69268 | I60: =Ghm!O12 -> 647.47247 | J60: =Ghm!P12 -> 663.24479 | K60: =Ghm!Q12 -> 576.33715 | L60: =Ghm!R12 -> 503.14109 | M60: =Ghm!S12 -> 533.55384 | N60: =Ghm!T12 -> 591.46555 | ... S60: =Ghm!Y12 -> 521.87292
B61: 8 | C61: 233 | D61: 243 | E61: =D61-C61+1 -> 11 | G61: =Ghm!M13 -> 2.5 | H61: =Ghm!N13 -> 470.02624 | I61: =Ghm!O13 -> 515.32492 | J61: =Ghm!P13 -> 528.89031 | K61: =Ghm!Q13 -> 455.55101 | L61: =Ghm!R13 -> 393.01403 | M61: =Ghm!S13 -> 415.9512 | N61: =Ghm!T13 -> 465.01096 | ... S61: =Ghm!Y13 -> 409.20029
B62: 9 | C62: 244 | D62: 264 | E62: =D62-C62+1 -> 21 | G62: =Ghm!M14 -> 3.5 | H62: =Ghm!N14 -> 321.00088 | I62: =Ghm!O14 -> 354.0739 | J62: =Ghm!P14 -> 362.93627 | K62: =Ghm!Q14 -> 305.749 | L62: =Ghm!R14 -> 255.85001 | M62: =Ghm!S14 -> 267.33577 | N62: =Ghm!T14 -> 303.68535 | ... S62: =Ghm!Y14 -> 276.54901
A63: D | B63: 4 | C63: 112 | D63: 120 | E63: =D63-C63+1 -> 9 | G63: =Ghm!M15 -> 4.5 | H63: =Ghm!N15 -> 184.16077 | I63: =Ghm!O15 -> 200.86631 | J63: =Ghm!P15 -> 196.77258 | K63: =Ghm!Q15 -> 153.58761 | L63: =Ghm!R15 -> 114.37025 | M63: =Ghm!S15 -> 109.76035 | N63: =Ghm!T15 -> 132.07497 | ... S63: =Ghm!Y15 -> 157.03422
B64: 5 | C64: 121 | D64: 151 | E64: =D64-C64+1 -> 31 | G64: =Ghm!M16 -> 5.5 | H64: =Ghm!N16 -> 0 | I64: =Ghm!O16 -> 0 | J64: =Ghm!P16 -> 61.244346 | K64: =Ghm!Q16 -> 23.04669 | L64: =Ghm!R16 -> 0 | M64: =Ghm!S16 -> 0 | N64: =Ghm!T16 -> 0 | ... S64: =Ghm!Y16 -> 0
B65: 6 | C65: 152 | D65: 181 | E65: =D65-C65+1 -> 30 | G65: =Ghm!M17 -> 6.5 | H65: =Ghm!N17 -> 0 | I65: =Ghm!O17 -> 0 | J65: =Ghm!P17 -> 0 | K65: =Ghm!Q17 -> 0 | L65: =Ghm!R17 -> 0 | M65: =Ghm!S17 -> 0 | N65: =Ghm!T17 -> 0 | ... S65: =Ghm!Y17 -> 0
B66: 7 | C66: 182 | D66: 212 | E66: =D66-C66+1 -> 31 | H66: =SUM(H52:H65) -> 4469.9516 | I66: =SUM(I52:I65) -> 4879.1268 | J66: =SUM(J52:J65) -> 5103.312 | K66: =SUM(K52:K65) -> 4316.9809 | L66: =SUM(L52:L65) -> 3663.5085 | M66: =SUM(M52:M65) -> 3852.3407 | N66: =SUM(N52:N65) -> 4324.2043 | O66: =SUM(O52:O65) -> 4849.1088 | ... S66: =SUM(S52:S65) -> 3900.7181
B67: 8 | C67: 213 | D67: 232 | E67: =D67-C67+1 -> 20
E68: =SUM(E50:E67) -> 365 | G68: Ga_interceptable (kWh/m2): | H68: =(31*H66+28*I66+31*J66+30*K66+31*L66+30*M66+31*N66+31*O66+30*P66+31*Q66+30*R66+31*S66)/1000 -> 1637.6903 | I68: =H68/H69 -> 0.81923746
G69: Ga_sin sombras (kWh/m2): | H69: =Gdm!S30 -> 1999.0423
A70: Nº días/zona: | B70: A | C70: =SUM(E50:E54) -> 123
B71: B | C71: =SUM(E55:E58) -> 59
B72: C | C72: =SUM(E59:E62) -> 62
B73: D | C73: =SUM(E63:E67) -> 121
B74: A+B | C74: =C70+C71 -> 182
B75: C+D | C75: =C72+C73 -> 183

Sheet TraySol
A1: * DIAGRAMA DE TRAYECTORIAS DEL SOL (Permite representar día adicional cualquiera) | AH1: 1 | AK1: 17 | AM1: 7 | AN1: 198
AH2: 2 | AK2: 46 | AM2: 8 | AN2: 228
C3: SOLSTICIO DE JUNIO | I3: EQUINOCIO DE SEPTIEMBRE | O3: SOLSTICIO DE DICIEMBRE | R3: Día, dn= | S3: 37
C4: (rad) | F4: (º) | G4: (rad) | L4: (º) | M4: (rad) | O4: (º) | P4: (rad) | R4: (º) | S4: (rad)
A5: Declinación (º) = | B5: 23.45 | C5: =RADIANS(B5) -> 0.40927971 | F5: =B5/2 -> 11.725 | G5: =RADIANS(F5) -> 0.20463985 | I5: 0 | J5: =RADIANS(I5) -> 0 | L5: =-F5 -> -11.725 | M5: =RADIANS(L5) -> -0.20463985 | O5: =-B5 -> -23.45 | P5: =RADIANS(O5) -> -0.40927971 | R5: =IF(S3<>"",23.45*SIN(RADIANS(360*(S3+284)/365)),"") -> -16.111387 | S5: =RADIANS(R5) -> -0.28119676
A6: Latitud (º) = | B6: =Gdm!B7 -> 40.45 | C6: =RADIANS(B6) -> 0.70598568
D7: SJUN | J7: ESEP | P7: SDIC | W7: gS (º)
D8: Elevación | E8: Acimut | W8: =A10 -> -179.999 | X8: =A25 -> -165 | Y8: =A40 -> -150 | Z8: =A55 -> -135 | AA8: =A70 -> -120 | AB8: =A85 -> -105 | AC8: =A100 -> -90 | AD8: =A115 -> -75 | AE8: =A130 -> -60 | AF8: =A145 -> -45 | AG8: =A160 -> -30 | AH8: =A175 -> -15 | AI8: =A191 -> 0.001 | AJ8: =A206 -> 15 | AK8: =A221 -> 30 | AL8: =A236 -> 45 | AM8: =A251 -> 60 | AN8: =A266 -> 75 | AO8: =A281 -> 90 | AP8: =A296 -> 105 | AQ8: =A326 -> 135 | AR8: =A341 -> 150 | AS8: =A371 -> 179.999 | AT8: =A386 -> 0 | AU8: =A401 -> 0
A9: w (º) | B9: w (rad) | C9: JZS (º) | D9: gS (º) | E9: yS (º) | F9: JZS (º) | G9: gS (º) | H9: yS (º) | I9: JZS (º) | J9: gS (º) | K9: yS (º) | L9: JZS (º) | M9: gS (º) | N9: yS (º) | O9: JZS (º) | P9: gS (º) | Q9: yS (º) | R9: JZS (º) | S9: gS (º) | T9: yS (º) | V9: yS (º) | W9: w = -12 | X9: w = -11 | Y9: w = -10 | Z9: w = -9 | AA9: w = -8 | AB9: w = -7 | AC9: w = -6 | AD9: w = -5 | AE9: w = -4 | AF9: w = -3 | AG9: w = -2 | AH9: w = -1 | AI9: w = 0 | AJ9: w = 1 | AK9: w = 2 | AL9: w = 3 | AM9: w = 4 | AN9: w = 5 | AO9: w = 6 | AP9: w = 7 | AQ9: w = 8 | AR9: w = 9 | AS9: w = 10 | AT9: w = 11 | AU9: w = 12
A10: -179.999 | B10: =RADIANS(A10) -> -3.1415752 | C10: =DEGREES(ACOS(SIN(C$5)*SIN($C$6)+COS(C$5)*COS($C$6)*COS($B10))) -> 116.1 | D10: =90-C10 -> -26.1 | E10: =DEGREES(-ACOS((SIN(RADIANS(D10))*SIN($C$6)-SIN(C$5))/(COS(RADIANS(D10))*COS($C$6)))) -> -179.99898 | F10: =DEGREES(ACOS(SIN(G$5)*SIN($C$6)+COS(G$5)*COS($C$6)*COS($B10))) -> 127.825 | G10: =90-F10 -> -37.825 | H10: =DEGREES(-ACOS((SIN(RADIANS(G10))*SIN($C$6)-SIN(G$5))/(COS(RADIANS(G10))*COS($C$6)))) -> -179.99876 | I10: =DEGREES(ACOS(SIN(J$5)*SIN($C$6)+COS(J$5)*COS($C$6)*COS($B10))) -> 139.55 | J10: =90-I10 -> -49.55 | K10: =DEGREES(-ACOS((SIN(RADIANS(J10))*SIN($C$6)-SIN(J$5))/(COS(RADIANS(J10))*COS($C$6)))) -> -179.99846 | L10: =DEGREES(ACOS(SIN(M$5)*SIN($C$6)+COS(M$5)*COS($C$6)*COS($B10))) -> 151.275 | M10: =90-L10 -> -61.275 | N10: =DEGREES(-ACOS((SIN(RADIANS(M10))*SIN($C$6)-SIN(M$5))/(COS(RADIANS(M10))*COS($C$6)))) -> -179.99796 | O10: =DEGREES(ACOS(SIN(P$5)*SIN($C$6)+COS(P$5)*COS($C$6)*COS($B10))) -> 163 | P10: =90-O10 -> -73 | Q10: =DEGREES(-ACOS((SIN(RADIANS(P10))*SIN($C$6)-SIN(P$5))/(COS(RADIANS(P10))*COS($C$6)))) -> -179.99686 | R10: =DEGREES(ACOS(SIN(S$5)*SIN($C$6)+COS(S$5)*COS($C$6)*COS($B10))) -> 155.66139 | S10: =90-R10 -> -65.661387 | T10: =DEGREES(-ACOS((SIN(RADIANS(S10))*SIN($C$6)-SIN(S$5))/(COS(RADIANS(S10))*COS($C$6)))) -> -179.99767 | V10: =E10 -> -179.99898 | W10: =D10 -> -26.1
A11: -179 | B11: =RADIANS(A11) -> -3.1241394 | C11: =DEGREES(ACOS(SIN(C$5)*SIN($C$6)+COS(C$5)*COS($C$6)*COS($B11))) -> 116.09322 | D11: =90-C11 -> -26.093216 | E11: =DEGREES(-ACOS((SIN(RADIANS(D11))*SIN($C$6)-SIN(C$5))/(COS(RADIANS(D11))*COS($C$6)))) -> -178.97848 | F11: =DEGREES(ACOS(SIN(G$5)*SIN($C$6)+COS(G$5)*COS($C$6)*COS($B11))) -> 127.81677 | G11: =90-F11 -> -37.816769 | H11: =DEGREES(-ACOS((SIN(RADIANS(G11))*SIN($C$6)-SIN(G$5))/(COS(RADIANS(G11))*COS($C$6)))) -> -178.76052 | I11: =DEGREES(ACOS(SIN(J$5)*SIN($C$6)+COS(J$5)*COS($C$6)*COS($B11))) -> 139.53977 | J11: =90-I11 -> -49.539766 | K11: =DEGREES(-ACOS((SIN(RADIANS(J11))*SIN($C$6)-SIN(J$5))/(COS(RADIANS(J11))*COS($C$6)))) -> -178.45887 | L11: =DEGREES(ACOS(SIN(M$5)*SIN($C$6)+COS(M$5)*COS($C$6)*COS($B11))) -> 151.26147 | M11: =90-L11 -> -61.261474 | N11: =DEGREES(-ACOS((SIN(RADIANS(M11))*SIN($C$6)-SIN(M$5))/(COS(RADIANS(M11))*COS($C$6)))) -> -177.96326 | O11: =DEGREES(ACOS(SIN(P$5)*SIN($C$6)+COS(P$5)*COS($C$6)*COS($B11))) -> 162.97918 | P11: =90-O11 -> -72.979176 | Q11: =DEGREES(-ACOS((SIN(RADIANS(P11))*SIN($C$6)-SIN(P$5))/(COS(RADIANS(P11))*COS($C$6)))) -> -176.86451 | R11: =DEGREES(ACOS(SIN(S$5)*SIN($C$6)+COS(S$5)*COS($C$6)*COS($B11))) -> 155.64591 | S11: =90-R11 -> -65.645912 | T11: =DEGREES(-ACOS((SIN(RADIANS(S11))*SIN($C$6)-SIN(S$5))/(COS(RADIANS(S11))*COS($C$6)))) -> -177.66974 | V11: =H10 -> -179.99876 | W11: =G10 -> -37.825
A12: -178 | B12: =RADIANS(A12) -> -3.1066861 | C12: =DEGREES(ACOS(SIN(C$5)*SIN($C$6)+COS(C$5)*COS($C$6)*COS($B12))) -> 116.07287 | D12: =90-C12 -> -26.07287 | E12: =DEGREES(-ACOS((SIN(RADIANS(D12))*SIN($C$6)-SIN(C$5))/(COS(RADIANS(D12))*COS($C$6)))) -> -177.95729 | F12: =DEGREES(ACOS(SIN(G$5)*SIN($C$6)+COS(G$5)*COS($C$6)*COS($B12))) -> 127.79208 | G12: =90-F12 -> -37.792084 | H12: =DEGREES(-ACOS((SIN(RADIANS(G12))*SIN($C$6)-SIN(G$5))/(COS(RADIANS(G12))*COS($C$6)))) -> -177.52166 | I12: =DEGREES(ACOS(SIN(J$5)*SIN($C$6)+COS(J$5)*COS($C$6)*COS($B12))) -> 139.50908 | J12: =90-I12 -> -49.509079 | K12: =DEGREES(-ACOS((SIN(RADIANS(J12))*SIN($C$6)-SIN(J$5))/(COS(RADIANS(J12))*COS($C$6)))) -> -176.91903 | L12: =DEGREES(ACOS(SIN(M$5)*SIN($C$6)+COS(M$5)*COS($C$6)*COS($B12))) -> 151.22094 | M12: =90-L12 -> -61.220936 | N12: =DEGREES(-ACOS((SIN(RADIANS(M12))*SIN($C$6)-SIN(M$5))/(COS(RADIANS(M12))*COS($C$6)))) -> -175.92982 | O12: =DEGREES(ACOS(SIN(P$5)*SIN($C$6)+COS(P$5)*COS($C$6)*COS($B12))) -> 162.91686 | P12: =90-O12 -> -72.916856 | Q12: =DEGREES(-ACOS((SIN(RADIANS(P12))*SIN($C$6)-SIN(P$5))/(COS(RADIANS(P12))*COS($C$6)))) -> -173.74285 | R12: =DEGREES(ACOS(SIN(S$5)*SIN($C$6)+COS(S$5)*COS($C$6)*COS($B12))) -> 155.59955 | S12: =90-R12 -> -65.599546 | T12: =DEGREES(-ACOS((SIN(RADIANS(S12))*SIN($C$6)-SIN(S$5))/(COS(RADIANS(S12))*COS($C$6)))) -> -175.34466 | V12: =K10 -> -179.99846 | W12: =J10 -> -49.55
A13: -177 | B13: =RADIANS(A13) -> -3.0892328 | C13: =DEGREES(ACOS(SIN(C$5)*SIN($C$6)+COS(C$5)*COS($C$6)*COS($B13))) -> 116.03897 | D13: =90-C13 -> -26.038973 | E13: =DEGREES(-ACOS((SIN(RADIANS(D13))*SIN($C$6)-SIN(C$5))/(COS(RADIANS(D13))*COS($C$6)))) -> -176.93679 | F13: =DEGREES(ACOS(SIN(G$5)*SIN($C$6)+COS(G$5)*COS($C$6)*COS($B13))) -> 127.75097 | G13: =90-F13 -> -37.750968 | H13: =DEGREES(-ACOS((SIN(RADIANS(G13))*SIN($C$6)-SIN(G$5))/(COS(RADIANS(G13))*COS($C$6)))) -> -176.28406 | I13: =DEGREES(ACOS(SIN(J$5)*SIN($C$6)+COS(J$5)*COS($C$6)*COS($B13))) -> 139.45799 | J13: =90-I13 -> -49.457987 | K13: =DEGREES(-ACOS((SIN(RADIANS(J13))*SIN($C$6)-SIN(J$5))/(COS(RADIANS(J13))*COS($C$6)))) -> -175.38176 | L13: =DEGREES(ACOS(SIN(M$5)*SIN($C$6)+COS(M$5)*COS($C$6)*COS($B13))) -> 151.1535 | M13: =90-L13 -> -61.153501 | N13: =DEGREES(-ACOS((SIN(RADIANS(M13))*SIN($C$6)-SIN(M$5))/(COS(RADIANS(M13))*COS($C$6)))) -> -173.90295 | O13: =DEGREES(ACOS(SIN(P$5)*SIN($C$6)+COS(P$5)*COS($C$6)*COS($B13))) -> 162.8135 | P13: =90-O13 -> -72.813499 | Q13: =DEGREES(-ACOS((SIN(RADIANS(P13))*SIN($C$6)-SIN(P$5))/(COS(RADIANS(P13))*COS($C$6)))) -> -170.64847 | R13: =DEGREES(ACOS(SIN(S$5)*SIN($C$6)+COS(S$5)*COS($C$6)*COS($B13))) -> 155.52247 | S13: =90-R13 -> -65.522468 | T13: =DEGREES(-ACOS((SIN(RADIANS(S13))*SIN($C$6)-SIN(S$5))/(COS(RADIANS(S13))*COS($C$6)))) -> -173.02988 | V13: =N10 -> -179.99796 | W13: =M10 -> -61.275
A14: -176 | B14: =RADIANS(A14) -> -3.0717795 | C14: =DEGREES(ACOS(SIN(C$5)*SIN($C$6)+COS(C$5)*COS($C$6)*COS($B14))) -> 115.99155 | D14: =90-C14 -> -25.99155 | E14: =DEGREES(-ACOS((SIN(RADIANS(D14))*SIN($C$6)-SIN(C$5))/(COS(RADIANS(D14))*COS($C$6)))) -> -175.91732 | F14: =DEGREES(ACOS(SIN(G$5)*SIN($C$6)+COS(G$5)*COS($C$6)*COS($B14))) -> 127.69346 | G14: =90-F14 -> -37.693462 | H14: =DEGREES(-ACOS((SIN(RADIANS(G14))*SIN($C$6)-SIN(G$5))/(COS(RADIANS(G14))*COS($C$6)))) -> -175.04832 | I14: =DEGREES(ACOS(SIN(J$5)*SIN($C$6)+COS(J$5)*COS($C$6)*COS($B14))) -> 139.38657 | J14: =90-I14 -> -49.386569 | K14: =DEGREES(-ACOS((SIN(RADIANS(J14))*SIN($C$6)-SIN(J$5))/(COS(RADIANS(J14))*COS($C$6)))) -> -173.84833 | L14: =DEGREES(ACOS(SIN(M$5)*SIN($C$6)+COS(M$5)*COS($C$6)*COS($B14))) -> 151.05936 | M14: =90-L14 -> -61.059362 | N14: =DEGREES(-ACOS((SIN(RADIANS(M14))*SIN($C$6)-SIN(M$5))/(COS(RADIANS(M14))*COS($C$6)))) -> -171.88584 | O14: =DEGREES(ACOS(SIN(P$5)*SIN($C$6)+COS(P$5)*COS($C$6)*COS($B14))) -> 162.66985 | P14: =90-O14 -> -72.669847 | Q14: =DEGREES(-ACOS((SIN(RADIANS(P14))*SIN($C$6)-SIN(P$5))/(COS(RADIANS(P14))*COS($C$6)))) -> -167.59402 | R14: =DEGREES(ACOS(SIN(S$5)*SIN($C$6)+COS(S$5)*COS($C$6)*COS($B14))) -> 155.41497 | S14: =90-R14 -> -65.414972 | T14: =DEGREES(-ACOS((SIN(RADIANS(S14))*SIN($C$6)-SIN(S$5))/(COS(RADIANS(S14))*COS($C$6)))) -> -170.73034 | V14: =Q10 -> -179.99686 | W14: =P10 -> -73
A15: -175 | B15: =RADIANS(A15) -> -3.0543262 | C15: =DEGREES(ACOS(SIN(C$5)*SIN($C$6)+COS(C$5)*COS($C$6)*COS($B15))) -> 115.93063 | D15: =90-C15 -> -25.930629 | E15: =DEGREES(-ACOS((SIN(RADIANS(D15))*SIN($C$6)-SIN(C$5))/(COS(RADIANS(D15))*COS($C$6)))) -> -174.8992 | F15: =DEGREES(ACOS(SIN(G$5)*SIN($C$6)+COS(G$5)*COS($C$6)*COS($B15))) -> 127.61962 | G15: =90-F15 -> -37.619622 | H15: =DEGREES(-ACOS((SIN(RADIANS(G15))*SIN($C$6)-SIN(G$5))/(COS(RADIANS(G15))*COS($C$6)))) -> -173.81506 | I15: =DEGREES(ACOS(SIN(J$5)*SIN($C$6)+COS(J$5)*COS($C$6)*COS($B15))) -> 139.29494 | J15: =90-I15 -> -49.294936 | K15: =DEGREES(-ACOS((SIN(RADIANS(J15))*SIN($C$6)-SIN(J$5))/(COS(RADIANS(J15))*COS($C$6)))) -> -172.31998 | L15: =DEGREES(ACOS(SIN(M$5)*SIN($C$6)+COS(M$5)*COS($C$6)*COS($B15))) -> 150.93878 | M15: =90-L15 -> -60.938785 | N15: =DEGREES(-ACOS((SIN(RADIANS(M15))*SIN($C$6)-SIN(M$5))/(COS(RADIANS(M15))*COS($C$6)))) -> -169.88156 | O15: =DEGREES(ACOS(SIN(P$5)*SIN($C$6)+COS(P$5)*COS($C$6)*COS($B15))) -> 162.4869 | P15: =90-O15 -> -72.486903 | Q15: =DEGREES(-ACOS((SIN(RADIANS(P15))*SIN($C$6)-SIN(P$5))/(COS(RADIANS(P15))*COS($C$6)))) -> -164.59107 | R15: =DEGREES(ACOS(SIN(S$5)*SIN($C$6)+COS(S$5)*COS($C$6)*COS($B15))) -> 155.27746 | S15: =90-R15 -> -65.277464 | T15: =DEGREES(-ACOS((SIN(RADIANS(S15))*SIN($C$6)-SIN(S$5))/(COS(RADIANS(S15))*COS($C$6)))) -> -168.45077
A16: -174 | B16: =RADIANS(A16) -> -3.0368729 | C16: =DEGREES(ACOS(SIN(C$5)*SIN($C$6)+COS(C$5)*COS($C$6)*COS($B16))) -> 115.85625 | D16: =90-C16 -> -25.856251 | E16: =DEGREES(-ACOS((SIN(RADIANS(D16))*SIN($C$6)-SIN(C$5))/(COS(RADIANS(D16))*COS($C$6)))) -> -173.88277 | F16: =DEGREES(ACOS(SIN(G$5)*SIN($C$6)+COS(G$5)*COS($C$6)*COS($B16))) -> 127.52952 | G16: =90-F16 -> -37.529517 | H16: =DEGREES(-ACOS((SIN(RADIANS(G16))*SIN($C$6)-SIN(G$5))/(COS(RADIANS(G16))*COS($C$6)))) -> -172.58489 | I16: =DEGREES(ACOS(SIN(J$5)*SIN($C$6)+COS(J$5)*COS($C$6)*COS($B16))) -> 139.18323 | J16: =90-I16 -> -49.183227 | K16: =DEGREES(-ACOS((SIN(RADIANS(J16))*SIN($C$6)-SIN(J$5))/(COS(RADIANS(J16))*COS($C$6)))) -> -170.79792 | L16: =DEGREES(ACOS(SIN(M$5)*SIN($C$6)+COS(M$5)*COS($C$6)*COS($B16))) -> 150.7921 | M16: =90-L16 -> -60.792104 | N16: =DEGREES(-ACOS((SIN(RADIANS(M16))*SIN($C$6)-SIN(M$5))/(COS(RADIANS(M16))*COS($C$6)))) -> -167.89307 | O16: =DEGREES(ACOS(SIN(P$5)*SIN($C$6)+COS(P$5)*COS($C$6)*COS($B16))) -> 162.2659 | P16: =90-O16 -> -72.265901 | Q16: =DEGREES(-ACOS((SIN(RADIANS(P16))*SIN($C$6)-SIN(P$5))/(COS(RADIANS(P16))*COS($C$6)))) -> -161.64984 | R16: =DEGREES(ACOS(SIN(S$5)*SIN($C$6)+COS(S$5)*COS($C$6)*COS($B16))) -> 155.11045 | S16: =90-R16 -> -65.110449 | T16: =DEGREES(-ACOS((SIN(RADIANS(S16))*SIN($C$6)-SIN(S$5))/(COS(RADIANS(S16))*COS($C$6)))) -> -166.19561
A17: -173 | B17: =RADIANS(A17) -> -3.0194196 | C17: =DEGREES(ACOS(SIN(C$5)*SIN($C$6)+COS(C$5)*COS($C$6)*COS($B17))) -> 115.76846 | D17: =90-C17 -> -25.768463 | E17: =DEGREES(-ACOS((SIN(RADIANS(D17))*SIN($C$6)-SIN(C$5))/(COS(RADIANS(D17))*COS($C$6)))) -> -172.86836 | F17: =DEGREES(ACOS(SIN(G$5)*SIN($C$6)+COS(G$5)*COS($C$6)*COS($B17))) -> 127.42324 | G17: =90-F17 -> -37.423235 | H17: =DEGREES(-ACOS((SIN(RADIANS(G17))*SIN($C$6)-SIN(G$5))/(COS(RADIANS(G17))*COS($C$6)))) -> -171.35839 | I17: =DEGREES(ACOS(SIN(J$5)*SIN($C$6)+COS(J$5)*COS($C$6)*COS($B17))) -> 139.05161 | J17: =90-I17 -> -49.051612 | K17: =DEGREES(-ACOS((SIN(RADIANS(J17))*SIN($C$6)-SIN(J$5))/(COS(RADIANS(J17))*COS($C$6)))) -> -169.28333 | L17: =DEGREES(ACOS(SIN(M$5)*SIN($C$6)+COS(M$5)*COS($C$6)*COS($B17))) -> 150.61972 | M17: =90-L17 -> -60.619721 | N17: =DEGREES(-ACOS((SIN(RADIANS(M17))*SIN($C$6)-SIN(M$5))/(COS(RADIANS(M17))*COS($C$6)))) -> -165.92312 | O17: =DEGREES(ACOS(SIN(P$5)*SIN($C$6)+COS(P$5)*COS($C$6)*COS($B17))) -> 162.00826 | P17: =90-O17 -> -72.008261 | Q17: =DEGREES(-ACOS((SIN(RADIANS(P17))*SIN($C$6)-SIN(P$5))/(COS(RADIANS(P17))*COS($C$6)))) -> -158.77904 | R17: =DEGREES(ACOS(SIN(S$5)*SIN($C$6)+COS(S$5)*COS($C$6)*COS($B17))) -> 154.91453 | S17: =90-R17 -> -64.914531 | T17: =DEGREES(-ACOS((SIN(RADIANS(S17))*SIN($C$6)-SIN(S$5))/(COS(RADIANS(S17))*COS($C$6)))) -> -163.96894
A18: -172 | B18: =RADIANS(A18) -> -3.0019663 | C18: =DEGREES(ACOS(SIN(C$5)*SIN($C$6)+COS(C$5)*COS($C$6)*COS($B18))) -> 115.66732 | D18: =90-C18 -> -25.667322 | E18: =DEGREES(-ACOS((SIN(RADIANS(D18))*SIN($C$6)-SIN(C$5))/(COS(RADIANS(D18))*COS($C$6)))) -> -171.85629 | F18: =DEGREES(ACOS(SIN(G$5)*SIN($C$6)+COS(G$5)*COS($C$6)*COS($B18))) -> 127.30088 | G18: =90-F18 -> -37.300876 | H18: =DEGREES(-ACOS((SIN(RADIANS(G18))*SIN($C$6)-SIN(G$5))/(COS(RADIANS(G18))*COS($C$6)))) -> -170.13614 | I18: =DEGREES(ACOS(SIN(J$5)*SIN($C$6)+COS(J$5)*COS($C$6)*COS($B18))) -> 138.90029 | J18: =90-I18 -> -48.900288 | K18: =DEGREES(-ACOS((SIN(RADIANS(J18))*SIN($C$6)-SIN(J$5))/(COS(RADIANS(J18))*COS($C$6)))) -> -167.77733 | L18: =DEGREES(ACOS(SIN(M$5)*SIN($C$6)+COS(M$5)*COS($C$6)*COS($B18))) -> 150.42209 | M18: =90-L18 -> -60.422094 | N18: =DEGREES(-ACOS((SIN(RADIANS(M18))*SIN($C$6)-SIN(M$5))/(COS(RADIANS(M18))*COS($C$6)))) -> -163.97431 | O18: =DEGREES(ACOS(SIN(P$5)*SIN($C$6)+COS(P$5)*COS($C$6)*COS($B18))) -> 161.71555 | P18: =90-O18 -> -71.715554 | Q18: =DEGREES(-ACOS((SIN(RADIANS(P18))*SIN($C$6)-SIN(P$5))/(COS(RADIANS(P18))*COS($C$6)))) -> -155.98579 | R18: =DEGREES(ACOS(SIN(S$5)*SIN($C$6)+COS(S$5)*COS($C$6)*COS($B18))) -> 154.69039 | S18: =90-R18 -> -64.690393 | T18: =DEGREES(-ACOS((SIN(RADIANS(S18))*SIN($C$6)-SIN(S$5))/(COS(RADIANS(S18))*COS($C$6)))) -> -161.77449
A19: -171 | B19: =RADIANS(A19) -> -2.984513 | C19: =DEGREES(ACOS(SIN(C$5)*SIN($C$6)+COS(C$5)*COS($C$6)*COS($B19))) -> 115.55289 | D19: =90-C19 -> -25.552892 | E19: =DEGREES(-ACOS((SIN(RADIANS(D19))*SIN($C$6)-SIN(C$5))/(COS(RADIANS(D19))*COS($C$6)))) -> -170.84687 | F19: =DEGREES(ACOS(SIN(G$5)*SIN($C$6)+COS(G$5)*COS($C$6)*COS($B19))) -> 127.16255 | G19: =90-F19 -> -37.162555 | H19: =DEGREES(-ACOS((SIN(RADIANS(G19))*SIN($C$6)-SIN(G$5))/(COS(RADIANS(G19))*COS($C$6)))) -> -168.9187 | I19: =DEGREES(ACOS(SIN(J$5)*SIN($C$6)+COS(J$5)*COS($C$6)*COS($B19))) -> 138.72948 | J19: =90-I19 -> -48.729478 | K19: =DEGREES(-ACOS((SIN(RADIANS(J19))*SIN($C$6)-SIN(J$5))/(COS(RADIANS(J19))*COS($C$6)))) -> -166.281 | L19: =DEGREES(ACOS(SIN(M$5)*SIN($C$6)+COS(M$5)*COS($C$6)*COS($B19))) -> 150.19974 | M19: =90-L19 -> -60.19974 | N19: =DEGREES(-ACOS((SIN(RADIANS(M19))*SIN($C$6)-SIN(M$5))/(COS(RADIANS(M19))*COS($C$6)))) -> -162.049 | O19: =DEGREES(ACOS(SIN(P$5)*SIN($C$6)+COS(P$5)*COS($C$6)*COS($B19))) -> 161.38946 | P19: =90-O19 -> -71.389459 | Q19: =DEGREES(-ACOS((SIN(RADIANS(P19))*SIN($C$6)-SIN(P$5))/(COS(RADIANS(P19))*COS($C$6)))) -> -153.27561 | R19: =DEGREES(ACOS(SIN(S$5)*SIN($C$6)+COS(S$5)*COS($C$6)*COS($B19))) -> 154.43879 | S19: =90-R19 -> -64.438794 | T19: =DEGREES(-ACOS((SIN(RADIANS(S19))*SIN($C$6)-SIN(S$5))/(COS(RADIANS(S19))*COS($C$6)))) -> -159.61555
A20: -170 | B20: =RADIANS(A20) -> -2.9670597 | C20: =DEGREES(ACOS(SIN(C$5)*SIN($C$6)+COS(C$5)*COS($C$6)*COS($B20))) -> 115.42525 | D20: =90-C20 -> -25.425246 | E20: =DEGREES(-ACOS((SIN(RADIANS(D20))*SIN($C$6)-SIN(C$5))/(COS(RADIANS(D20))*COS($C$6)))) -> -169.84043 | F20: =DEGREES(ACOS(SIN(G$5)*SIN($C$6)+COS(G$5)*COS($C$6)*COS($B20))) -> 127.0084 | G20: =90-F20 -> -37.008401 | H20: =DEGREES(-ACOS((SIN(RADIANS(G20))*SIN($C$6)-SIN(G$5))/(COS(RADIANS(G20))*COS($C$6)))) -> -167.70661 | I20: =DEGREES(ACOS(SIN(J$5)*SIN($C$6)+COS(J$5)*COS($C$6)*COS($B20))) -> 138.53943 | J20: =90-I20 -> -48.53943 | K20: =DEGREES(-ACOS((SIN(RADIANS(J20))*SIN($C$6)-SIN(J$5))/(COS(RADIANS(J20))*COS($C$6)))) -> -164.79538 | L20: =DEGREES(ACOS(SIN(M$5)*SIN($C$6)+COS(M$5)*COS($C$6)*COS($B20))) -> 149.95322 | M20: =90-L20 -> -59.953221 | N20: =DEGREES(-ACOS((SIN(RADIANS(M20))*SIN($C$6)-SIN(M$5))/(COS(RADIANS(M20))*COS($C$6)))) -> -160.14934 | O20: =DEGREES(ACOS(SIN(P$5)*SIN($C$6)+COS(P$5)*COS($C$6)*COS($B20))) -> 161.03173 | P20: =90-O20 -> -71.031728 | Q20: =DEGREES(-ACOS((SIN(RADIANS(P20))*SIN($C$6)-SIN(P$5))/(COS(RADIANS(P20))*COS($C$6)))) -> -150.65247 | R20: =DEGREES(ACOS(SIN(S$5)*SIN($C$6)+COS(S$5)*COS($C$6)*COS($B20))) -> 154.16056 | S20: =90-R20 -> -64.160555 | T20: =DEGREES(-ACOS((SIN(RADIANS(S20))*SIN($C$6)-SIN(S$5))/(COS(RADIANS(S20))*COS($C$6)))) -> -157.49501
A21: -169 | B21: =RADIANS(A21) -> -2.9496064 | C21: =DEGREES(ACOS(SIN(C$5)*SIN($C$6)+COS(C$5)*COS($C$6)*COS($B21))) -> 115.28446 | D21: =90-C21 -> -25.284464 | E21: =DEGREES(-ACOS((SIN(RADIANS(D21))*SIN($C$6)-SIN(C$5))/(COS(RADIANS(D21))*COS($C$6)))) -> -168.83725 | F21: =DEGREES(ACOS(SIN(G$5)*SIN($C$6)+COS(G$5)*COS($C$6)*COS($B21))) -> 126.83856 | G21: =90-F21 -> -36.838555 | H21: =DEGREES(-ACOS((SIN(RADIANS(G21))*SIN($C$6)-SIN(G$5))/(COS(RADIANS(G21))*COS($C$6)))) -> -166.50039 | I21: =DEGREES(ACOS(SIN(J$5)*SIN($C$6)+COS(J$5)*COS($C$6)*COS($B21))) -> 138.33042 | J21: =90-I21 -> -48.330416 | K21: =DEGREES(-ACOS((SIN(RADIANS(J21))*SIN($C$6)-SIN(J$5))/(COS(RADIANS(J21))*COS($C$6)))) -> -163.32141 | L21: =DEGREES(ACOS(SIN(M$5)*SIN($C$6)+COS(M$5)*COS($C$6)*COS($B21))) -> 149.68314 | M21: =90-L21 -> -59.683142 | N21: =DEGREES(-ACOS((SIN(RADIANS(M21))*SIN($C$6)-SIN(M$5))/(COS(RADIANS(M21))*COS($C$6)))) -> -158.27725 | O21: =DEGREES(ACOS(SIN(P$5)*SIN($C$6)+COS(P$5)*COS($C$6)*COS($B21))) -> 160.64414 | P21: =90-O21 -> -70.644143 | Q21: =DEGREES(-ACOS((SIN(RADIANS(P21))*SIN($C$6)-SIN(P$5))/(COS(RADIANS(P21))*COS($C$6)))) -> -148.11893 | R21: =DEGREES(ACOS(SIN(S$5)*SIN($C$6)+COS(S$5)*COS($C$6)*COS($B21))) -> 153.85655 | S21: =90-R21 -> -63.856546 | T21: =DEGREES(-ACOS((SIN(RADIANS(S21))*SIN($C$6)-SIN(S$5))/(COS(RADIANS(S21))*COS($C$6)))) -> -155.41529
